listing_id,title,price,price_raw,currency,period,area_m2,address,url,published,seller,snippet,scraped_at,lat,lon,geocode_address,geocode_kind
8293967616,Огромный трафик Павильон 18 м² на Ямашева 49,55000,55 000 ₽ в месяц с НДС,₽,₽/мес.,18,"Пр-т Ямашева, 49, Козья Слобода, 21–30 мин.",https://www.avito.ru/kazan/kommercheskaya_nedvizhimost/ogromnyy_trafik_pavilon_18_m_na_yamasheva_49_8293967616,7 дней назад,,"Павильон 18 м² на Ямашева, 49 — Огромный пешеходный трафик. Сдается павильон 18 м² на придомовой территории. Огромный пешеходный трафик + высокий автомобильный поток. Отличная локация среди жилых домов. Подойдет под магазин, кофе, фастфуд, цветы, табак, продукты, услуги, ремонт и многое другое. Гото",2026-09-29T21:10:10.210Z,55.826129,49.122081,"Россия, Республика Татарстан (Татарстан), Казань, проспект Ямашева, 49",house
8351016720,"Чистые теплые склады, 90-100 м²",700,700 ₽ в месяц за м²,₽,₽/мес. за м²,100,"Пр-т Победы, 206, р-н Советский",https://www.avito.ru/kazan/kommercheskaya_nedvizhimost/chistye_teplye_sklady_90-100_m_8351016720,Вчера,Аренда 206,"Собственник на долгосрок. Бизнес-центр предлагает в аренду помещение площадью — 90-100 кв. М. Описание: Помещения расположены на первом этаже 4-х этажного здания. Полы и стены окрашены, потолок — армстронг, светодиодные светильники. Имеются двое грузовых ворот для подвоза и отгрузки товаров. Широкие",2026-09-29T21:09:44.790Z,55.803115,49.210385,"Россия, Республика Татарстан (Татарстан), Казань, проспект Победы, 206",house
7927959595,"Склад, 212 м²",148000,148 000 ₽ в месяц,₽,₽/мес.,212,"Ул. Лебедева, 1Д, Суконная слобода, от 31 мин.",https://www.avito.ru/kazan/kommercheskaya_nedvizhimost/sklad_212_m_7927959595,13 часов назад,ESG Коммерческая недвижимость,"Аренда Склада. Лот 1139-1. Объект. В аренду предлагается складское помещение, подходящее для складирования, логистики и производственных задач. Формат помещения позволяет эффективно организовать погрузочно-разгрузочные процессы и работу персонала. Характеристики. — Высота потолков — 7 м. — Ворота — ",2026-09-29T21:09:38.883Z,55.753762,49.119251,"Россия, Республика Татарстан (Татарстан), Казань, улица Лебедева, 1Д",house
7768623588,"Склад, где всё организовано",250000,250 000 ₽ в месяц,₽,₽/мес.,,"Оренбургский пр., 207, Проспект Победы, 21–30 мин.",https://www.avito.ru/kazan/kommercheskaya_nedvizhimost/sklad_gde_vse_organizovano_7768623588,12 часов назад,ESG Коммерческая недвижимость,"Аренда Складского Помещения | Казань. Номер: 4145-100. Объект. В аренду предлагается современное торгово-складское помещение в отличном состоянии, расположенное вблизи одной из основных транспортных магистралей города. Возможна аренда с увеличением площади под запрос. Технические Характеристики. - В",2026-09-29T21:09:38.883Z,55.733624,49.185358,"Россия, Республика Татарстан (Татарстан), Казань, Оренбургский проезд, 207",house
8283771806,Офис,60000,60 000 ₽ в месяц с НДС,₽,₽/мес.,78.6,"Ул. Маршала Чуйкова, 2Д, Яшьлек, 16–20 мин.",https://www.avito.ru/kazan/kommercheskaya_nedvizhimost/ofis_8283771806,Вчера,Роман Кузнецов,"Цена 750₽ кв/м до конца месяца, в среднем стоимость метра в этом здании 1.200-1.500₽. Сдаётся просторный светлый офис площадью 78,6 м² в Ново-Савиновском районе Казани. Планировка: большой open space + отдельный кабинет/переговорная. Большая линия окон, много естественного света. Закрытый паркинг. Х",2026-09-29T21:09:42.454Z,55.835377,49.102399,"Россия, Республика Татарстан (Татарстан), Казань, улица Маршала Чуйкова, 2Д",house
7982330659,"Стильный офис, парковка ку вкл, 25,40,53,160-225м2",1500,1 500 ₽ в месяц,₽,₽/мес.,200,"Ул. Сеченова, 17, Суконная слобода, от 31 мин.",https://www.avito.ru/kazan/kommercheskaya_nedvizhimost/stilnyy_ofis_parkovka_ku_vkl_254053160-225m2_7982330659,1 неделю назад,Александр,"Новый стильный ремонт! Без комиссии, собственник! Включены Все коммунальные платежи. Большая парковка! Площадь чистая! Без санузлов и коридоров! Обратите внимание при выборе! Не включенная коммуналка и площадь с навязанными лишними помещениями часто составляет более 1/3 стоимости у конкурентов! Выбе",2026-09-29T21:09:38.883Z,55.79974,49.16944,"Россия, Республика Татарстан (Татарстан), Казань, улица Сеченова, 17",house
8285059851,Свободного назначения,84000,84 000 ₽ в месяц,₽,₽/мес.,,"Ул. Назиба Жиганова, 2А, Горки, от 31 мин.",https://www.avito.ru/kazan/kommercheskaya_nedvizhimost/svobodnogo_naznacheniya_8285059851,Вчера,АН Жильё- Групп,Помещение свободной планировки. Подходит под разные сферы бизнеса. Предоставление каникул.,2026-09-29T21:09:44.790Z,55.784071,49.211023,"Россия, Республика Татарстан (Татарстан), Казань, улица Назиба Жиганова, 2А",house
8349625041,"Офис, 302.9 м²",2000,2 000 ₽ в месяц за м² с НДС,₽,₽/мес. за м²,302.9,"Вахитовский район, Профсоюзная ул., 52, Площадь Тукая, до 5 мин.",https://www.avito.ru/kazan/kommercheskaya_nedvizhimost/ofis_302.9_m_8349625041,Вчера,"УК ""ЭнергоИнвестКапитал""","Предлагаем в аренду просторное помещение под офис в самом сердце Казани — с возможностью увеличения площади и гибкой планировкой. Основные характеристики. — Площадь: 302,9 м². — Адрес: г. Казань, ул. Пушкина, 11 (Республика Татарстан). — Этаж: 2. — Окна: вид на ул. Пушкина и. Трк «Кольцо». Локация и",2026-09-29T21:09:44.790Z,55.787948,49.122584,"Россия, Республика Татарстан (Татарстан), Казань, Вахитовский район, Профсоюзная улица, 52",house
8221628957,Офис,50000,50 000 ₽ в месяц,₽,₽/мес.,119,"Ул. Академика Лаврентьева, 11, р-н Ново-Савиновский",https://www.avito.ru/kazan/kommercheskaya_nedvizhimost/ofis_8221628957,Вчера,АН Жильё- Групп,"Сдаётся офисное помещение 119 кВ. М. Сделан хороший качественный ремонт в светлых тонах. Оборудована переговорная, кабинет руководителя, кухня. Обсуждается выкуп всей техники и мебели.",2026-09-29T21:09:42.454Z,55.833279,49.152156,"Россия, Республика Татарстан (Татарстан), Казань, улица Академика Лаврентьева, 11",house
8418147716,Офис на 5-6 персон. Аренда офиса. Центр,59000,59 000 ₽ в месяц с НДС,₽,₽/мес.,,"Ул. Галиаскара Камала, 41, Площадь Тукая, 16–20 мин.",https://www.avito.ru/kazan/kommercheskaya_nedvizhimost/ofis_na_5-6_person._arenda_ofisa._tsentr_8418147716,14 часов назад,"бизнес центр ""Мастер""","Эксклюзивный офис на 6 человек в бизнес-центре в центре Казани! В подземный парковке личное машиноместо в подарок! Ищете современное и комфортное место для вашего бизнеса? Этот офис — идеальное решение для компании, ценящей стиль, статус и удобство. Особенности офиса: — Отдельный кабинет директора, ",2026-09-29T21:09:38.883Z,55.781266,49.105417,"Россия, Республика Татарстан (Татарстан), Казань, улица Галиаскара Камала, 41",house
8277415652,"Склад, 600 м²",300000,300 000 ₽ в месяц,₽,₽/мес.,600,"Д. Старое Кощаково, Промпарковая ул., 1",https://www.avito.ru/kazan/kommercheskaya_nedvizhimost/sklad_600_m_8277415652,8 часов назад,Лариса,"Сдаeтcя нoвое производство-cкладcкое пoмещение по адресу д. Старое Кощаково, ул. Промпарковая, 1! В здании двое откатныx вoрoт, двa отдeльных входа. Имeется гaз, водa, кaнaлизaция. Пoлы aнтипыль с нагрузкой 6 тонн на 1 м2, 150 кв мощнocть электpoэнepгии. Пеpед зданием большaя сoбcтвеннaя паpкoвка. У",2026-09-29T21:09:44.790Z,55.826569,49.418686,"Россия, Республика Татарстан (Татарстан), Пестречинский район, Кощаковское сельское поселение, деревня Старое Кощаково, Промпарковая улица, 1",house
8377137247,Свободного назначения,150000,150 000 ₽ в месяц с НДС,₽,₽/мес.,,"Ул. Карбышева, 47/1, Горки, 11–15 мин.",https://www.avito.ru/kazan/kommercheskaya_nedvizhimost/svobodnogo_naznacheniya_8377137247,7 дней назад,Альбина,"Помещение в аренду, зал и несколько кабинетов, общая площадь 112 квадратов. Идеально под Медицинский центр, аптеку. Ранее, там распологалась, в течении долгого времени, аптека « 301». Здание вдоль дороги, есть парковка, вывеска Аптека, входная зона, в том числе для колясочников, поблизости находится",2026-09-29T21:11:53.105Z,55.751614,49.180076,"Россия, Республика Татарстан (Татарстан), Казань, улица Карбышева, 47/1",house
8272749966,"ПСН 109 м² под школу, клинику, офис, кафе",165300,165 300 ₽ в месяц,₽,₽/мес.,109,"Пр-т Ямашева, 83, Козья Слобода, от 31 мин.",https://www.avito.ru/kazan/kommercheskaya_nedvizhimost/psn_109_m_pod_shkolu_kliniku_ofis_kafe_8272749966,Вчера,Мария,Сдается кабинет 109 кв. М. На 1 этаже. Свой отдельный выход + парковка. Высота потолка 5 метров. Огромные витражные окна. Локация в оживленном районе Казани в месте с плотным потоком трафика как пешего так и авто. 10 соток земли в аренде ( оплачивается отдельно). Помещение находиться рядом c ТЦ XL. ,2026-09-29T21:11:46.595Z,55.826104,49.142679,"Россия, Республика Татарстан (Татарстан), Казань, проспект Ямашева, 83",house
8230391164,"Отапливаемый Склад, 75м²",750,750 ₽ в месяц за м²,₽,₽/мес. за м²,75,"Ул. Михаила Миля, 29, Авиастроительная, 21–30 мин.",https://www.avito.ru/kazan/kommercheskaya_nedvizhimost/otaplivaemyy_sklad_75m_8230391164,2 недели назад,БАЗА БИГ,«База Биг» сдаёт в аренду отапливаемые складские и производственные помещения площадью 75м². Прямая аренда без посредников и комиссий. Также возможна аренда: — холодный склад площадью 48 м². — складского помещения площадью 12 м² (контейнер). — офисов. — земельных участков. Помещения расположены на п,2026-09-29T21:09:38.883Z,55.848609,49.097602,"Россия, Республика Татарстан (Татарстан), Казань, улица Михаила Миля, 29",house
8274781510,Аренда 54 кв.м. на Приволжском рынке,176000,176 000 ₽ в месяц,₽,₽/мес.,54.1,"Ул. Рихарда Зорге, 66, Проспект Победы, до 5 мин.",https://www.avito.ru/kazan/kommercheskaya_nedvizhimost/arenda_54_kv.m._na_privolzhskom_rynke_8274781510,1 неделю назад,МеГаРус-М,"Сдается кoммepческое помещение cвобoдногo нaзнaчeния нa первой линии Приволжского рынка co слeдующими xapактepиcтикaми: - пeрвый этaж ; - первая линия; - отдельный вход; - тopговaя площадь помещения: 54,1 кв. М. ; - выcотa потoлкoв 3,5 метpa; - меcто пoд реклaмную вывеску; - центральное водоснабжени",2026-09-29T21:11:23.794Z,55.747976,49.210394,"Россия, Республика Татарстан (Татарстан), Казань, улица Рихарда Зорге, 66",house
7972287945,"Офис, 35 м²",1300,1 300 ₽ в месяц за м²,₽,₽/мес. за м²,35,"Ул. Вишневского, 22, Суконная слобода, 6–10 мин.",https://www.avito.ru/kazan/kommercheskaya_nedvizhimost/ofis_35_m_7972287945,Вчера,,"Пoмещение офисного типа нa 1 этажe в самом цeнтpе Казaни! Возможность снять как 1 офис, так и все помещение целиком. Офисы квадратурой от 28 до 40 метров. 1300₽/квадратный метр. Цену в объявлении указана за офис 35 м2. Что вы получаете за эту сумму: пункт охраны 24/7 и пропускной режим включено. Усл",2026-09-29T21:10:12.675Z,55.780826,49.14594,"Россия, Республика Татарстан (Татарстан), Казань, улица Вишневского, 22",house
7945186037,"Офис, 430 м² от собственника без комиссии",1100,1 100 ₽ в месяц за м²,₽,₽/мес. за м²,430,"Гвардейская ул., 54Е, Аметьево, 11–15 мин.",https://www.avito.ru/kazan/kommercheskaya_nedvizhimost/ofis_430_m_ot_sobstvennika_bez_komissii_7945186037,13 часов назад,"Офисы, коммерческая площадь","Сдаются помещения от 19 м² до 430 м² в современном бизнес-центре класса В+ на ул. Гвардейская 54Е, парковка, видеонаблюдение, транспортная развязка. Идеально для компаний, стартапов, представительств и малого бизнеса, которые ценят профессиональное, уютное и готовое к работе пространство. Доступные ",2026-09-29T21:09:38.883Z,55.771034,49.17518,"Россия, Республика Татарстан (Татарстан), Казань, Гвардейская улица, 54Е",house
8270596422,"Склад, 85 м²",21600,21 600 ₽ в месяц,₽,₽/мес.,85,"Учительская ул., 2Б, Суконная слобода, от 31 мин.",https://www.avito.ru/kazan/kommercheskaya_nedvizhimost/sklad_85_m_8270596422,7 дней назад,ПавелК,"Помещение металлическое. На базе видеонаблюдение. Доступ круглосуточно. Есть WI Fi. Подходит как для склада, так и для производства. Парковка на территории базы…",2026-09-29T21:09:42.454Z,55.755059,49.111058,"Россия, Республика Татарстан (Татарстан), Казань, Учительская улица, 2Б",house
8265967930,"Свободного назначения, 350 м²",850,850 ₽ в месяц за м²,₽,₽/мес. за м²,350,"Ул. Саид-Галеева, 6, Кремлёвская, 11–15 мин.",https://www.avito.ru/kazan/kommercheskaya_nedvizhimost/svobodnogo_naznacheniya_350_m_8265967930,Вчера,Максим,"Сдается помещение свободного назначения / готовый хостел. Республика Татарстан, г. Казань, ул. Саид-Галеева, д. 6. Площадь — 350 м². Просторное помещение с готовой инфраструктурой для ведения гостиничного бизнеса, хостела, coliving-проекта, корпоративного проживания, апарт-формата или другого коммер",2026-09-29T21:11:02.580Z,55.791273,49.100162,"Россия, Республика Татарстан (Татарстан), Казань, улица Саид-Галеева, 6",house
2559781919,Аренда склада для хранения вещей из кладовки,3550,3 550 ₽ в месяц с НДС,₽,₽/мес.,,"Ул. Халитова, 8, р-н Советский",https://www.avito.ru/kazan/kommercheskaya_nedvizhimost/arenda_sklada_dlya_hraneniya_veschey_iz_kladovki_2559781919,13 часов назад,Сеть складов индивидуального хранения Мобиус Логистика,> Контейнер на складе для хранения любых вещей. Без Депозита и иных скрытых платежей! Скидки до 18% при длительном хранении от 3 месяцев. > Склады для частных лиц и организаций. Что Хранят На Наших Складах: Вещи с балкона и кладовки. Шины и колеса. Мебель на время ремонта. Вещи на время переезда. Мо,2026-09-29T21:09:38.883Z,55.817906,49.196695,"Россия, Республика Татарстан (Татарстан), Казань, улица Халитова, 8",house
7880317163,"Свободного назначения, 25 м²",37500,37 500 ₽ в месяц с НДС,₽,₽/мес.,25,"Ул. Дзержинского, 5, Кремлёвская, 6–10 мин.",https://www.avito.ru/kazan/kommercheskaya_nedvizhimost/svobodnogo_naznacheniya_25_m_7880317163,Вчера,,"Уборка и коммуналка входит в стоимость! Агентство недвижимости локацияпро предлагает Вашему вниманию уникальный объект в самом топовом месте нашего города. -Красивая дизайнерская входная группа. -Зона отдыха для клиентов. -Несколько санузлов для посетителей. -В каждом кабинете мокрая точка, кондицио",2026-09-29T21:09:44.790Z,55.796359,49.113816,"Россия, Республика Татарстан (Татарстан), Казань, улица Дзержинского, 5",house
8394074279,"Торговая площадь, 128 м²",256000,256 000 ₽ в месяц,₽,₽/мес.,128,"Ул. Бутлерова, 35/15, Площадь Тукая, 6–10 мин.",https://www.avito.ru/kazan/kommercheskaya_nedvizhimost/torgovaya_ploschad_128_m_8394074279,Вчера,,"Сдается офисное, торговое помещение на первом этаже жилого дома. Рядом дом ученых, гостиница Берисон. Помещение расположено в Вахитовском районе г. Казани на оживленной центральной транспортной магистрали, что обеспечивает большой пешеходный и автомобильный трафик. Рядом остановка общественного тран",2026-09-29T21:11:49.218Z,55.788722,49.133193,"Россия, Республика Татарстан (Татарстан), Казань, улица Бутлерова, 35/15",house
8132419152,"Аренда под производство, Химград, 570.4 м²",1000,1 000 ₽ в месяц за м²,₽,₽/мес. за м²,570.4,"Ул. Восстания, 100к5090, Яшьлек, от 31 мин.",https://www.avito.ru/kazan/kommercheskaya_nedvizhimost/arenda_pod_proizvodstvo_himgrad_570.4_m_8132419152,14 часов назад,Рентал Проперти Менеджмент,"Аренда помещения под производство в Индустриальном парке на территории Технополиса «Химград». Новое здание, площадь помещения 570,4 м², отапливаемое, электрическая мощность — 42 квт (с возможностью увеличения), секционные ворота, пожарная сигнализация, санузел. Только для субъектов Мсп занятых в обл",2026-09-29T21:09:38.883Z,55.833744,49.042157,"Россия, Республика Татарстан (Татарстан), Казань, улица Восстания, 100к5090",house
8006661886,Помещение ЖК Дубрава 2.0. 122м2,244400,244 400 ₽ в месяц,₽,₽/мес.,122.2,"Дубравная ул., 16, Дубравная, 11–15 мин.",https://www.avito.ru/kazan/kommercheskaya_nedvizhimost/pomeschenie_zhk_dubrava_2.0._122m2_8006661886,Вчера,Недвижимость,"Сдается помещение свободного назначения 122,2 м² в ЖК Дубрава 2.0. Адрес: г. Казань, ул. Дубравная 16, Приволжский район. Помещение в черновой отделке. Преимущества помещения. * 2 Входные группы. * Высокие потолки — 5 м. * 3 больших окна — много естественного света. * Возможность размещения наружной",2026-09-29T21:10:07.793Z,55.737811,49.205633,"Россия, Республика Татарстан (Татарстан), Казань, Дубравная улица, 16",house
8254096726,"Аренда 59 кв.м. на Зорге,77 на первой линии",2000,2 000 ₽ в месяц за м²,₽,₽/мес. за м²,59.4,"Ул. Рихарда Зорге, 77, Проспект Победы, до 5 мин.",https://www.avito.ru/kazan/kommercheskaya_nedvizhimost/arenda_59_kv.m._na_zorge77_na_pervoy_linii_8254096726,1 неделю назад,МеГаРус-М,"Сдается кoммepческое помещение cвобoдногo нaзнaчeния нa цокольном этаже в гуcтонаселeнном Приволжском районе, по адресу: Зорге,77, co слeдующими xapактepиcтикaми: - первый этaж ; - тopговaя площадь пoмещeния: 59,4 кв. М. ; - выcотa потoлкoв 4 метpa; - меcто пoд реклaмную вывеску; - центральное водос",2026-09-29T21:11:26.178Z,55.747632,49.214347,"Россия, Республика Татарстан (Татарстан), Казань, улица Рихарда Зорге, 77",house
7990855261,"1-я линия ул. Островского, 22",3500,3 500 ₽ в месяц за м²,₽,₽/мес. за м²,60,"Ул. Островского, 22, Площадь Тукая, 6–10 мин.",https://www.avito.ru/kazan/kommercheskaya_nedvizhimost/1-ya_liniya_ul._ostrovskogo_22_7990855261,7 дней назад,,"Сдается в аренду светлое коммерческое помещение 60кв. М на первой линии — улица Островского, 22. Отличный вариант для кофейни или пекарни. Прекрасная транспортная и пешеходная доступность — ваш бизнес всегда на виду! Характеристики: 60 кв. М с удобной планировкой. Первая линия, высокий поток людей и",2026-09-29T21:09:42.454Z,55.78772,49.116628,"Россия, Республика Татарстан (Татарстан), Казань, улица Островского, 22",house
8076122248,"Офис, 25.9 м²",31080,31 080 ₽ в месяц,₽,₽/мес.,25.9,"Ул. Серова, 48к2, Яшьлек, 11–15 мин.",https://www.avito.ru/kazan/kommercheskaya_nedvizhimost/ofis_25.9_m_8076122248,Вчера,Мегаполис,"*Без комиссии. Увaжaемые аpендaторы! Вашему внимaнию прeдстaвляю на cдaчу в aрeнду офиc в oтличнoм бизнec -центре, пo aдреcу: ул. Ceрова 48к2. Вся инфраcтpуктpa в шaговой доcтупноcти. Удобная транcпоpтная paзвязкa. Помещeние c pемoнтoм, нa втoрoм этаже, с видoм вo двоp. Заeзжaй и рaботaй. Санузел на",2026-09-29T21:09:38.883Z,55.823151,49.074218,"Россия, Республика Татарстан (Татарстан), Казань, улица Серова, 48к2",house
8268641955,"Компьютерный клуб, кальянная",240000,240 000 ₽ в месяц,₽,₽/мес.,180,"Чистопольская ул., 47А, Козья Слобода, 21–30 мин.",https://www.avito.ru/kazan/kommercheskaya_nedvizhimost/kompyuternyy_klub_kalyannaya_8268641955,3 дня назад,Broadway Элитная Недвижимость,"Сдается в аренду коммерческое помещение площадью 180 кв. М с готовым ремонтом и всеми коммуникациями. Идеальный вариант для компьютерного клуба, киберспортивной арены или кальянной — не нужно тратить время и деньги на черновую отделку и подведение сетей. Что уже есть в помещении: · Готовый ремонт: С",2026-09-29T21:11:06.227Z,55.819788,49.127237,"Россия, Республика Татарстан (Татарстан), Казань, Чистопольская улица, 47А",house
8513008725,"Свободного назначения, 108.5 м²",49000,49 000 ₽ в месяц,₽,₽/мес.,108.5,"Ул. Братьев Петряевых, 27, Суконная слобода, 21–30 мин.",https://www.avito.ru/kazan/kommercheskaya_nedvizhimost/svobodnogo_naznacheniya_108.5_m_8513008725,14 часов назад,"ООО ""АКОРОС""","Сдается в аренду производственно-складской блок на 2 этаже площадью 108,5 кв. М., есть возможность снять больше. Это бывшее административное здание, кирпичное, 2 — этажное, широкая лестница. Помещение теплое, без отделки, полы бетонные. Сан узел на 1 этаже. Посмотреть можно в любой день. Очень тепло",2026-09-29T21:10:59.924Z,55.764551,49.116664,"Россия, Республика Татарстан (Татарстан), Казань, улица Братьев Петряевых, 27",house
7934316038,"Свободного назначения, 331 м²",1000,1 000 ₽ в месяц за м²,₽,₽/мес. за м²,331,"Мкр-н Адмиралтейская Слобода, Большая ул., 62, Кремлёвская, от 31 мин.",https://www.avito.ru/kazan/kommercheskaya_nedvizhimost/svobodnogo_naznacheniya_331_m_7934316038,1 неделю назад,Михаил,"Новый дом Авторы на Большой 62, 331 квадратных метров.4 помещения, разной площади, Цена 1000 р. Кв, м. Индивидуальные условия обсуждаем под каждого арендатора! Аренда, Продажа! Подземный и наземный пакинг. Рядом теннисные корты, Академия тенниса Шамиля Тарпищева, причал, парки, до центра города 7 ми",2026-09-29T21:09:38.884Z,55.796693,49.060223,"Россия, Республика Татарстан (Татарстан), Казань, микрорайон Адмиралтейская Слобода, Большая улица, 62",house
3449135546,Аренда 1 этаж 52м2 в центре + бесплатная парковка,690,690 ₽ в месяц за м² с НДС,₽,₽/мес. за м²,,"Ул. Сары Садыковой, 59, Суконная слобода, 21–30 мин.",https://www.avito.ru/kazan/kommercheskaya_nedvizhimost/arenda_1_etazh_52m2_v_tsentre_besplatnaya_parkovka_3449135546,11 часов назад,СЕРВИС-СТРОЙ ООО,"Не агентство, не риэлтор, без комиссии! Сдаю помещение на 1 этаже 52 м2 с отдельном входом состоит из 2-х комнат. Идеально под Пвз, мини-склад с выдачей заказов, фулфилмент, мастерская, офис продаж и иное назначение. Возможно создание мокрой точки. Бесплатная парковка на территории, хорошие подъездн",2026-09-29T21:09:38.884Z,55.77151,49.120589,"Россия, Республика Татарстан (Татарстан), Казань, улица Сары Садыковой, 59",house
8363468103,Представительский офис с парковкой,59995,59 995 ₽ в месяц с НДС,₽,₽/мес.,,"Ул. Галиаскара Камала, 41, Площадь Тукая, 16–20 мин.",https://www.avito.ru/kazan/kommercheskaya_nedvizhimost/predstavitelskiy_ofis_s_parkovkoy_8363468103,14 часов назад,"бизнес центр ""Мастер""","Готовый офис на 6 человек с отдельным кабинетом руководителя. Заезжайте с ноутбуками — остальное уже стоит на местах. Что внутри. Открытая зона на 6 рабочих мест и закрытый кабинет для руководителя — можно спокойно проводить переговоры и созвоны, не выгоняя команду в коридор. Под ключ — это правда п",2026-09-29T21:09:38.884Z,55.781266,49.105417,"Россия, Республика Татарстан (Татарстан), Казань, улица Галиаскара Камала, 41",house
8264465305,"Теплый склад в Советском районе, 200 м²",1000,1 000 ₽ в месяц за м²,₽,₽/мес. за м²,200,"Ул. Скрябина, 8, Горки, 16–20 мин.",https://www.avito.ru/kazan/kommercheskaya_nedvizhimost/teplyy_sklad_v_sovetskom_rayone_200_m_8264465305,14 часов назад,ESG Коммерческая недвижимость,"Лот 1317. Тёплый склад 200 м² с круглосуточной охраной. Предлагается в аренду отапливаемое складское помещение площадью 200 м². Подойдёт для хранения товаров, комплектации заказов, интернет-магазина, мастерской или небольшого производства. Ворота на уровне земли обеспечивают удобную погрузку и разгр",2026-09-29T21:09:38.884Z,55.769281,49.201851,"Россия, Республика Татарстан (Татарстан), Казань, улица Скрябина, 8",house
8351125505,"Торговая площадь, 15 м²",7500,7 500 ₽ в месяц,₽,₽/мес.,15,"Ул. Маршала Чуйкова, 4, Яшьлек, 16–20 мин.",https://www.avito.ru/kazan/kommercheskaya_nedvizhimost/torgovaya_ploschad_15_m_8351125505,10 часов назад,"АО ""Казанский завод медицинской аппаратуры""","Сдаются в аренду земельные участки от 15 кв. М., прилегающие к торговому центру для размещения объектов торговли, павильонов (квас, молочные продукты, хлебобулочные изделия и. Т. Д). Первая линия, высокий трафик обеспечивает продуктовый магазин «Чижик», магазин «Модная одежда и обувь», ресторан «Оки",2026-09-29T21:09:38.884Z,55.835629,49.104123,"Россия, Республика Татарстан (Татарстан), Казань, улица Маршала Чуйкова, 4",house
8308445263,"Офис, 417 м²",950,950 ₽ в месяц за м² с НДС,₽,₽/мес. за м²,417,"Ул. Маршала Чуйкова, 2Б, Яшьлек, 16–20 мин.",https://www.avito.ru/kazan/kommercheskaya_nedvizhimost/ofis_417_m_8308445263,9 часов назад,Александр,"Добрый день! На оживленной улице по адресу: г. Казань, ул. Маршала Чуйкова, д. 2б, сдается в аренду прекрасный офис. Общая площадь 417 м², 5 этаж. Имеется 10 бесплатных парковочных мест. Готовы выполнить ремонт и перепланировку под нужды арендатора. Имеется отдельная серверная, кухня и балкон. Сосед",2026-09-29T21:09:38.884Z,55.835488,49.102722,"Россия, Республика Татарстан (Татарстан), Казань, улица Маршала Чуйкова, 2Б",house
8320568648,"Свободного назначения, 144 м²",200000,200 000 ₽ в месяц,₽,₽/мес.,144,"Ул. Ноксинский Спуск, 4к1, Проспект Победы, от 31 мин.",https://www.avito.ru/kazan/kommercheskaya_nedvizhimost/svobodnogo_naznacheniya_144_m_8320568648,2 часа назад,A-DEVELOPMENT,Сдается помещение свободного назначения площадью 144 квадратных метра в новом ЖК «Царицынский бугор». Характеристики: -отдельная входная группа; -запасной выход во двор; -удобная планировка; -большие окна; -арендные каникулы обговариваются; -чистовая отделка; -возможность разместить вывеску; -в шаго,2026-09-29T21:09:38.884Z,55.766218,49.23349,"Россия, Республика Татарстан (Татарстан), Казань, улица Ноксинский Спуск, 4к1",house
2328386128,"Свободного назначения, 170 м²",200000,200 000 ₽ в месяц,₽,₽/мес.,170,"Ул. Короленко, 28Б, Яшьлек, 16–20 мин.",https://www.avito.ru/kazan/kommercheskaya_nedvizhimost/svobodnogo_naznacheniya_170_m_2328386128,3 часа назад,Аида Хайруллина,"Риэлторов не беспокоить! Сдам помещение свободного назначения с ремонтом 170 м /кв ул. Короленко, д 28Б  ЖК Норвежский -1 линия  - 2 входа  -дом заселен  - высокий трафик - отдельная входная группа - место под вывеску -отличное расположения  - парковка - доступ 24/7 - черновая отделка - арендные кан",2026-09-29T21:09:38.884Z,55.833572,49.101851,"Россия, Республика Татарстан (Татарстан), Казань, улица Короленко, 28Б",house
8327690715,"Офис, 18.5 м²",17600,17 600 ₽ в месяц,₽,₽/мес.,18.5,"Ул. Голубятникова, 20А, Северный вокзал, 21–30 мин.",https://www.avito.ru/kazan/kommercheskaya_nedvizhimost/ofis_18.5_m_8327690715,Вчера,ИП Гараев Булат Маратович,"Сдам в аренду уютный офис в бизнес-центре по ул. Голубятникова, 20а. Бизнес центр расположен центре Ново-Савиноского района, удобная транспортная развязка, рядом остановка общественного транспорта. В непосредственной близости находится садик, школа, техникум, поликлиника, продуктовые магазины, кафе,",2026-09-29T21:09:38.884Z,55.837358,49.114589,"Россия, Республика Татарстан (Татарстан), Казань, улица Голубятникова, 20А",house
7738856352,Офисы от 3 до 69 м² в БЦ на Журналистов,7000,7 000 ₽ в месяц,₽,₽/мес.,69,"Ул. Журналистов, 2А, р-н Советский",https://www.avito.ru/kazan/kommercheskaya_nedvizhimost/ofisy_ot_3_do_69_m_v_bts_na_zhurnalistov_7738856352,1 час назад,МЕТРИКА ДЕВЕЛОПМЕНТ,"Офисы от 3 до 69 м² в бизнес-центре | Новый ремонт | От собственника. Ищете офис, в который можно заехать сразу после подписания договора? Предлагаем готовые офисные помещения в бизнес-центре от собственника. Все кабинеты после ремонта, большинство оборудованы кондиционерами. Подходят для компаний л",2026-09-29T21:09:38.884Z,55.806429,49.191493,"Россия, Республика Татарстан (Татарстан), Казань, улица Журналистов, 2А",house
8328915424,"Склад, 1440 м²",600,600 ₽ в месяц за м²,₽,₽/мес. за м²,1440,Пос. Барсил,https://www.avito.ru/kazan/kommercheskaya_nedvizhimost/sklad_1440_m_8328915424,6 часов назад,Рамис М.,"Аренда. Производственно-Сkлaдской Объект В Индусtриaльном Паpке «Пестрецы». Под аренду предлагается современный производственно-складской объект в составе активно развивающегося — аккредитованного индустриального парка «Пестрецы». Формат подходит для производства, логистики, хранения и распределения",2026-09-29T21:09:38.884Z,55.829618,49.355095,"Россия, Республика Татарстан (Татарстан), Пестречинский район, Кощаковское сельское поселение, посёлок Барсил",locality
8152304196,"Теплое складское помещение, 548 м²",800,800 ₽ в месяц за м²,₽,₽/мес. за м²,548,"Ул. Лебедева, 1к3, Суконная слобода, от 31 мин.",https://www.avito.ru/kazan/kommercheskaya_nedvizhimost/teploe_skladskoe_pomeschenie_548_m_8152304196,14 часов назад,ESG Коммерческая недвижимость,"Лот 1209. Аренда Складского Помещения В Многоуровневом Комплексе. Объект. В аренду предлагаются складское помещение площадью 548 м2 в современном складском комплексе с трехэтажными блоками. Подходит для хранения, логистики, фулфилмента и размещения товарных запасов. Характеристики. — Складской компл",2026-09-29T21:09:38.884Z,55.755034,49.122629,"Россия, Республика Татарстан (Татарстан), Казань, улица Лебедева, 1к3",house
8154356987,Кабинет 20–30 м² в БЦ «Журналистов»,25560,25 560 ₽ в месяц с НДС,₽,₽/мес.,30,"Ул. Журналистов, 2А, р-н Советский",https://www.avito.ru/kazan/kommercheskaya_nedvizhimost/kabinet_2030_m_v_bts_zhurnalistov_8154356987,1 час назад,МЕТРИКА ДЕВЕЛОПМЕНТ,"Сдаётся офис / кабинет 21,34 м² в бизнес-центре на Журналистов напрямую от собственника — без комиссии, переплат и посредников. Помещение с отдельным коридором: можно использовать как готовый офис, кабинет под услуги или расширить площадь, добавив ещё одно помещение рядом. Ищете офис, куда можно зае",2026-09-29T21:09:38.884Z,55.806429,49.191493,"Россия, Республика Татарстан (Татарстан), Казань, улица Журналистов, 2А",house
8166820479,"Детейлинг, Автосервис",91600,91 600 ₽ в месяц,₽,₽/мес.,,"Ул. Рауиса Гареева, 110, Проспект Победы, от 31 мин.",https://www.avito.ru/kazan/kommercheskaya_nedvizhimost/deteyling_avtoservis_8166820479,Вчера,Недвижимость,Сдам помещение под Автомобильную сферу деятельности. 2 машиноместа. Большой автомобильный трафик. Соседние помещения арендуют Автомойка и Шиномонтаж. Есть место под вывеску. Помещение эксплуатируется под Автомобильную сферу более 8 лет. Автоматические ворота. Подведены все централизованные коммуника,2026-09-29T21:09:38.884Z,55.725194,49.173195,"Россия, Республика Татарстан (Татарстан), Казань, улица Рауиса Гареева, 110",house
7802351780,Офис,23000,23 000 ₽ в месяц с НДС,₽,₽/мес.,,"Ул. Седова, 2В, Аметьево, от 31 мин.",https://www.avito.ru/kazan/kommercheskaya_nedvizhimost/ofis_7802351780,Вчера,ПолиГрим,Сдается помещение под офис на 1 этаже.,2026-09-29T21:09:38.884Z,55.784314,49.178315,"Россия, Республика Татарстан (Татарстан), Казань, улица Седова, 2В",house
8447272210,Свободного назначения,2200,2 200 ₽ в месяц за м²,₽,₽/мес. за м²,110,"Ул. Рихарда Зорге, 101, Дубравная, до 5 мин.",https://www.avito.ru/kazan/kommercheskaya_nedvizhimost/svobodnogo_naznacheniya_8447272210,3 дня назад,КОММЕРС ГРУПП | Коммерческая недвижимость,"Сдается Помещение Свободного Назначения 110кв. М На 1-Й Линии! 9 Адрес: г. Казань, ул. Рихарда Зорге, д. 101. Локация с максимальным пешеходным и автомобильным трафиком в Казани! -ーー. В Преимущества Локации: Всего В Паре Шагов От Станции Метро «Дубравная» — крупнейшего транспортно-пересадочного узла",2026-09-29T21:09:38.884Z,55.743061,49.22218,"Россия, Республика Татарстан (Татарстан), Казань, улица Рихарда Зорге, 101",house
8355948355,Свободного назначения,1400,1 400 ₽ в месяц,₽,₽/мес.,,"Ул. Ильича, 19/43, р-н Кировский",https://www.avito.ru/kazan/kommercheskaya_nedvizhimost/svobodnogo_naznacheniya_8355948355,1 час назад,Продавец,"Помещение находиться в центре Юдино, большой поток людей, парковочные места для автомобилей. Остальные вопросы по телефону.",2026-09-29T21:09:38.884Z,55.818503,48.898966,"Россия, Республика Татарстан (Татарстан), Казань, улица Ильича, 19/43",house
8168412748,"Здание, 375 м²",649,649 ₽ в месяц за м² с НДС,₽,₽/мес. за м²,375,"Пр. Эшчелэр, 20А, р-н Советский",https://www.avito.ru/kazan/kommercheskaya_nedvizhimost/zdanie_375_m_8168412748,13 часов назад,Бизнес-центр на Энгельса,"Сдается производственно-складское помещение 375 м² в Производственно «Вертелевка». Без комиссии. Адрес: Казань, Советский р-н, проезд Эшчелэр, д. 22А (удобный выезд на Мамадышский тракт и трассу М7). Характеристики: Площадь: 250 м² (возможна аренда блоков кратно 375 м² или всего комплекса 1500 м²). ",2026-09-29T21:09:38.884Z,55.807137,49.324022,"Россия, Республика Татарстан (Татарстан), Казань, проезд Эшчелэр, 20А",house
8352806008,Стильные офисы в центре на льготных условиях 16 м,23850,23 850 ₽ в месяц,₽,₽/мес.,15.9,"Лево-Булачная ул., 56, Площадь Тукая, 6–10 мин.",https://www.avito.ru/kazan/kommercheskaya_nedvizhimost/stilnye_ofisy_v_tsentre_na_lgotnyh_usloviyah_16_m_8352806008,2 часа назад,A-DEVELOPMENT,"Сдаются в аренду современные стильные офисы в центре Казани. Офисы расположен в цокольном этаже по адресу ул. Лево-Булачная, д.56. Доступ через аппарт-отель Yamle. Площади — 15.1 и 15.9 кв. М. Действуют льготные условия аренды! Дисконтная ставка apeнды на 1ыe 6 мeсяцeв — 1500 pуб зa кв. М. C 7го мeс",2026-09-29T21:09:38.884Z,55.785448,49.116062,"Россия, Республика Татарстан (Татарстан), Казань, Лево-Булачная улица, 56",house
4120892694,"Офис, 41 м²",61000,61 000 ₽ в месяц,₽,₽/мес.,41,"Вахитовский район, Большая Красная ул., 8, Кремлёвская, 6–10 мин.",https://www.avito.ru/kazan/kommercheskaya_nedvizhimost/ofis_41_m_4120892694,7 дней назад,Рафаэль,Стильный офис. -ремонт в стиле Loft. -без мебели. -светлый офис с окнами. -в помещении с вой санузел. -кондиционер. -в центре. -доступ 24/7. -парковка. Отличная локация. Риелторов прошу не звонить и не писать.,2026-09-29T21:09:38.884Z,55.798293,49.111328,"Россия, Республика Татарстан (Татарстан), Казань, Вахитовский район, Большая Красная улица, 8",house
8276375020,Шестиместный офис - готов к заезду уже сегодня,17000,17 000 ₽ в месяц с НДС,₽,₽/мес.,,"Ул. Галиаскара Камала, 41, Площадь Тукая, 16–20 мин.",https://www.avito.ru/kazan/kommercheskaya_nedvizhimost/shestimestnyy_ofis_-_gotov_k_zaezdu_uzhe_segodnya_8276375020,14 часов назад,"бизнес центр ""Мастер""","Представительский офис на 6 рабочих мест | Кабинет руководителя | Итальянская мебель В подземной парковке личное машиноместо в подарок! Когда клиент открывает дверь вашего офиса, он должен понять, что имеет дело с серьёзной компанией. Именно для этого создан этот кабинет. Полностью готовый офис с от",2026-09-29T21:09:38.884Z,55.781266,49.105417,"Россия, Республика Татарстан (Татарстан), Казань, улица Галиаскара Камала, 41",house
8415839537,Аренда личного склада ул. Стадионная Доступ 24-7,1859,1 859 ₽ в месяц,₽,₽/мес.,100,"Стадионная ул., 1, р-н Советский",https://www.avito.ru/kazan/kommercheskaya_nedvizhimost/arenda_lichnogo_sklada_ul._stadionnaya_dostup_24-7_8415839537,2 часа назад,Кладовкин,"Аренда бокса в личной кладовке в Казани на Стадионной улице. Круглосуточный доступ к складу. Идеально для переезда или ремонта. Звоните или пишите! Адрес склада: г. Казань, Стадионная ул., дом 1. Ищете теплый склад для хранения вещей в Казани? Рассмотрите аренду в центре хранения Кладовкин по адресу",2026-09-29T21:09:42.454Z,55.870602,49.231424,"Россия, Республика Татарстан (Татарстан), Казань, Стадионная улица, 1",house
4582480508,Сдается новый склад от собственника,600,600 ₽ в месяц за м²,₽,₽/мес. за м²,,"Территория Промышленная Площадка Индустриальный Парк М7, 21",https://www.avito.ru/kazan/kommercheskaya_nedvizhimost/sdaetsya_novyy_sklad_ot_sobstvennika_4582480508,7 дней назад,,"Собственник сдает в аренду Новое теплое складское помещение размером 24 на 60м, выполненное из сэндвич панелей толщиной 120мм. Основные характеристики: - площадь 1400 кв м (возможно деление на меньшую площадь). - 3 ворот, габариты которых подходят для грузового транспорта. - высота потолка 9 метров.",2026-09-29T21:09:42.454Z,55.886327,48.955919,"Россия, Республика Татарстан (Татарстан), Зеленодольский район, Осиновское сельское поселение, территория Промышленная Площадка Индустриальный Парк М-7 № 2, 7",house
8270172113,Кабинет 15 м² с мокрой точкой на 1 линии,24000,24 000 ₽ в месяц,₽,₽/мес.,15,"Ул. Журналистов, 2А, р-н Советский",https://www.avito.ru/kazan/kommercheskaya_nedvizhimost/kabinet_15_m_s_mokroy_tochkoy_na_1_linii_8270172113,1 час назад,МЕТРИКА ДЕВЕЛОПМЕНТ,"15 м² | Первый этаж | Первая линия | Вода в кабинете | Готовое помещение | От собственника. Сдаю отдельный кабинет в БЦ на ул. Журналистов, 2А, Казань. Пространство для специалиста, которому важно работать самостоятельно, принимать клиентов по записи и организовать кабинет под свой формат. Площадь 1",2026-09-29T21:09:42.454Z,55.806429,49.191493,"Россия, Республика Татарстан (Татарстан), Казань, улица Журналистов, 2А",house
8392990161,"Аренда офиса все включено, 20.6 м²",19570,19 570 ₽ в месяц,₽,₽/мес.,20.6,"Ул. Космонавтов, 67к3, р-н Советский",https://www.avito.ru/kazan/kommercheskaya_nedvizhimost/arenda_ofisa_vse_vklyucheno_20.6_m_8392990161,Вчера,УК ГК-1,"Собственник. Без комиссий и скрытых платежей! Предлагаем в аренду офис 20,6 м² на 2 этаже офисного центра по адресу г. Казань, ул. Космонавтов, 67. Помещение с окном, подходит для работы небольшой команды или индивидуального бизнеса. Подойдет для: — бухгалтерии. — интернет-магазина. — офиса продаж. ",2026-09-29T21:09:42.454Z,55.796613,49.209199,"Россия, Республика Татарстан (Татарстан), Казань, улица Космонавтов, 67к3",house
8118041783,Свободного назначения,55000,55 000 ₽ в месяц,₽,₽/мес.,,"Ул. Космонавтов, 26А, р-н Советский",https://www.avito.ru/kazan/kommercheskaya_nedvizhimost/svobodnogo_naznacheniya_8118041783,3 часа назад,,"Сдаётся коммерческое помещение на цокольном этаже, свободного назначения. Пространство подойдёт для офиса, студии, склада, интернет-магазина, мастерской или другого вида деятельности. Удобная планировка. Есть все необходимые коммуникации. Помещение расположено в доступной локации с хорошей транспорт",2026-09-29T21:09:42.454Z,55.797174,49.192895,"Россия, Республика Татарстан (Татарстан), Казань, улица Космонавтов, 26А",house
2555934172,"Офис с дизайнерским ремонтом и мебелью, 144 м²",360000,360 000 ₽ в месяц,₽,₽/мес.,144,"Ул. Островского, 14, Площадь Тукая, 6–10 мин.",https://www.avito.ru/kazan/kommercheskaya_nedvizhimost/ofis_s_dizaynerskim_remontom_i_mebelyu_144_m_2555934172,7 дней назад,,"Готовое офисное пространство на 2-м этаже на ул. Островского, 14. - удобная локация в самом центре города Казань. - стильная, современная отделка помещений. - укомплектованные рабочие места (рабочий стол, удобное кресло). - высокоскоростной интернет, включённый в стоимость аренды (150 Мбит/сек.). - ",2026-09-29T21:09:42.454Z,55.7889,49.114292,"Россия, Республика Татарстан (Татарстан), Казань, улица Островского, 14",house
1593017376,"Свободного назначения, 35 м²",45000,45 000 ₽ в месяц,₽,₽/мес.,35,"Советский район, мкр-н Азино-1, ул. Закиева, 41, Проспект Победы, от 31 мин.",https://www.avito.ru/kazan/kommercheskaya_nedvizhimost/svobodnogo_naznacheniya_35_m_1593017376,4 часа назад,,"Сдаю помещение по ул. Сахарова. Помещение площадью35 кв. М., состоящее из двух помещений + подсобные помещения (кухня, сан. Узел, гардероб, коридор). Отдельный вход, после свежего ремонта, находится на уровне остановки общественного транспорта (ост. Кабельное телевидение), хорошо просматривается с д",2026-09-29T21:09:42.454Z,55.777029,49.232448,"Россия, Республика Татарстан (Татарстан), Казань, Советский район, микрорайон Азино-1, улица Закиева, 41",house
8341395820,"Свободного назначения,магазин,услуги,офис 100 м²",500,500 ₽ в месяц за м²,₽,₽/мес. за м²,100,"Московская ул., 48, Площадь Тукая, 11–15 мин.",https://www.avito.ru/kazan/kommercheskaya_nedvizhimost/svobodnogo_naznacheniyamagazinuslugiofis_100_m_8341395820,15 часов назад,Коммерция в аренду,"Сдается помещение в ТЦ Эталон, Московская, 48. Площадь 100кв м. Расположение цоколь. Фото соответствуют. Вход со стороны Центрального Рынка казани. Высочайший проходной трафик! Рядом остановки, ЖД вокзал, вузы и тд. Аренда от собственника. Риэлторы Не Требуются. 500 р за кв м первый 2 месяца, далее ",2026-09-29T21:09:42.454Z,55.786789,49.109657,"Россия, Республика Татарстан (Татарстан), Казань, Московская улица, 48",house
7296731750,"Свободного назначения, 14 м²",33600,33 600 ₽ в месяц,₽,₽/мес.,14,"Ул. Аметьевская Магистраль, 18к2, Аметьево, до 5 мин.",https://www.avito.ru/kazan/kommercheskaya_nedvizhimost/svobodnogo_naznacheniya_14_m_7296731750,2 часа назад,A-DEVELOPMENT,"Описание помещения: Сдается помещение свободного назначения на 1-ом этаже жилого дома, на первой линии Аметьевской магистрали ( ЖК Легенда). Площадь помещения от 14 до 214 кв. М. Окончание ремонта 05.2026г. Характеристики помещения: - 1 линия Аметьевской магистрали. - Кабинетная планировка. - Офисы ",2026-09-29T21:09:42.454Z,55.766921,49.171461,"Россия, Республика Татарстан (Татарстан), Казань, улица Аметьевская Магистраль, 18к2",house
8302772537,Офис под вашу команду 150–560м² с отдельным входом,450000,450 000 ₽ в месяц,₽,₽/мес.,560,"Ул. Журналистов, 2А, р-н Советский",https://www.avito.ru/kazan/kommercheskaya_nedvizhimost/ofis_pod_vashu_komandu_150560m_s_otdelnym_vhodom_8302772537,1 час назад,МЕТРИКА ДЕВЕЛОПМЕНТ,"От 150 до 560 м² под вашу компанию | Первый этаж | Отдельный вход в блок | От собственника. Сдаю офисные площади в бизнес-центре на ул. Журналистов, 2А, Казань. Площадь и конфигурацию блока формируем под задачи арендатора: состав команды, количество отделов, приём клиентов и необходимый бюджет. Можн",2026-09-29T21:09:42.454Z,55.806429,49.191493,"Россия, Республика Татарстан (Татарстан), Казань, улица Журналистов, 2А",house
8299383743,Свободного назначения,19000,19 000 ₽ в месяц,₽,₽/мес.,18,"Ул. Заслонова, 40, Суконная слобода, 11–15 мин.",https://www.avito.ru/kazan/kommercheskaya_nedvizhimost/svobodnogo_naznacheniya_8299383743,4 часа назад,,"Сдаю помещение с новым ремонтом в самом центре города на улице Заслонова 40, помещение разделяется на 6 комнат. Приточно-вытяжная вентиляция, стильный санузел, круглосуточный доступ, установлена сеть интернет Wifi, парковка во дворе. Доступно помещение для аренды: 18кв. М — 19000 р. К/у не входят в ",2026-09-29T21:09:42.454Z,55.779838,49.151554,"Россия, Республика Татарстан (Татарстан), Казань, улица Заслонова, 40",house
3862972427,"Свободного назначения, 600 м²",1500,1 500 ₽ в месяц за м²,₽,₽/мес. за м²,600,"Чистопольская ул., 1, Козья Слобода, до 5 мин.",https://www.avito.ru/kazan/kommercheskaya_nedvizhimost/svobodnogo_naznacheniya_600_m_3862972427,Вчера,,"Первый этаж, Первая линия! Предлагается в аренду помещение свободного назначения общей площадью 600 кв. М. Объект находится на первом этаже и пристроя к жилому дому. Первый дом по ул. Чистопольская. Первый дом вдоль проезжей части от оживленного проспекта с двухсторонним движением. Первый дом от пер",2026-09-29T21:09:42.454Z,55.819363,49.098599,"Россия, Республика Татарстан (Татарстан), Казань, Чистопольская улица, 1",house
8320830918,"Свободного назначения, 213.1 м²",260000,260 000 ₽ в месяц,₽,₽/мес.,213.1,"Ул. Декабристов, 117, Яшьлек, 6–10 мин.",https://www.avito.ru/kazan/kommercheskaya_nedvizhimost/svobodnogo_naznacheniya_213.1_m_8320830918,3 часа назад,A-DEVELOPMENT,"Сдается В Аренду Помещение Свободного Назначения. Г. Казань, ул. Декабристов, 117. Общая площадь: 213,1 кв. М. · 1-й этаж — 136,7 кв. М. · Подвальный этаж — 76,4 кв. М. Локация с высокой проходимостью. Объект расположен на первой линии улицы Декабристов — одной из ключевых транспортных магистралей г",2026-09-29T21:09:42.454Z,55.823009,49.086561,"Россия, Республика Татарстан (Татарстан), Казань, улица Декабристов, 117",house
8200470656,"Офис, 35 м²",84525,84 525 ₽ в месяц с НДС,₽,₽/мес.,35,"Волочаевская ул., 4, Суконная слобода, от 31 мин.",https://www.avito.ru/kazan/kommercheskaya_nedvizhimost/ofis_35_m_8200470656,11 часов назад,GUDD Центр недвижимости,"Сдаётся коммерческое помещение на 1-м этаже. Отличный как вариант для ведения собственного бизнеса, так и для сдачи в аренду (готовый арендный бизнес с высокой доходностью). Локация: — Адрес: Казань, Советский район, ул. Волочаевская, д. 4. — Дом 2010 года постройки, расположены в густонаселенном жи",2026-09-29T21:09:42.454Z,55.788945,49.172665,"Россия, Республика Татарстан (Татарстан), Казань, Волочаевская улица, 4",house
7714814531,"Производство, 860 м²",700,700 ₽ в месяц за м²,₽,₽/мес. за м²,860,"Ул. Короленко, 120к16, Авиастроительная, 21–30 мин.",https://www.avito.ru/kazan/kommercheskaya_nedvizhimost/proizvodstvo_860_m_7714814531,Вчера,,"Сдам теплое помещение. Пол антипыль. Высота 7,6м. Отопление централизованное. Имеется кран балка. Вода. Охраняемая территория. Ворота 4×4. От центра города 20 минут. Идеальное прямоугольное помещение для вашего бизнеса.",2026-09-29T21:09:42.454Z,55.847376,49.103387,"Россия, Республика Татарстан (Татарстан), Казань, улица Короленко, 120к16",house
4275665461,"Свободного назначения, 40 м²",65000,65 000 ₽ в месяц с НДС,₽,₽/мес.,40,"Ул. Юлиуса Фучика, 94, Проспект Победы, от 31 мин.",https://www.avito.ru/kazan/kommercheskaya_nedvizhimost/svobodnogo_naznacheniya_40_m_4275665461,7 часов назад,УДачницы🌺🍀🌷🪴🌹,"Аренда помещения 40 кв. М. По адресу: РТ, г. Казань, ул. Ю. Фу чика, 94. * 1 этаж. * первая линия. * высокий пешеходный трафик( рядом Сбербанк, Почта, остановки, WB, через полгода рядом откроется ст. Метро Ломжинская). * 2 мокрые точки. * интернет Wi-Fi. * ремонт. * санузел. Условия договора: оплата",2026-09-29T21:09:42.454Z,55.767828,49.232412,"Россия, Республика Татарстан (Татарстан), Казань, улица Юлиуса Фучика, 94",house
2103268770,"Офис, 93 м²",2000,2 000 ₽ в месяц за м²,₽,₽/мес. за м²,93,"Пр-т Альберта Камалеева, 34, Горки, от 31 мин.",https://www.avito.ru/kazan/kommercheskaya_nedvizhimost/ofis_93_m_2103268770,7 дней назад,,"Сдам помещение 93м с отдельным входом. Евроремонт. Интернет на физлицо. Кондиционер. Бесплатная парковка. В помещение имеется санузел, кабинет руководителя, комната приема пищи, опен спейс помещение. Подойдет для любого вида деятельности. Не дорогие коммунальные платежи.",2026-09-29T21:09:42.454Z,55.783737,49.195536,"Россия, Республика Татарстан (Татарстан), Казань, проспект Альберта Камалеева, 34",house
8281866825,Офис 560 м² с отдельным входом,690000,690 000 ₽ в месяц,₽,₽/мес.,560,"Ул. Журналистов, 2А, р-н Советский",https://www.avito.ru/kazan/kommercheskaya_nedvizhimost/ofis_560_m_s_otdelnym_vhodom_8281866825,1 час назад,МЕТРИКА ДЕВЕЛОПМЕНТ,"560 м² отдельный вход изолированный блок кабинеты и просторные залы собственная кухня и санузел доступ 24/7 от собственника. Разместите команду, руководство и встречи с клиентами в одном офисе. Сдаём самостоятельный коммерческий блок в бизнес-центре по адресу: Казань, ул. Журналистов, 2А. Формат для",2026-09-29T21:09:42.454Z,55.806429,49.191493,"Россия, Республика Татарстан (Татарстан), Казань, улица Журналистов, 2А",house
2102872950,"Офис, 30 м², свободного назначения",36000,36 000 ₽ в месяц,₽,₽/мес.,30,"Московская ул., 53/6, Площадь Тукая, 11–15 мин.",https://www.avito.ru/kazan/kommercheskaya_nedvizhimost/ofis_30_m_svobodnogo_naznacheniya_2102872950,14 часов назад,Юля,"Сдам помещение под офис, 30 кв. М., по ул. Московская Вахитовского района на 4 этаже. Имеется круглосуточная охрана здания. Хороший ремонт. Кафельная плитка на полу. Тепло зимой, прохладно летом. Имеется кондиционер. Звоните и приходите в любое время. Возможен торг. Коммунальные услуги не входят в о",2026-09-29T21:09:42.454Z,55.786273,49.111463,"Россия, Республика Татарстан (Татарстан), Казань, Московская улица, 53/6",house
8200252842,"Красивый и удобный офис, 24м2, парковка, с/у, 24/7",50400,50 400 ₽ в месяц,₽,₽/мес.,24.1,"Вахитовский район, ул. Толстого, 41к2, Площадь Тукая, 21–30 мин.",https://www.avito.ru/kazan/kommercheskaya_nedvizhimost/krasivyy_i_udobnyy_ofis_24m2_parkovka_su_247_8200252842,11 часов назад,Вквадрате,"Готовый офис в центре Кaзани, в Bаxитовcкoм pайоне — c coвpeменным ремoнтoм, собcтвeнным cанузлом, дополнительной мокрoй тoчкой и доступом 24/7. Внимание! Цена зафиксирована на первые три месяца, далее аренда начисляется по базовой ставке — 3000р/ м2. Помещение cвободнo и пoлнoстью гoтoвo к paботе. ",2026-09-29T21:09:42.454Z,55.800352,49.138951,"Россия, Республика Татарстан (Татарстан), Казань, Вахитовский район, улица Толстого, 41к2",house
8263710180,"Клиентский офис 346 м², парковка",432500,432 500 ₽ в месяц за м²,₽,₽/мес. за м²,346,"Ул. Журналистов, 2А, р-н Советский",https://www.avito.ru/kazan/kommercheskaya_nedvizhimost/klientskiy_ofis_346_m_parkovka_8263710180,1 час назад,МЕТРИКА ДЕВЕЛОПМЕНТ,"Сдам отдельный офисный блок 346 м² с собственным входом и готовым ремонтом на ул. Журналистов, 2А. Первый этаж. Изолированный блок со своим санузлом и возможностью самостоятельно устанавливать время работы независимо от режима бизнес-центра. Помещение сдаётся от собственника — без комиссии и перепла",2026-09-29T21:09:42.454Z,55.806429,49.191493,"Россия, Республика Татарстан (Татарстан), Казань, улица Журналистов, 2А",house
1777529676,"Офис, 16 м²",20000,20 000 ₽ в месяц,₽,₽/мес.,16,"Ул. Маршала Чуйкова, 27, Козья Слобода, от 31 мин.",https://www.avito.ru/kazan/kommercheskaya_nedvizhimost/ofis_16_m_1777529676,6 часов назад,Услуги,"Сдается помещение под магазин(шоу-рум), тату салон, автозапчасти, склад, магазин, косметология(шугаринг, эпиляция, брови), ногтевая студия, швейная мастерская, ремонт техники и другие виды услуг. Чистый ремонт, без мебели, панорамные окна, отдельный вход, бесплатная парковка. Коммунальные услуги не ",2026-09-29T21:09:42.454Z,55.83656,49.126195,"Россия, Республика Татарстан (Татарстан), Казань, улица Маршала Чуйкова, 27",house
8451115159,Офис с юр. адресом 15-20м²,1350,1 350 ₽ в месяц с НДС,₽,₽/мес.,20,"Пр-т Ямашева, 36к3, Козья Слобода, 16–20 мин.",https://www.avito.ru/kazan/kommercheskaya_nedvizhimost/ofis_s_yur._adresom_15-20m_8451115159,5 часов назад,,"Сдам блок-офис 35 кВ. М, который состоит из двух кабинетов: 15 кв. М. И 20 кВ. М. Можно арендовать отдельно каждый кабинет. В блок-офисе свой сан узел. Доступ в здание с 6:00 до 21:00 без выходных. Уборка входит в стоимость. Электроэнергия оплачивается отдельно по счетчику. Предоставляем юридический",2026-09-29T21:09:42.454Z,55.827818,49.103557,"Россия, Республика Татарстан (Татарстан), Казань, проспект Ямашева, 36к3",house
7520119231,"Свободного назначения, 275 м²",2500,2 500 ₽ в месяц за м²,₽,₽/мес. за м²,275,"Ул. Бутлерова, 18, Площадь Тукая, 6–10 мин.",https://www.avito.ru/kazan/kommercheskaya_nedvizhimost/svobodnogo_naznacheniya_275_m_7520119231,2 часа назад,A-DEVELOPMENT,"Описание объектa: Сдается в аpенду пoмещениe свoбoднoгo нaзнaчeния плoщaдью 275 кв. М. Нa первом этaжe жилoго дoмa по aдpecу Бутлерова, 18. Пoмeщениe cдaeтcя в предчистовой отделкe, Расположение и инфраструктура: Объект расположен в густонаселенном жилом массиве, в месте деловой активности, неподалё",2026-09-29T21:09:42.454Z,55.787548,49.130929,"Россия, Республика Татарстан (Татарстан), Казань, улица Бутлерова, 18",house
8435295135,Изумрудно- белый офис на 7 человек с парковкой,59995,59 995 ₽ в месяц с НДС,₽,₽/мес.,50,"Ул. Галиаскара Камала, 41, Площадь Тукая, 16–20 мин.",https://www.avito.ru/kazan/kommercheskaya_nedvizhimost/izumrudno-_belyy_ofis_na_7_chelovek_s_parkovkoy_8435295135,14 часов назад,"бизнес центр ""Мастер""","Офис в БЦ «Мастер» — английский стиль с изумрудными стенами, директорской зоной и окном во всю стену. Адрес: Казань, ул. Галиаскара Камала, 41 (Центр города). Описание офиса Предлагаем в аренду уникальный офис площадью 50 м², выполненный в английском стиле с утончённым дизайнерским ремонтом. Интерье",2026-09-29T21:09:42.454Z,55.781266,49.105417,"Россия, Республика Татарстан (Татарстан), Казань, улица Галиаскара Камала, 41",house
8393251840,Сдам 77м/ 20 кВт/ под любой бизнес,1300,1 300 ₽ в месяц за м²,₽,₽/мес. за м²,77,"Ул. Мансура Хасанова, 13, Аметьево, 21–30 мин.",https://www.avito.ru/kazan/kommercheskaya_nedvizhimost/sdam_77m_20_kvt_pod_lyuboy_biznes_8393251840,5 часов назад,Bro.X: коммерческая недвижимость,"Сдаю помещение 77 м² на первой линии ЖК «Мечта». Льготная арендная ставка: 1300 р/м на срок от 3-х месяцев, оговаривается индивидуально. По истечении льготного периода — ставка 1.800р/м. В чём его уникальность: - это единственный дом в данном ЖК, где свободный доступ к помещениям со стороны улицы. В",2026-09-29T21:09:42.454Z,55.779378,49.183696,"Россия, Республика Татарстан (Татарстан), Казань, улица Мансура Хасанова, 13",house
8284068510,"Аренда офиса, все включено, юр.адрес, интернет",15000,15 000 ₽ в месяц,₽,₽/мес.,15,"Театральная ул., 1/29, Площадь Тукая, 11–15 мин.",https://www.avito.ru/kazan/kommercheskaya_nedvizhimost/arenda_ofisa_vse_vklyucheno_yur.adres_internet_8284068510,6 часов назад,,"Помещение 15 кв. М с мебелью, с общей зоной отдыха и кухней. Стоимость: - 60 000 рублей за весь офис. - 15 000 рублей за одно рабочее место. Всего 4 рабочих мест в офисе. Мы находимся на Театральной 1/29, у нас свой отдельный вход. Что мы предлагаем: - Офисы (комнаты), которые закрепляются за вами и",2026-09-29T21:09:42.454Z,55.795013,49.123518,"Россия, Республика Татарстан (Татарстан), Казань, Театральная улица, 1/29",house
8264584715,"Аренда офиса на 6 человек, юр.адрес, интернет",15500,15 500 ₽ в месяц,₽,₽/мес.,25,"Театральная ул., 1/29, Площадь Тукая, 11–15 мин.",https://www.avito.ru/kazan/kommercheskaya_nedvizhimost/arenda_ofisa_na_6_chelovek_yur.adres_internet_8264584715,6 часов назад,,"Помещение 25 кв. М с мебелью, с общей зоной отдыха и кухней. Стоимость: - 93 000 рублей за весь офис. - 15 500 рублей за одно рабочее место. Всего 6 рабочих мест в офисе. Что мы предлагаем: - Дизайнерский интерьер. - Услуги по административному обслуживанию. - Клининговые услуги. - Коммунальные услу",2026-09-29T21:09:42.454Z,55.795013,49.123518,"Россия, Республика Татарстан (Татарстан), Казань, Театральная улица, 1/29",house
7329968919,"Торговая площадь, 44 м²",44000,44 000 ₽ в месяц,₽,₽/мес.,44,"Детский пр., 8, р-н Приволжский",https://www.avito.ru/kazan/kommercheskaya_nedvizhimost/torgovaya_ploschad_44_m_7329968919,3 дня назад,,"Прeдлагаем в аренду готовое пoмещeние площaдью 43,5 кв. М. С косметическим ремoнтoм, на пepвoм этaжe многоквартирного жилого дома, сан. Узел, бытовая комната, кондиционер. Можно заехать и работать. Помещение рядом со строющейся школой (сроки сдачи 2026). Имеется готовое электрофицированное место под",2026-09-29T21:09:42.454Z,55.678352,49.199794,"Россия, Республика Татарстан (Татарстан), Казань, Детский проезд, 8",house
7834670871,"Свободного назначения, 32 м²",22300,22 300 ₽ в месяц,₽,₽/мес.,32,"Ул. Миславского, 9, Кремлёвская, 6–10 мин.",https://www.avito.ru/kazan/kommercheskaya_nedvizhimost/svobodnogo_naznacheniya_32_m_7834670871,14 часов назад,НиР,"Сдаю хорошее помещение в центре города по ул. Миславского, находится рядом с Кремлём и мэрией, площадь 30 квм, отлично подойдёт под склад или мастерскую или офис.",2026-09-29T21:09:42.454Z,55.796764,49.111993,"Россия, Республика Татарстан (Татарстан), Казань, улица Миславского, 9",house
8349807735,"Торговая площадь, магазин, пункт вдачи 30 м²",50000,50 000 ₽ в месяц,₽,₽/мес.,30,"Московская ул., 48, Площадь Тукая, 11–15 мин.",https://www.avito.ru/kazan/kommercheskaya_nedvizhimost/torgovaya_ploschad_magazin_punkt_vdachi_30_m_8349807735,15 часов назад,Коммерция в аренду,"Сдаётся в аренду готовое коммерческое помещение площадью 30 кв. М. На цокольном этаже Торгового центра «Эталон» (самый центр Казани, Вахитовский район). Главное Преимущество — Генерация Бешеного Трафика: Помещение расположено в максимально проходной локации цоколя: Вплотную к супермаркету Fix Price ",2026-09-29T21:09:42.454Z,55.786789,49.109657,"Россия, Республика Татарстан (Татарстан), Казань, Московская улица, 48",house
8367403785,"Кабинет бьюти-мастера 25 м² Окно, 24/7",25000,25 000 ₽ в месяц,₽,₽/мес.,25,"Ул. Павлюхина, 108Б, Суконная слобода, 11–15 мин.",https://www.avito.ru/kazan/kommercheskaya_nedvizhimost/kabinet_byuti-mastera_25_m_okno_247_8367403785,7 дней назад,,"Сдается уютный и просторный кабинет площадью 25 м² для специалистов бьюти-сферы, косметологии, перманента, лэшмейкера, массажа, эстетических процедур, эпиляция, маникюр, педикюр, остеопат, ресницы, парикмахер и других направлений. (Не кератин). Можно поставить мокрую точку, трубы подведены. Преимуще",2026-09-29T21:09:42.454Z,55.769089,49.141466,"Россия, Республика Татарстан (Татарстан), Казань, улица Павлюхина, 108Б",house
8160407507,Аренда склада 447 м²,245850,245 850 ₽ в месяц,₽,₽/мес.,447,"Д. Старое Кощаково, Промпарковая ул., 5",https://www.avito.ru/kazan/kommercheskaya_nedvizhimost/arenda_sklada_447_m_8160407507,2 часа назад,A-DEVELOPMENT,"Аренда склада 447 м². РТ, Пестречинский район, Кощаковское с/п, д. Старое Кощаково, ул. Промпаковая, 5. Характеристики Помещения. Площадь: 447 м². Высота до конька: 9 м. Подъёмные ворота 3×3 м на нулевой отметке. Свой санузел. Полы: антипылевое покрытие, нагрузка до 7 тонн. Инженерные Системы. Элект",2026-09-29T21:09:42.454Z,55.82841,49.421938,"Россия, Республика Татарстан (Татарстан), Пестречинский район, Кощаковское сельское поселение, деревня Старое Кощаково, Промпарковая улица, 5",house
8270817337,"Помещение свободного назначения, 62 м²",74400,74 400 ₽ в месяц,₽,₽/мес.,62,"Ул. Кул Гали, 29, Дубравная, 21–30 мин.",https://www.avito.ru/kazan/kommercheskaya_nedvizhimost/pomeschenie_svobodnogo_naznacheniya_62_m_8270817337,5 часов назад,Bro.X: коммерческая недвижимость,"Сдается помещение 62 м² в новом ЖК, в густонаселенном районе с ремонтом, расположенное по адресу: г. Казань, ул. Кул Гали, д. 29, В ЖК Изумрудный. Расположение: Первая линия в новом, современном и густонаселенном жилом комплексе. Характеристики помещения: — Площадь: 62 кв. М (также есть возможность ",2026-09-29T21:09:42.454Z,55.750783,49.247009,"Россия, Республика Татарстан (Татарстан), Казань, улица Кул Гали, 29",house
8421012671,"Закиева, 39.Торговая площадь, 11 м²",20000,20 000 ₽ в месяц,₽,₽/мес.,11,"Советский район, мкр-н Азино-1, ул. Закиева, 39, Проспект Победы, от 31 мин.",https://www.avito.ru/kazan/kommercheskaya_nedvizhimost/zakieva_39.torgovaya_ploschad_11_m_8421012671,8 часов назад,АН Регион 16,"Закиева дом 39, 1 линия, 1 этаж. Хорошая проходимость! Автобус и троллейбус остановка. * Расположение: На первом этаже жилого дома, вход с 1-й линии улицы. * Техническое обустройство объекта: Центральное отопление, сан. Узел. * Место под вывеску: В соответствии с требованиями есть место под вывеску ",2026-09-29T21:09:42.454Z,55.77714,49.230885,"Россия, Республика Татарстан (Татарстан), Казань, Советский район, микрорайон Азино-1, улица Закиева, 39",house
8416157309,"Офис (Все включено с НДС), 160 м²",336000,336 000 ₽ в месяц с НДС,₽,₽/мес.,160,"Ул. Абсалямова, 36, Козья Слобода, 16–20 мин.",https://www.avito.ru/kazan/kommercheskaya_nedvizhimost/ofis_vse_vklyucheno_s_nds_160_m_8416157309,2 часа назад,A-DEVELOPMENT,"Предлагается офисная площадь 160 м² в бизнес-центре «Наутилус» по адресу: Казань, ул. Абсалямова, 36. Площадь можно сформировать из нескольких кабинетов под конкретные задачи компании. В бизнес-центре кабинетная планировка: доступны помещения разного размера — от небольших кабинетов до крупных офисо",2026-09-29T21:09:42.454Z,55.824,49.110573,"Россия, Республика Татарстан (Татарстан), Казань, улица Абсалямова, 36",house
8421724742,Свободного назначения,46000,46 000 ₽ в месяц,₽,₽/мес.,,"Ул. Юлиуса Фучика, 115, Проспект Победы, 21–30 мин.",https://www.avito.ru/kazan/kommercheskaya_nedvizhimost/svobodnogo_naznacheniya_8421724742,7 дней назад,,Сдается помещение свободного назначения (ранее арендовал салон красоты) с высокой проходимостью (рядом ВБ и Озон) на первой линии (напротив ТЦ Франт) в высоком цокольном этаже с полноценными окнами.,2026-09-29T21:09:42.454Z,55.76286,49.230381,"Россия, Республика Татарстан (Татарстан), Казань, улица Юлиуса Фучика, 115",house
8305034055,"Помещение свободного назначения, 120 м²",110000,110 000 ₽ в месяц,₽,₽/мес.,120,"Ул. Сибирский Тракт, 13, р-н Советский",https://www.avito.ru/kazan/kommercheskaya_nedvizhimost/pomeschenie_svobodnogo_naznacheniya_120_m_8305034055,11 часов назад,Вквадрате,"Сдаётся просторное помещение под офис на закрытой охраняемой территории. Идеальное решение для компании, которой важны безопасность, приватность и статусный адрес. Адрес: Сибирский тракт, 13. — удобная транспортная доступность, свои парковочные места. Почему этот офис выгоднее аналогов: Закрытая тер",2026-09-29T21:09:42.454Z,55.807531,49.181765,"Россия, Республика Татарстан (Татарстан), Казань, улица Сибирский Тракт, 13",house
8268690206,"Офис, 33.9 м²",44000,44 000 ₽ в месяц,₽,₽/мес.,33.9,"Ул. Гагарина, 99, Северный вокзал, 6–10 мин.",https://www.avito.ru/kazan/kommercheskaya_nedvizhimost/ofis_33.9_m_8268690206,13 часов назад,Клабхаус,"Сдаем кабинет под офис общей площадью 33,9 м2.",2026-09-29T21:09:42.454Z,55.836878,49.077713,"Россия, Республика Татарстан (Татарстан), Казань, улица Гагарина, 99",house
1695623596,"Свободного назначения, 62 м²",50000,50 000 ₽ в месяц,₽,₽/мес.,62,"Гвардейская ул., 46А, Аметьево, 21–30 мин.",https://www.avito.ru/kazan/kommercheskaya_nedvizhimost/svobodnogo_naznacheniya_62_m_1695623596,7 часов назад,Екатерина,"Помещение свободного назначения 62 и кв/м, в административном здании, на производственной базе, свободного назначения, офис, склад, мастерская, пооизводство, так же имеется возможность арендовать помещение под склад или производство, так же имеется возможность предоставления юр. Адреса!",2026-09-29T21:09:42.454Z,55.780026,49.176662,"Россия, Республика Татарстан (Татарстан), Казань, Гвардейская улица, 46А",house
8176619560,"Свободного назначения, 8 м²",8000,8 000 ₽ в месяц с НДС,₽,₽/мес.,8,"Енисейская ул., 3А, Яшьлек, 6–10 мин.",https://www.avito.ru/kazan/kommercheskaya_nedvizhimost/svobodnogo_naznacheniya_8_m_8176619560,Вчера,ИК,"В наличии два помещения свободного назначения 8 кв. М. -4 этаж. - отличные подъездные пути. - парковочные места. -качественная отделка/свободная планировка. -удобная входная группа. -помещение подходит под офис, мини студии.",2026-09-29T21:09:42.454Z,55.834628,49.086292,"Россия, Республика Татарстан (Татарстан), Казань, Енисейская улица, 3А",house
2531329151,"Общепит, 7 м²",21000,21 000 ₽ в месяц,₽,₽/мес.,7,"Гвардейская ул., 53Б, Аметьево, 11–15 мин.",https://www.avito.ru/kazan/kommercheskaya_nedvizhimost/obschepit_7_m_2531329151,Вчера,,"Сдаётся готовое помещение под точку быстрого питания и не только! Адрес: ул. Гвардейская, 53 б, рынок Сады. Ищете идеальное место для открытия своего бизнеса? Мы предлагаем вам уникальную возможность арендовать готовое помещение на территории одного из самых популярных рынков города! Преимущества на",2026-09-29T21:09:42.454Z,55.771272,49.176653,"Россия, Республика Татарстан (Татарстан), Казань, Гвардейская улица, 53Б",house
8032937477,Офис,110000,110 000 ₽ в месяц,₽,₽/мес.,90,"Ул. Зинина, 7, Суконная слобода, 21–30 мин.",https://www.avito.ru/kazan/kommercheskaya_nedvizhimost/ofis_8032937477,11 часов назад,,"Обратите внимание! Интересное предложение… Именно для Вас! Сдаём нежилое помещение (со своими парковочными местами — 4 места под ваше авто) в Вахитовском районе города Казани. Прекрасное месторасположение и удобные подъездные пути. Идеально подходит под клиентский офис, размещение объектов торговли ",2026-09-29T21:09:42.454Z,55.790337,49.156405,"Россия, Республика Татарстан (Татарстан), Казань, улица Зинина, 7",house
4448391646,"Офис, 28 м²",29000,29 000 ₽ в месяц,₽,₽/мес.,28,"Ул. Муштари, 12Б, Площадь Тукая, 11–15 мин.",https://www.avito.ru/kazan/kommercheskaya_nedvizhimost/ofis_28_m_4448391646,14 часов назад,,"От собственника, без комиссии! Сдаётся помещение 28 кв. М под офис, расположенное в самом центре города.",2026-09-29T21:09:42.454Z,55.790357,49.136543,"Россия, Республика Татарстан (Татарстан), Казань, улица Муштари, 12Б",house
8513140164,"Свободного назначения, 37.5 м²",19500,19 500 ₽ в месяц,₽,₽/мес.,37.5,"Ул. Братьев Петряевых, 27, Суконная слобода, 21–30 мин.",https://www.avito.ru/kazan/kommercheskaya_nedvizhimost/svobodnogo_naznacheniya_37.5_m_8513140164,14 часов назад,"ООО ""АКОРОС""","Помещение на 3-ем этaже. Светлый, теплый. Сан узел в комнате. До центра города 10 минут. Есть бесплатная открытая парковка. Помещение свободно. Можно сразу заехать. В стоимость все включено, если у Вас большое потребление электроэнергии, то электричество по счетчику. График работы с 7:00 до 20:00. П",2026-09-29T21:09:42.454Z,55.764551,49.116664,"Россия, Республика Татарстан (Татарстан), Казань, улица Братьев Петряевых, 27",house
8386244109,Свободного назначения,1177,1 177 ₽ в месяц за м²,₽,₽/мес. за м²,,"Ул. Рауиса Гареева, 98, Дубравная, от 31 мин.",https://www.avito.ru/kazan/kommercheskaya_nedvizhimost/svobodnogo_naznacheniya_8386244109,3 дня назад,,"Сдам коммерческое помещение в густонаселенном районе. Собственник! Идеально под: салон красоты, барбершоп, детский сад/развивающий центр, медицинский кабинет, магазин, пункт выдачи, офис. Светлое, просторное помещение с свободной планировкой — готово к воплощению любых бизнес-идей. Раньше здесь расп",2026-09-29T21:09:42.454Z,55.72377,49.171614,"Россия, Республика Татарстан (Татарстан), Казань, улица Рауиса Гареева, 98",house
8480159904,Офисы от 17 м²,600,600 ₽ в месяц с НДС,₽,₽/мес.,17,"Ул. Адоратского, 50Ак8, р-н Ново-Савиновский",https://www.avito.ru/kazan/kommercheskaya_nedvizhimost/ofisy_ot_17_m_8480159904,12 часов назад,"АО ""ТАТЭМ""","Помещения в аренду. Качество отделки, ценовые категории от эконом до бизнес. Охраняемая территория, имеется парковка, столовая. Индивидуальный подход. Арендные каникулы. Коммунальные платежи оплачиваются отдельно.",2026-09-29T21:09:44.790Z,55.846472,49.153306,"Россия, Республика Татарстан (Татарстан), Казань, улица Адоратского, 50Ак8",house
8283741084,"Свободного назначения, 146 м²",81760,81 760 ₽ в месяц,₽,₽/мес.,146,"Ул. Айдарова, 6, Авиастроительная, 16–20 мин.",https://www.avito.ru/kazan/kommercheskaya_nedvizhimost/svobodnogo_naznacheniya_146_m_8283741084,9 часов назад,МОНОЛИТ + агентство недвижимости,"Сдаётся в аренду коммерческое помещение в Казани. Адрес: ул. Айдарова, 6 (первая линия). Площадь: 146 м². Высота потолков: 3 м. Электрическая мощность: 63 квт. Стоимость: первые 2 мес 560 руб. /м², далее 750 руб. /м² в месяц. Арендные каникулы: 1 месяц. Рассмотрим субаренду, а также аренду частями. ",2026-09-29T21:09:44.790Z,55.868652,49.090756,"Россия, Республика Татарстан (Татарстан), Казань, улица Айдарова, 6",house
8087913449,"Под офис-студию, массаж в центре 14 м² + парковка",890,890 ₽ в месяц за м² с НДС,₽,₽/мес. за м²,14,"Ул. Сары Садыковой, 59А, Площадь Тукая, 21–30 мин.",https://www.avito.ru/kazan/kommercheskaya_nedvizhimost/pod_ofis-studiyu_massazh_v_tsentre_14_m_parkovka_8087913449,11 часов назад,СЕРВИС-СТРОЙ ООО,"Не риэлтор! Без комиссии. Сдаем в аренду помещения 14 м2 на Втором этаже административного здания. Под любое назначение (офис, ноготочки, массаж,…) Возможность монтажа мокрой точки имеется. Транспортная доступность: въезд как со стороны улицы Сары Садыковой, так и с улицы Габдуллы Тукая. Бесплатная ",2026-09-29T21:09:44.790Z,55.771621,49.119853,"Россия, Республика Татарстан (Татарстан), Казань, улица Сары Садыковой, 59А",house
8274609419,20 м² в новом ТЦ с Пятерочкой,50000,50 000 ₽ в месяц,₽,₽/мес.,20,"Пос. Озёрный, Дорожная ул., 6",https://www.avito.ru/kazan/kommercheskaya_nedvizhimost/20_m_v_novom_tts_s_pyaterochkoy_8274609419,11 часов назад,Вквадрате,"Торговое помещение 20 м² со своим отдельным входом в новом торговом комплексе с федеральным якорным арендатором «Пятёрочка». Компактная площадь для бизнеса, которому важны регулярный покупательский поток, хорошая видимость и соседство с сильным федеральным ритейлом. Первая линия трассы Казань–Шигали",2026-09-29T21:09:44.790Z,55.922162,49.054689,"Россия, Республика Татарстан (Татарстан), Высокогорский район, Семиозерское сельское поселение, посёлок Озёрный, Дорожная улица, 6",house
8352041394,"Кабинет 25,5 м² в БЦ Видный, Баруди",29835,29 835 ₽ в месяц,₽,₽/мес.,25.5,"Ул. Галимджана Баруди, 4к2, Яшьлек, 21–30 мин.",https://www.avito.ru/kazan/kommercheskaya_nedvizhimost/kabinet_255_m_v_bts_vidnyy_barudi_8352041394,12 часов назад,2 А-Недвижимость,"Сдаётся готовый к работе кабинет 25,5 м² в БЦ «Видный» (Кировский район, ул. Баруди, 4 к.2). Офисная отделка, кабинетная планировка — можно заехать и сразу начать работать. Характеристики помещения. — Площадь — 25,5 м², кабинетная планировка. — 3 этаж, лифт, высота потолков 2,2 м. — Все коммуникации",2026-09-29T21:09:44.790Z,55.81778,49.065118,"Россия, Республика Татарстан (Татарстан), Казань, улица Галимджана Баруди, 4к2",house
8061718440,"Офис, 23 м²",2900,2 900 ₽ в месяц за м²,₽,₽/мес. за м²,23,"Ул. Сибгата Хакима, 62, Козья Слобода, от 31 мин.",https://www.avito.ru/kazan/kommercheskaya_nedvizhimost/ofis_23_m_8061718440,10 часов назад,UD Group I Девелопер коммерческой недвижимости,"UD Group открывает возможность aренды офисных площадей в топовой локации, нaпрямую oт сoбcтвeнникa бeз кoмиссии и дополнитeльныx процeнтов. Офисное помещение с ремонтом, на 3 этаже с панорамным остеклением, площадью от 23 кв. М бизнес-центре класса А «Uno». Характеристика помещения: — Высота потолко",2026-09-29T21:09:44.790Z,55.815079,49.143865,"Россия, Республика Татарстан (Татарстан), Казань, улица Сибгата Хакима, 62",house
2182518660,"Офис, 22 м². Под бьюти",44000,44 000 ₽ в месяц,₽,₽/мес.,22,"Ул. Коммунаров, 2, Яшьлек, 11–15 мин.",https://www.avito.ru/kazan/kommercheskaya_nedvizhimost/ofis_22_m._pod_byuti_2182518660,1 неделю назад,,В небольшом офисном центре сдаётся офис под бьюти услуги. 22 кв. М — 44000 руб. С мокрой точкой. Скоростной интернет. Кондиционер. Домофон. Предоставляем юридический адрес. Первая линия. Удобная Свободная Парковка. Дополнительно коммунальные платежи по счётчику. Рядом остановка общественного транспо,2026-09-29T21:09:44.790Z,55.819358,49.078324,"Россия, Республика Татарстан (Татарстан), Казань, улица Коммунаров, 2",house
4582762020,"Свободного назначения, 51 м²",35000,35 000 ₽ в месяц,₽,₽/мес.,51,"Тульская ул., 43, р-н Приволжский",https://www.avito.ru/kazan/kommercheskaya_nedvizhimost/svobodnogo_naznacheniya_51_m_4582762020,13 часов назад,Адель,"Теплое помещение с свободным назначением. Под токарные работы, автосервис и множество других видов работ. Доступ в помещение 24/7. Уличное видеонаблюдение. Постоянное электроснабжение. Централизованное отопление. Холодное водоснабжение, канализация в объеме бытовых нужд. 51 квадрат. Стоимость ку не ",2026-09-29T21:09:44.790Z,55.731465,49.136894,"Россия, Республика Татарстан (Татарстан), Казань, Тульская улица, 43",house
8376138701,"Сдам помещение свободного назначения, 72 м²",61200,61 200 ₽ в месяц,₽,₽/мес.,72,"Крутая ул., 3, р-н Советский",https://www.avito.ru/kazan/kommercheskaya_nedvizhimost/sdam_pomeschenie_svobodnogo_naznacheniya_72_m_8376138701,5 часов назад,«Флэт»,"Сдается офис по адресу Крутая 3. Общая площадь 72 кв. М. Хорошая, спокойная локация. Спальный район. Большая проходимость. Можно снять кабинеты по отдельности, цена обсуждается. Имеются 4 кабинета, хороший ремонт. Все детали обсуждаемы. Звоните/пишите! Эксклюзивное предложение!",2026-09-29T21:09:44.790Z,55.780613,49.244737,"Россия, Республика Татарстан (Татарстан), Казань, Крутая улица, 3",house
8406437000,Квартира под студию или салон,45000,45 000 ₽ в месяц,₽,₽/мес.,,"Ул. Четаева, 43А, Козья Слобода, 16–20 мин.",https://www.avito.ru/kazan/kommercheskaya_nedvizhimost/kvartira_pod_studiyu_ili_salon_8406437000,3 дня назад,Алексей,"Можно использовать под офис, шоу-рум, салон красоты, ногтевую студию, кабинет парикмахера, косметологический кабинет и т. Д. Сдаётся квартира с хорошим ремонтом. Этаж со стилобата первый, по факту второй. Есть кондиционер, накопительный водонагреватель. 2 отдельные комнаты, прихожая, санузел, бытовк",2026-09-29T21:09:44.790Z,55.823909,49.113457,"Россия, Республика Татарстан (Татарстан), Казань, улица Четаева, 43А",house
7450853864,"Офис, 21 м²",16800,16 800 ₽ в месяц,₽,₽/мес.,21,"Ул. Новаторов, 2В, р-н Советский",https://www.avito.ru/kazan/kommercheskaya_nedvizhimost/ofis_21_m_7450853864,14 часов назад,,"Адрес: г. Казань, ул. Новаторов 2В. Рядом: Центр города. Характеристики: -планировка кабинетная, санузлы расположены в коридоре на этаже. -высокие потолки, много окон, светлые помещения. -лифт. - Площадь: 21м. Кв 800 руб за м кв. Пятый этаж, в наличии есть и другие площади. -Вентиляция (тип): Приточ",2026-09-29T21:09:44.790Z,55.803099,49.179402,"Россия, Республика Татарстан (Татарстан), Казань, улица Новаторов, 2В",house
8353648437,"Склад, 130 м²",600,600 ₽ в месяц за м²,₽,₽/мес. за м²,130,"Ул. Восстания, 100к5132, Яшьлек, от 31 мин.",https://www.avito.ru/kazan/kommercheskaya_nedvizhimost/sklad_130_m_8353648437,15 часов назад,Арендодатель,"Сдам в долгосрочную аренду теплое помещение 130 кв м под склад, хранение или производство на ул Восстания. Площадь склада 130 м2, ставка 600 р/м2. Есть грузовой лифт 4 *2, грузоподъемность 2 тонны. 2й этаж с грузовым лифтом там площадь 330 кВ м. Высота потолков 3,2 м — 5 м. Централизованное отоплени",2026-09-29T21:09:44.790Z,55.834719,49.043002,"Россия, Республика Татарстан (Татарстан), Казань, улица Восстания, 100к5132",house
7943945450,Свободного назначения,56000,56 000 ₽ в месяц,₽,₽/мес.,,"Пр-т Ямашева, 61Б, Козья Слобода, 21–30 мин.",https://www.avito.ru/kazan/kommercheskaya_nedvizhimost/svobodnogo_naznacheniya_7943945450,Вчера,Алина,"Собственник, сдаю помещение в бизнес-центре первая линия ул. Ямашева. Большой пешеходный трафик. В. В здании находится федеральный банк, клиника, различные центры. Есть возможность повесить вывеску на фасаде здания. Вход отдельный, возможен круглосуточный доступ. В помещении установлены теплые полы ",2026-09-29T21:09:44.790Z,55.826291,49.129123,"Россия, Республика Татарстан (Татарстан), Казань, проспект Ямашева, 61Б",house
8447964290,Помещение свободного назначения,1500,1 500 ₽ в месяц за м²,₽,₽/мес. за м²,25.08,"Мкр-н Адмиралтейская Слобода, Большая ул., 76, Кремлёвская, от 31 мин.",https://www.avito.ru/kazan/kommercheskaya_nedvizhimost/pomeschenie_svobodnogo_naznacheniya_8447964290,12 часов назад,,"Дорогие предприниматели! Представляем вам уникальное коммерческое помещение в одном из самых перспективных районов города. Здесь, где история встречается с будущим, мы создали пространство, которое станет идеальной площадкой для развития вашего бизнеса. Планировочные решения. Комфортная зона площадь",2026-09-29T21:09:44.790Z,55.796456,49.057968,"Россия, Республика Татарстан (Татарстан), Казань, микрорайон Адмиралтейская Слобода, Большая улица, 76",house
8238082730,"Офисы премиум-класса в ЖК «Максат», 34.6 м²",86500,86 500 ₽ в месяц,₽,₽/мес.,34.6,"Ул. Галиаскара Камала, 39, Площадь Тукая, 16–20 мин.",https://www.avito.ru/kazan/kommercheskaya_nedvizhimost/ofisy_premium-klassa_v_zhk_maksat_34.6_m_8238082730,11 часов назад,Вквадрате,"ЖК «Максат» — жилой комплекс бизнес-класса в самом сердце Казани, в Вахитовском районе. Архитектура выполнена из керамического кирпича с облицовкой натуральным камнем — статусное окружение для вашего бизнеса. Расположение в историческом центре даёт доступ к развитой инфраструктуре: парки, набережная",2026-09-29T21:09:44.790Z,55.780917,49.105893,"Россия, Республика Татарстан (Татарстан), Казань, улица Галиаскара Камала, 39",house
7965820967,"Сдам помещение свободного назначения, 380 м²",266000,266 000 ₽ в месяц с НДС,₽,₽/мес.,380,"Ул. Николая Калашникова, 32А, Дубравная, от 31 мин.",https://www.avito.ru/kazan/kommercheskaya_nedvizhimost/sdam_pomeschenie_svobodnogo_naznacheniya_380_m_7965820967,5 часов назад,ПОЛЕЗНЫЕ ЛЮДИ,"Сдается в аренду помещение свободной планировки 380 кв. М. Большое пространство для организации офиса или производства, в помещении два входа, место для погрузки-разгрузки. Все необходимые коммуникации в наличии, электрическая мощность более 150квт. Закрытая парковка для автомобилей на 50 мест. Удоб",2026-09-29T21:09:44.790Z,55.765205,49.247162,"Россия, Республика Татарстан (Татарстан), Казань, улица Николая Калашникова, 32А",house
8359362592,"Торговая площадь, 18 м²",60000,60 000 ₽ в месяц,₽,₽/мес.,18,"Краснококшайская ул., 164А, Яшьлек, 21–30 мин.",https://www.avito.ru/kazan/kommercheskaya_nedvizhimost/torgovaya_ploschad_18_m_8359362592,12 часов назад,,"Сдаётся часть торгового павильона с ремонтом на оживлённом остановке Кировского района. Выезд из города в направлении Залесного, Горьковское шоссе. Площадь 18 кв. М. Павильон расположен в густонаселённом жилом районе, рядом остановка общественного транспорта, детские сады, школа, аптеки, банки и др.",2026-09-29T21:09:44.790Z,55.819029,49.056432,"Россия, Республика Татарстан (Татарстан), Казань, Краснококшайская улица, 164А",house
8061772461,Свободного назначения,40000,40 000 ₽ в месяц,₽,₽/мес.,,"Ул. Юлиуса Фучика, 8, Проспект Победы, 11–15 мин.",https://www.avito.ru/kazan/kommercheskaya_nedvizhimost/svobodnogo_naznacheniya_8061772461,8 часов назад,Милана,"Риелторов С Предложениями О Сотрудничестве Просьба Не Беспокоить! Сдаётся помещение свободного назначения, три мокрых точки, три кабинета, холл-ресепшен. Общая площадь всего помещения 40кв. Помещение с ремонтом. Есть камеры видеонаблюдения, пожарная сигнализация, охрана, есть кондиционер, вытяжки. С",2026-09-29T21:09:44.790Z,55.742909,49.2023,"Россия, Республика Татарстан (Татарстан), Казань, улица Юлиуса Фучика, 8",house
3987951327,"Свободного назначения, 5 м² с мокрой точкой",9000,9 000 ₽ в месяц,₽,₽/мес.,5,"Ул. Парижской Коммуны, 6, Площадь Тукая, 6–10 мин.",https://www.avito.ru/kazan/kommercheskaya_nedvizhimost/svobodnogo_naznacheniya_5_m_s_mokroy_tochkoy_3987951327,2 недели назад,Собственник,"Сдается помещение 5 кв. М. С мокрой точкой, третий этаж, окно, 9000 руб. /мес., включая коммунальные услуги. (первые 4 фотографии). Рядом с помещнием небольшая зона ожидания. Есть другие площади. 24 кв. М. С мокрой точкой, три окна на юг, кондиционер, 3й этаж- 40000 руб/ мес., включая к/у. Здание на",2026-09-29T21:09:44.790Z,55.78443,49.115505,"Россия, Республика Татарстан (Татарстан), Казань, улица Парижской Коммуны, 6",house
2480824165,"Свободного назначения, 53.9 м²",2000,2 000 ₽ в месяц за м²,₽,₽/мес. за м²,53.9,"Ул. Четаева, 43А, Козья Слобода, 16–20 мин.",https://www.avito.ru/kazan/kommercheskaya_nedvizhimost/svobodnogo_naznacheniya_53.9_m_2480824165,8 часов назад,Пользователь,"Сдам коммерческое помещение с готовым ремонтом с лучшим расположением и высоким пешеходным трафиком. Находится в самом густонаселенном месте города.  . Город Казань, Ново-Савиновский район, ул. Четаева, д. 43А. Есть с/у, и зона кухни. В помещении проведено электричество, отопление, водоснабжение, до",2026-09-29T21:09:44.790Z,55.823909,49.113457,"Россия, Республика Татарстан (Татарстан), Казань, улица Четаева, 43А",house
8435489122,"Производство, 252 м² Химград",500,500 ₽ в месяц за м² с НДС,₽,₽/мес. за м²,252,"Ул. Восстания, 100к6181, Северный вокзал, 21–30 мин.",https://www.avito.ru/kazan/kommercheskaya_nedvizhimost/proizvodstvo_252_m_himgrad_8435489122,1 час назад,АН Наше Время,"Сдаётся помещение 252 кв. М в «Химграде» — под производство, склад, офис, цех на 2 этаже трехэтажного производственного здания. Просторный зал (для основных работ) + отдельные комнаты (офис, зона приёма пищи, хранение). Преимущества: — высокие потолки — 4,7 м; — мощность — 30 квт (можно увеличить); ",2026-09-29T21:09:44.790Z,55.837803,49.055237,"Россия, Республика Татарстан (Татарстан), Казань, улица Восстания, 100к6181",house
2574377250,"Офис, 100 м²",180000,180 000 ₽ в месяц,₽,₽/мес.,100,"Пр-т Ямашева, 45А, Козья Слобода, 21–30 мин.",https://www.avito.ru/kazan/kommercheskaya_nedvizhimost/ofis_100_m_2574377250,3 часа назад,,"Сдается офисные — свободного назначение помещение по адресу ул. Ямашева 45а, общей площадью 100 кв. М. Новый современный бизнес центр класса А «Парус» с удобным месторасположением. Пересечение ул. Ямашева — ул. Мусина. Напротив ТЦ «Парк-Хаус». Свободная планировка, панорамный вид на город. Есть подз",2026-09-29T21:09:44.790Z,55.826347,49.119871,"Россия, Республика Татарстан (Татарстан), Казань, проспект Ямашева, 45А",house
3033215064,"Офис, склад в центре 91 м² + парковка",695,695 ₽ в месяц за м² с НДС,₽,₽/мес. за м²,91,"Ул. Сары Садыковой, 59, Суконная слобода, 21–30 мин.",https://www.avito.ru/kazan/kommercheskaya_nedvizhimost/ofis_sklad_v_tsentre_91_m_parkovka_3033215064,11 часов назад,СЕРВИС-СТРОЙ ООО,"Не риэлтор! Без комиссии. Сдаётся просторное тёплое, помещение в центре Казани под фулфилмент, офис-склад, региональное/торговое представительство, творчество и любое иное назначение. Помещение реально такое, сдаётся без мебели (на фото); картинки с мебелью — это то, как мог бы выглядеть ваш офис/ск",2026-09-29T21:09:44.790Z,55.77151,49.120589,"Россия, Республика Татарстан (Татарстан), Казань, улица Сары Садыковой, 59",house
7997716443,"Офис, 62.6 м²",1300,1 300 ₽ в месяц за м² с НДС,₽,₽/мес. за м²,62.6,"Ул. Пушкина, 30, Площадь Тукая, 6–10 мин.",https://www.avito.ru/kazan/kommercheskaya_nedvizhimost/ofis_62.6_m_7997716443,10 часов назад,"АО ""Нордвестойл""","В административном здании на ул. Пушкина,30 предлагается в аренду офисное помещение:4 этаж площадь 62,6 кв. М. Состоит из трех кабинетов и коридора. В стоимость включена уборка помещения. Стоимость включает Ндс 22%. Просим звонить в рабочее время с 8.00-17.00.",2026-09-29T21:09:44.790Z,55.791531,49.125144,"Россия, Республика Татарстан (Татарстан), Казань, улица Пушкина, 30",house
7204913770,"Свободного назначения, 110 м²",1400,1 400 ₽ в месяц за м²,₽,₽/мес. за м²,110,"С. Сокуры, коттеджный пос. Новые Сокуры- 3, ул. Бурхана Шахиди, 3",https://www.avito.ru/kazan/kommercheskaya_nedvizhimost/svobodnogo_naznacheniya_110_m_7204913770,2 часа назад,Лилия,"Сдается в аренду от собственника помещение: 110 кв. М. В активно строящемся поселке «Новые Сокуры» в новом торговом комплексе по адресу: Лаишевский район, с. Сокуры, ул. Б. Шахиди, д.3. Максимально узнаваемая локация. За счет якорных арендаторов (Пятерочка, WB, Ozon, Метрополь) увеличивается трафик ",2026-09-29T21:09:44.790Z,55.607885,49.374426,"Россия, Республика Татарстан (Татарстан), Лаишевский район, село Сокуры, КП Новые Сокуры-3, улица Бурхана Шахиди, 3",house
8236409943,"Свободного назначения, 404 м²",800,800 ₽ в месяц за м² с НДС,₽,₽/мес. за м²,404,"Ул. Мамадышский Тракт, 34Б, р-н Советский",https://www.avito.ru/kazan/kommercheskaya_nedvizhimost/svobodnogo_naznacheniya_404_m_8236409943,Вчера,"УК ""ЭнергоИнвестКапитал""","Аренда коммерческого помещения свободного назначения в Казани. Предлагаем в аренду просторное универсальное помещение площадью 404 м² — отличный вариант для бизнеса в активно развивающемся районе города. Основные характеристики. — Площадь: 404 м². — Адрес: г. Казань, ул. Мамадышский тракт, 34Б (Сове",2026-09-29T21:09:44.790Z,55.798126,49.246758,"Россия, Республика Татарстан (Татарстан), Казань, улица Мамадышский Тракт, 34Б",house
8399806984,"Производство, 642 м²",600,600 ₽ в месяц за м² с НДС,₽,₽/мес. за м²,642,"Тэцевская ул., 295, р-н Московский",https://www.avito.ru/kazan/kommercheskaya_nedvizhimost/proizvodstvo_642_m_8399806984,8 часов назад,,"Ндс И Отопления Входит В Стоимость Аренды, с двух сторон имеются распашные ворота, Промзона охраняется Чоп, к зданию примыкают 2гаража небольших и 2 холодных склада по 146кв м каждый. Предоставляются арендные каникулы, Много электро мощности.",2026-09-29T21:09:44.790Z,55.861474,48.950691,"Россия, Республика Татарстан (Татарстан), Казань, Тэцевская улица, 295",house
2073227994,"Офис, 20.4 м²",20000,20 000 ₽ в месяц,₽,₽/мес.,20.4,"Ул. Гладилова, 27, Козья Слобода, 21–30 мин.",https://www.avito.ru/kazan/kommercheskaya_nedvizhimost/ofis_20.4_m_2073227994,9 часов назад,,"Сдается в аренду офисное помещение 20,4 кв. М с мебелью в офисном центре по ул. Гладилова,27. Удобное расположение, близость к центру, всегда свободные парковочные места, рядом остановки.",2026-09-29T21:09:44.790Z,55.806226,49.070553,"Россия, Республика Татарстан (Татарстан), Казань, улица Гладилова, 27",house
8351064953,"Офисы от Собственника в центре: 33м², 17м², 25м²",1530,1 530 ₽ в месяц за м² с НДС,₽,₽/мес. за м²,33,"Ул. Хади Такташа, 1, Суконная слобода, 11–15 мин.",https://www.avito.ru/kazan/kommercheskaya_nedvizhimost/ofisy_ot_sobstvennika_v_tsentre_33m_17m_25m_8351064953,1 неделю назад,,"Бизнес-центр | «Golden Lines» | класс B. Сдается в аренду офисы в БЦ «Golden Lines» класса «B» в самом центре г. Казани по адресу: ул. Хади Такташ, д. 1. Напрямую от Собственника! Без Риелторов И Комиссий. Офисы: — №215 (33.7 м²). — №204 (6.3 м²). — №214 (25.5 м²). — №211 (17 м²). Можно взять в арен",2026-09-29T21:11:26.178Z,55.78037,49.131396,"Россия, Республика Татарстан (Татарстан), Казань, улица Хади Такташа, 1",house
8448283742,"Офис с НДС на Чуйкова, 23.5 м²",35250,35 250 ₽ в месяц с НДС,₽,₽/мес.,23.5,"Ул. Маршала Чуйкова, 2В, Яшьлек, 16–20 мин.",https://www.avito.ru/kazan/kommercheskaya_nedvizhimost/ofis_s_nds_na_chuykova_23.5_m_8448283742,12 часов назад,2 А-Недвижимость,"Светлый, уютный офис в Бизнес-центре на Чуйкова 2, к.3 — 23,5 кв м; ремонт 2026; - все коммуникации подключены; кондиционер / мокрая точка; - зона ресепшн и отдыха /комфортные уборные на этаже ; парковка на прилегающей территории; - большой автомобильный и пешеходный трафик; - до центра Казани 15 ми",2026-09-29T21:09:44.790Z,55.835296,49.103144,"Россия, Республика Татарстан (Татарстан), Казань, улица Маршала Чуйкова, 2к3",house
2534681916,"Офис, 20 м². мебель. Юр. адрес",19000,19 000 ₽ в месяц,₽,₽/мес.,20,"Ул. Адоратского, 4, Козья Слобода, от 31 мин.",https://www.avito.ru/kazan/kommercheskaya_nedvizhimost/ofis_20_m._mebel._yur._adres_2534681916,1 неделю назад,,"В небольшом офисном центре сдаётся: Офис — 20 кв. М. — 19000 руб. В месяц. Офис — 23 кв. М. — 23000 руб. В месяц. Кроме Бьюти услуг. Первая линия. Перекрёсток ул. Адоратского и ул. Четаева. Рядом улицы Ямашева, Чистопольская. 2 этаж 2-х этажного здания. Система допуска в помещение. Скоростной интерн",2026-09-29T21:09:44.790Z,55.823884,49.148096,"Россия, Республика Татарстан (Татарстан), Казань, улица Адоратского, 4",house
4243031969,"Офис, 5.64 м²",8460,8 460 ₽ в месяц,₽,₽/мес.,5.64,"Краснококшайская ул., 189А, Яшьлек, 21–30 мин.",https://www.avito.ru/kazan/kommercheskaya_nedvizhimost/ofis_5.64_m_4243031969,Вчера,Офисные и складские помещения,Oт собственника! Без комиссии! - Новый девяти этажный Бизнес Центр «Bilyar Business». - Удобное расположение — непосредственная близость от остановки общественного транспорта. - Много Парковочных мест (для арендаторов и посетителей БЦ). - Pядом с объектoм гуcтонaселенный жилой район — В здании имеет,2026-09-29T21:09:44.790Z,55.824693,49.04593,"Россия, Республика Татарстан (Татарстан), Казань, Краснококшайская улица, 189А",house
8325171537,"Свободного назначения, 55 м²",70000,70 000 ₽ в месяц,₽,₽/мес.,55,"Ул. Сибирский Тракт, 5, р-н Советский",https://www.avito.ru/kazan/kommercheskaya_nedvizhimost/svobodnogo_naznacheniya_55_m_8325171537,8 часов назад,,"Первая линия Сдам 55 м², 1-я линия Сибирского тракта, 5. Под магазин/офис/услуги. Сдается коммерческое помещение свободного назначения, 55 м². Локация: Казань, Сибирский тракт, д. 5, 1-я линия. Остановка общественного транспорта в 50 метрах. Гуcтoнacелённый жилой маcсив. Высокая проходимость трафика",2026-09-29T21:09:44.790Z,55.804552,49.18428,"Россия, Республика Татарстан (Татарстан), Казань, улица Сибирский Тракт, 5",house
8280511051,"Производственно-складской комплекс, 1542 м²",600,600 ₽ в месяц за м²,₽,₽/мес. за м²,1542,"Каучуковая ул., 7с2, р-н Приволжский",https://www.avito.ru/kazan/kommercheskaya_nedvizhimost/proizvodstvenno-skladskoy_kompleks_1542_m_8280511051,10 часов назад,ESG Коммерческая недвижимость,"Аренда Производственно-Складского Комплекса С Кран-Балками И Ж/Д Веткой. Лот 1274. Объект. В аренду предлагается производственно-складской комплекс площадью 1 542 м² с возможностью увеличения еще на 1 500 м². Объект отлично подойдет для производства, металлообработки, логистики, хранения крупногабар",2026-09-29T21:09:44.790Z,55.745149,49.124093,"Россия, Республика Татарстан (Татарстан), Казань, Каучуковая улица, 7с2",house
8188365508,Свободного назначения,1300,1 300 ₽ в месяц,₽,₽/мес.,320,"Бирюзовая ул., 3А, р-н Кировский",https://www.avito.ru/kazan/kommercheskaya_nedvizhimost/svobodnogo_naznacheniya_8188365508,10 часов назад,женя,"Сдам. 2 этаж 320 кв. М по 1200. 3 этаж 100 кв. М по 1000. Самый центр юдино — бирюзовая 3а. Большой автомобильный и пешеходный трафик, рядом остановки и пешеходные переходы. Высота потолков 4 м. Место под рекламу. Все коммуникации. Собственник.",2026-09-29T21:09:44.790Z,55.819823,48.893127,"Россия, Республика Татарстан (Татарстан), Казань, Бирюзовая улица, 3А",house
8427611904,"Офис, 14 м²",1100,1 100 ₽ в месяц,₽,₽/мес.,14,"Пр-т Победы, 100, Проспект Победы, 21–30 мин.",https://www.avito.ru/kazan/kommercheskaya_nedvizhimost/ofis_14_m_8427611904,Вчера,Алия,"Сдаются нежилые помещения без окна, расположенные на цокольном этаже в Бизнес-центре, по адресу: г. Казань, ул Проспект Победы, д. 100, общей площадью от 14м2. Условия: стоимость помещения 14м2 по 1100 р/м2. Ку отдельно. При заключении договора оплачивается первый начисляемый месяц и обеспечительный",2026-09-29T21:09:44.790Z,55.768891,49.220832,"Россия, Республика Татарстан (Татарстан), Казань, проспект Победы, 100",house
7928358272,"Помещение свободного назначения, центр, парковка, 70 м²",55000,55 000 ₽ в месяц,₽,₽/мес.,70,"Московская ул., 42А, Кремлёвская, 11–15 мин.",https://www.avito.ru/kazan/kommercheskaya_nedvizhimost/pomeschenie_svobodnogo_naznacheniya_tsentr_parkovka_70_m_7928358272,Вчера,"Девелоперская компания ""АСК Недвижимость""","Предложение от Собственника! Без комиссии! Помещение в центре города, со своей парковкой, удобный заезд. Подойдет под чистое, не шумное производство, офис и тд. Есть вытяжка и киловатты. В кабинете санузел. Не большая квартплата. Можно снять больше квадратов, есть доп площади. - Электричество — 15 к",2026-09-29T21:09:44.790Z,55.787518,49.108669,"Россия, Республика Татарстан (Татарстан), Казань, Московская улица, 42А",house
7460334634,"Торговая площадь, 24.7 м²",50000,50 000 ₽ в месяц,₽,₽/мес.,24.7,"Ул. Баумана, 29/11, Площадь Тукая, 6–10 мин.",https://www.avito.ru/kazan/kommercheskaya_nedvizhimost/torgovaya_ploschad_24.7_m_7460334634,Вчера,,"Сдаю торговую площадь на 1 этаже на пересечении улицы Баумана и Астрономическая, огромный пешеходный и автомобильный трафик.",2026-09-29T21:09:44.790Z,55.790069,49.116646,"Россия, Республика Татарстан (Татарстан), Казань, улица Баумана, 29/11",house
8237008690,"ПСН на первой линии с отд.входом, 100 м²",50000,50 000 ₽ в месяц,₽,₽/мес.,100,"Ул. Академика Арбузова, 6А, р-н Советский",https://www.avito.ru/kazan/kommercheskaya_nedvizhimost/psn_na_pervoy_linii_s_otd.vhodom_100_m_8237008690,13 часов назад,TARTARIA COMMERCIAL,Сдам помещение свободного назначения на ул. Академика Арбузова 6а. Помещение на первой линии. Общая площадь помещения составляет 100кв. М. Цокольный этаж. Отдельный вход. Очень удачно расположено с внешней стороны здания. Удобная парковка. В помещений выполнен чистовой ремонт. Имеется место под выве,2026-09-29T21:09:44.790Z,55.814836,49.182492,"Россия, Республика Татарстан (Татарстан), Казань, улица Академика Арбузова, 6А",house
8194577259,"Офис, 24 м²",22000,22 000 ₽ в месяц,₽,₽/мес.,24,"Клубная ул., 9А, р-н Советский",https://www.avito.ru/kazan/kommercheskaya_nedvizhimost/ofis_24_m_8194577259,Вчера,Andrey_Elena,"Сдается два помещения под офис на 2 этаже двухэтажного здания. 24м2 — 22000 руб. 28м2 — 25000 руб. Сaнузeл на этаже. Доступ к пoмeщeнию 24/7. Оплата на paсчeтный cчeт ИП бeз Ндc. Коммунальные услуги, электроэнергия, интернет wifi, эксплуатационные услуги включены в стоимость. Юридический адрес не пр",2026-09-29T21:09:44.790Z,55.798839,49.226429,"Россия, Республика Татарстан (Татарстан), Казань, Клубная улица, 9А",house
8399154089,Свободного назначения,75000,75 000 ₽ в месяц,₽,₽/мес.,,"Чистопольская ул., 61Д, Козья Слобода, 21–30 мин.",https://www.avito.ru/kazan/kommercheskaya_nedvizhimost/svobodnogo_naznacheniya_8399154089,8 часов назад,,"Помещение под бьюти услуги, под салон красоты, для косметологии, массажного кабинета. 2 кабинета, зона ожидания, отдельный сан узел, складская.",2026-09-29T21:09:44.790Z,55.819975,49.134927,"Россия, Республика Татарстан (Татарстан), Казань, Чистопольская улица, 61Д",house
4914099233,Высокий трафик,95000,95 000 ₽ в месяц,₽,₽/мес.,94.8,"Ул. Галии Кайбицкой, 3, р-н Советский",https://www.avito.ru/kazan/kommercheskaya_nedvizhimost/vysokiy_trafik_4914099233,Вчера,Макромир Казань,"Арт. 92034290 Выгодное предложение для вашего бизнеса! Сдаётся в аренду просторное коммерческое помещение площадью 94,8 м² в оживлённом Советском районе города Казани. Отдельный вход обеспечит удобство для ваших клиентов. Высокий пешеходный трафик и близость остановок общественного транспорта гарант",2026-09-29T21:11:21.214Z,55.780198,49.232672,"Россия, Республика Татарстан (Татарстан), Казань, улица Галии Кайбицкой, 3",house
4179245309,Офисы 11–55 м² от собственника без комиссии,630,630 ₽ в месяц за м² с НДС,₽,₽/мес. за м²,55,"Адмиралтейская ул., 3к1, Кремлёвская, от 31 мин.",https://www.avito.ru/kazan/kommercheskaya_nedvizhimost/ofisy_1155_m_ot_sobstvennika_bez_komissii_4179245309,17 часов назад,Агентство Недвижимости Атлантис,"Аренда напрямую от собственника — без комиссии. Сдаются в аренду офисы площадью от 11 до 55 м² в Тоц «Петрушкин Двор» по адресу: г. Казань, ул. Адмиралтейская. Здание расположено на первой линии. Около 10 минут на автомобиле до центра Казани, остановка общественного транспорта — примерно в 5 минутах",2026-09-29T21:09:44.790Z,55.798794,49.050674,"Россия, Республика Татарстан (Татарстан), Казань, Адмиралтейская улица, 3к1",house
8146538454,"Павильон, 17 м²",18700,18 700 ₽ в месяц с НДС,₽,₽/мес.,17,"Ул. Восстания, 115А, Яшьлек, 21–30 мин.",https://www.avito.ru/kazan/kommercheskaya_nedvizhimost/pavilon_17_m_8146538454,17 часов назад,Агентство Недвижимости Атлантис,"Павильон 17 м² под ежедневный поток жилого района по адресу Восстания 115А. Высокий пешеходный трафик: остановка, магазины и жилые дома вокруг. Прямая аренда от собственника, без посредников. Стоимость указана с учетом Ндс*. Преимущества: — Расположение: первая линия на оживлённой улице, вход прямо ",2026-09-29T21:09:44.790Z,55.831742,49.053279,"Россия, Республика Татарстан (Татарстан), Казань, улица Восстания, 115А",house
867155265,"Склад, 210 м²",110250,110 250 ₽ в месяц,₽,₽/мес.,210,"Советский район, жилой массив Константиновка, ул. Мира, 34, р-н Советский",https://www.avito.ru/kazan/kommercheskaya_nedvizhimost/sklad_210_m_867155265,17 часов назад,"ООО ""МИРАЯЛ""","Сдам в аренду холодный Склад. Освещение, вода, канализация, отопление включены в стоимость. В помещении склада имеются: 1. С двух сторон стеллажи под европаллет. 2. Помещение под офис на втором этаже 19 м2 с туалетом, горячая-холодная вода, имеется телефонная линия с интернетом все включено. 3. Поме",2026-09-29T21:10:07.793Z,55.805154,49.277327,"Россия, Республика Татарстан (Татарстан), Казань, Советский район, жилой массив Константиновка, улица Мира, 34",house
7800594416,"В аренду под офис, производство, коворкинг 140+ м²",480,480 ₽ в месяц за м² с НДС,₽,₽/мес. за м²,,"Актайская ул., 21/2, Аметьево, от 31 мин.",https://www.avito.ru/kazan/kommercheskaya_nedvizhimost/v_arendu_pod_ofis_proizvodstvo_kovorking_140_m_7800594416,11 часов назад,СЕРВИС-СТРОЙ ООО,"Не риэлтор! Собственник. Сдаётся помещения на 2 этаже под офис, производство, предоставление услуг, проведение мероприятий, любое иное назначение. Помещение реально такое, сдаётся без мебели (на фото); картинка с мебелью — это то, как мог бы выглядеть ваш офис/склад/Пвз/мастерская. Виды деятельности",2026-09-29T21:10:07.793Z,55.746563,49.137478,"Россия, Республика Татарстан (Татарстан), Казань, Актайская улица, 21/2",house
8158126202,Офис,1000,1 000 ₽ в месяц,₽,₽/мес.,50,"Ул. Лазарева, 3, Яшьлек, 21–30 мин.",https://www.avito.ru/kazan/kommercheskaya_nedvizhimost/ofis_8158126202,Вчера,Эльмира,"Сдается в аренду замечательный офис на первом этаже. Отдельный вход в помещение с улицы, поэтому подходит также под склад. Общая площадь помещения 50 кв. М. Прекрасно подойдет для оказания косметологических, маникюрных услуг, под офис, склад. Wi-Fi подключен. Можно снять 10 кв. М. Коммунальные услуг",2026-09-29T21:10:07.793Z,55.820273,49.049775,"Россия, Республика Татарстан (Татарстан), Казань, улица Лазарева, 3",house
4063472474,"Офис, 27 м²",36000,36 000 ₽ в месяц,₽,₽/мес.,27,"Ул. Островского, 67, Площадь Тукая, до 5 мин.",https://www.avito.ru/kazan/kommercheskaya_nedvizhimost/ofis_27_m_4063472474,1 час назад,Марсель Камилович,"Сдается помещение под офис. Площадь 27 кв. М. (включая места общ. Пользования, кухня, ресепшн, с/у). Вид из окна есть во двор, а также на парк 1000-летия г. Казани. Недалеко расположена платная парковка возле парка и Баскетхола. В здании имеется лифт.",2026-09-29T21:10:07.793Z,55.783645,49.125916,"Россия, Республика Татарстан (Татарстан), Казань, улица Островского, 67",house
8268196008,Склад,60000,60 000 ₽ в месяц,₽,₽/мес.,,"Ул. Горьковское Шоссе, 26, Яшьлек, от 31 мин.",https://www.avito.ru/kazan/kommercheskaya_nedvizhimost/sklad_8268196008,14 часов назад,,Склад на охраняемой территории. Сдам за наличный расчёт. Возможно на короткий срок.,2026-09-29T21:10:07.793Z,55.826134,49.034549,"Россия, Республика Татарстан (Татарстан), Казань, улица Горьковское Шоссе, 26",house
2495033922,"Свободного назначения, 15 м²",25000,25 000 ₽ в месяц,₽,₽/мес.,15,"Ул. Рихарда Зорге, 33, Проспект Победы, 6–10 мин.",https://www.avito.ru/kazan/kommercheskaya_nedvizhimost/svobodnogo_naznacheniya_15_m_2495033922,3 дня назад,,"От Собственника, Без Комиссии! На арендную основу, в активно работающий салон красоты требуются мастер сферы красоты или несколько! В студии работают уже 6 мастеров бьюти-сферы! Кабинет сдается без мебели, поэтому пространство Вы можете по своему оборудовать! Кабинет с окном, мокрая точка рядом, кам",2026-09-29T21:10:07.793Z,55.75552,49.200782,"Россия, Республика Татарстан (Татарстан), Казань, улица Рихарда Зорге, 33",house
8403577470,"Офис, 45.5 м², свой с/у, доступ 24/7",121500,121 500 ₽ в месяц,₽,₽/мес.,45.5,"Ул. Четаева, 14Ак2, Козья Слобода, от 31 мин.",https://www.avito.ru/kazan/kommercheskaya_nedvizhimost/ofis_45.5_m_svoy_su_dostup_247_8403577470,11 часов назад,Вквадрате,"С середины октября освобождается просторный офис площадью 45 м² в Ново-Савиновском районе Казани. Это полностью готовое пространство для работы: современный интерьер, отдельный вход, собственный санузел и душ, кондиционер, ТВ, мокрая точка и доступ в офис 24/7. Можно заранее забронировать помещение ",2026-09-29T21:10:07.793Z,55.822706,49.144269,"Россия, Республика Татарстан (Татарстан), Казань, улица Четаева, 14Ак2",house
8294434285,"Свободного назначения, 25 м²",40000,40 000 ₽ в месяц,₽,₽/мес.,25,"Советский район, жилой массив Большие Клыки, Магистральная ул., 1А, р-н Советский",https://www.avito.ru/kazan/kommercheskaya_nedvizhimost/svobodnogo_naznacheniya_25_m_8294434285,Вчера,Александр,"На выезде из города, первая линия предлагается торгово-офисная площадь в аренду. Огромнейший трафик автомобилей, доступ 24/7, большая парковка для автомобилей. Площадь от 14 до 52м² возможно использовать как магазин или офис. Цена за квадрат 2500р.",2026-09-29T21:10:07.793Z,55.795772,49.232367,"Россия, Республика Татарстан (Татарстан), Казань, Советский район, жилой массив Большие Клыки, Магистральная улица, 1А",house
2035076802,"Офисное помещение, 66.9 м²",48000,48 000 ₽ в месяц,₽,₽/мес.,66.9,"Петербургская ул., 78, Суконная слобода, до 5 мин.",https://www.avito.ru/kazan/kommercheskaya_nedvizhimost/ofisnoe_pomeschenie_66.9_m_2035076802,10 часов назад,,"Помещение на 4 мансардном этаже трехэтажного здания. Две комнаты и туалет, одна комната 36,9 м кв, втора 17,8 м кв, Моп (места общего пользования) 11,1 м кв, кондиционеры. Помещения светлые. На схеме пом №407. Коммунальные услуги оплачиваются отдельно от арендной платы согласно занимаемой площади + ",2026-09-29T21:10:07.793Z,55.777849,49.139948,"Россия, Республика Татарстан (Татарстан), Казань, Петербургская улица, 78",house
3401117480,"Офис, 14.5 м²",20000,20 000 ₽ в месяц,₽,₽/мес.,14.5,"Ул. Маршала Чуйкова, 2А, Яшьлек, 16–20 мин.",https://www.avito.ru/kazan/kommercheskaya_nedvizhimost/ofis_14.5_m_3401117480,7 дней назад,Екатерина,"Сдам офис в бизнес-центре, расположенном на пересечении Чуйкова/Короленко, первая линия. Офис с ремонтом, 14,5 кв. М, чистый, светлый, с большим окном. Мокрая точка. Кондиционер. 5 этаж, лифта нет. Охрана на первом этаже. У нашего крыла своя парковка, въезд через шлагбаум по звонку. Остановки трансп",2026-09-29T21:10:07.793Z,55.835235,49.102165,"Россия, Республика Татарстан (Татарстан), Казань, улица Маршала Чуйкова, 2А",house
3860643195,Офис в аренду с мебелью в центре (ку вкл.),45000,45 000 ₽ в месяц,₽,₽/мес.,,"Лево-Булачная ул., 56/2, Площадь Тукая, 6–10 мин.",https://www.avito.ru/kazan/kommercheskaya_nedvizhimost/ofis_v_arendu_s_mebelyu_v_tsentre_ku_vkl._3860643195,Вчера,,"Сдаю в аренду кабинет, готовый к заселению (на 3 этаже), лифт имеется. Кабинет рассчитан на 3-4 рабочих места. В стоимость Включена Коммуналка и уборка по рабочим дням. Административное здание расположено удобно в качестве транспортной инфраструктуры. Своей парковки у этого здания нет, вокруг везде ",2026-09-29T21:10:07.793Z,55.785448,49.116062,"Россия, Республика Татарстан (Татарстан), Казань, Лево-Булачная улица, 56",house
8344203949,"Юридический адрес, ифнс №6",4500,4 500 ₽ в месяц,₽,₽/мес.,,"Ул. Космонавтов, 67к2, р-н Советский",https://www.avito.ru/kazan/kommercheskaya_nedvizhimost/yuridicheskiy_adres_ifns_6_8344203949,15 часов назад,УК ГК-1,"Юридический адрес в Казани, Космонавтов 67 — с рабочим местом и подтверждением. Сдаём юридический адрес для регистрации ООО и размещения компании по адресу: г. Казань, ул. Космонавтов, 67. Это не «массовый адрес без офиса». По адресу предоставляется реальное рабочее место: стол, стул, возможность ра",2026-09-29T21:10:07.793Z,55.796653,49.208642,"Россия, Республика Татарстан (Татарстан), Казань, улица Космонавтов, 67к2",house
7847716912,"Производство, 869.6 м² (дебаркадер, жд пути )",390,390 ₽ в месяц за м² с НДС,₽,₽/мес. за м²,869.6,"Ул. Васильченко, 31, Северный вокзал, от 31 мин.",https://www.avito.ru/kazan/kommercheskaya_nedvizhimost/proizvodstvo_869.6_m_debarkader_zhd_puti_7847716912,6 часов назад,Недвижимость,"Сдаётся в аренду уникальный административно‑хозяйственный комплекс в Казани. Основные параметры: — Общая площадь комплекса: 59 310 кв. М. — Земельный участок: 8 501 м², собственность. — Дополнительно возможна аренда офисов от 10 кв. М. Предлагаем производственно‑складские современные здания с высоки",2026-09-29T21:10:07.793Z,55.836347,49.033722,"Россия, Республика Татарстан (Татарстан), Казань, улица Васильченко, 31",house
8268027462,Офис,1800,1 800 ₽ в месяц за м²,₽,₽/мес. за м²,,"Ул. Мансура Хасанова, 15, Аметьево, 21–30 мин.",https://www.avito.ru/kazan/kommercheskaya_nedvizhimost/ofis_8268027462,11 часов назад,,Сдается офисное помещение класса А с новым современным ремонтом 103 м2. Свободная планировка зал на 80 м2 без стен и перегородок. Отдельный кабинет для руководителя/бухгалтера. Кухонная комната. Сан узел. Естественный свет за счет больших окон. Транспортная доступность и удобная локация. Парковка во,2026-09-29T21:10:07.793Z,55.778892,49.184657,"Россия, Республика Татарстан (Татарстан), Казань, улица Мансура Хасанова, 15",house
8424863934,Кабинет с мокрой точкой на первой линии,22000,22 000 ₽ в месяц,₽,₽/мес.,11,"Вахитовский район, ул. Татарстан, 20, Площадь Тукая, 6–10 мин.",https://www.avito.ru/kazan/kommercheskaya_nedvizhimost/kabinet_s_mokroy_tochkoy_na_pervoy_linii_8424863934,7 дней назад,"Девелопер коммерческой недвижимости ""DC INVEST""","Кабинет 11 м² на первой линии. Казань, ул. Татарстан, 20. Парижская Коммуна, 25/39. Сдаётся коммерческое помещение 11 м² на первой линии. Подойдёт под кабинет, офис, услуги, бьюти или небольшую студию. О помещении. Площадь — 11 м². 2 этаж. Первая линия. Окно. Высокие потолки. Мокрая точка. Санузел н",2026-09-29T21:10:07.793Z,55.781241,49.113295,"Россия, Республика Татарстан (Татарстан), Казань, Вахитовский район, улица Татарстан, 20",house
3721177864,"Офис, 10.7 м²",23540,23 540 ₽ в месяц с НДС,₽,₽/мес.,10.7,"Ул. Салиха Сайдашева, 12, Площадь Тукая, 21–30 мин.",https://www.avito.ru/kazan/kommercheskaya_nedvizhimost/ofis_10.7_m_3721177864,13 часов назад,"""Д-групп""","Сдаётся офис/кабинет 10,7 м² в центре Казани! Адрес: ул. Салиха Сайдашева, 12 — бизнес-центр «Рябина», класс В+, в самом сердце города, в шаговой доступности от озера Кабан. Собственная огороженная территория и парковка — удобно для вас и ваших клиентов. Цена указана с Ндс. Переезд за наш счет! Идеа",2026-09-29T21:10:07.793Z,55.773079,49.114104,"Россия, Республика Татарстан (Татарстан), Казань, улица Салиха Сайдашева, 12",house
8387000856,"Свободного назначения, 229.6 м²",300000,300 000 ₽ в месяц с НДС,₽,₽/мес.,229.6,"Крутовская ул., 41, р-н Приволжский",https://www.avito.ru/kazan/kommercheskaya_nedvizhimost/svobodnogo_naznacheniya_229.6_m_8387000856,10 часов назад,,"Сдаётся коммерческое помещение в г. Казань, ул. Крутовская, д. 41. Сдаётся помещение свободного назначения после свежего ремонта — готовое к эксплуатации. Помещение расположено в отдельно стоящем здании на первом и втором этажах: 1-й этаж — 75,9 кв. М (помещение 73,7 кв. М + свой санузел 2,2 кв. М).",2026-09-29T21:10:07.793Z,55.733006,49.115568,"Россия, Республика Татарстан (Татарстан), Казань, Крутовская улица, 41",house
8336726553,Торговая площадь,103500,103 500 ₽ в месяц,₽,₽/мес.,,"Пр-т Победы, 78, Проспект Победы, 21–30 мин.",https://www.avito.ru/kazan/kommercheskaya_nedvizhimost/torgovaya_ploschad_8336726553,12 часов назад,,,2026-09-29T21:10:07.793Z,55.763807,49.220608,"Россия, Республика Татарстан (Татарстан), Казань, проспект Победы, 78",house
2239984261,"Склад, свободного назначения,125 м²",47000,47 000 ₽ в месяц,₽,₽/мес.,125,"Территория ГСК Сокол-92, 34/19, Авиастроительная, от 31 мин.",https://www.avito.ru/kazan/kommercheskaya_nedvizhimost/sklad_svobodnogo_naznacheniya125_m_2239984261,Вчера,ТатБизнес,"С 20 сентября 2026г. Сдается двухэтажное, утепленное складское помещение. Первый этаж 80м²(7м*11м) и второй этаж 45м². Первая линия, удобный заезд, высота потолка 5м. Круглосуточный доступ, на втором этаже возможно разместить офис или склал. Логистика идеальна-5мин до м7 и 15мин до Миллениума. Идеал",2026-09-29T21:10:07.793Z,55.87742,49.11246,"Россия, Республика Татарстан (Татарстан), Казань, территория ГСК Сокол-92, 34/19",house
2289714717,"Склад, 90 м²",37000,37 000 ₽ в месяц,₽,₽/мес.,90,"Приволжский район, Магистральная ул., р-н Приволжский",https://www.avito.ru/kazan/kommercheskaya_nedvizhimost/sklad_90_m_2289714717,13 часов назад,,"Сдается в аренду складское помещение холодного типа. Удобная транспортная доступность, парковка, круглосуточная охрана, видеонаблюдение. Рядом улицы: Магистральная, Тульская, Техническая, Тихорецкая, В. Кулагина, Модельная.",2026-09-29T21:10:07.793Z,55.736285,49.100278,"Россия, Республика Татарстан (Татарстан), Казань, Приволжский район, Магистральная улица",street
8132016019,"Торговая площадь, 87.1 м²",85000,85 000 ₽ в месяц с НДС,₽,₽/мес.,87.1,"Ул. Горьковское Шоссе, 2А, Яшьлек, от 31 мин.",https://www.avito.ru/kazan/kommercheskaya_nedvizhimost/torgovaya_ploschad_87.1_m_8132016019,Вчера,,"Подходит под любой вид торговли: магазин, пекарня, аптека, пункт выдачи, кафе и т. Д. Очень хороший трафик. Отдельно стоящее помещение.",2026-09-29T21:10:07.793Z,55.825345,49.04169,"Россия, Республика Татарстан (Татарстан), Казань, улица Горьковское Шоссе, 2А",house
4360042502,"Производство, 300 м²",600,600 ₽ в месяц за м²,₽,₽/мес. за м²,300,"Приволжский район, жилой массив Старое Победилово, Садовая ул., 72А, р-н Приволжский",https://www.avito.ru/kazan/kommercheskaya_nedvizhimost/proizvodstvo_300_m_4360042502,6 часов назад,Sold out,"Сдаётся в аренду производственное помещение свободного назначения площадью 300 кв. М. Идеально подойдет для: Производства легкой промышленности, сборки, изготовления мебели. Организации склада. Оптового хранения товаров. Автосервиса, мастерской. Под размещение любого бизнеса, требующего большой площ",2026-09-29T21:10:07.793Z,55.703175,49.085492,"Россия, Республика Татарстан (Татарстан), Казань, Приволжский район, жилой массив Старое Победилово, Садовая улица, 72А",house
4677379717,Сдается помещение на первой линии 29 кв м,32000,32 000 ₽ в месяц,₽,₽/мес.,,"Ул. Восстания, 16, Яшьлек, 11–15 мин.",https://www.avito.ru/kazan/kommercheskaya_nedvizhimost/sdaetsya_pomeschenie_na_pervoy_linii_29_kv_m_4677379717,3 дня назад,,"Сдается помещение свободной планировки на. 1-ой линии по адресу ул Восстания,16. Площадь 29 кв м. Отдельная входная группа, сан. Узел. Имеется бесплатная парковка. Есть возможность перепланировки. Высокая пешеходная проходимость. Коммунальные услуги входят в стоимость аренды.",2026-09-29T21:10:07.793Z,55.835574,49.094709,"Россия, Республика Татарстан (Татарстан), Казань, улица Восстания, 16",house
8133169886,"Свободного назначения, 48.8 м²",63000,63 000 ₽ в месяц,₽,₽/мес.,48.8,"Ул. Родины, 41, Горки, 21–30 мин.",https://www.avito.ru/kazan/kommercheskaya_nedvizhimost/svobodnogo_naznacheniya_48.8_m_8133169886,5 часов назад,,Прямая аренда от собственника! -На первая линии. -Удобные подъездные пути с разных направлений. -Аренда на первом этаже. -Большая бесплатная парковка. -Круглосуточная охрана и видеонаблюдение. -Смонтирована новая пожарная сигнализация. -Доступ к интернету от разных провайдеров. -Есть возможность для,2026-09-29T21:11:53.105Z,55.76999,49.209783,"Россия, Республика Татарстан (Татарстан), Казань, улица Родины, 41",house
8421382867,"Торговая площадь, 80 м²",30000,30 000 ₽ в месяц с НДС,₽,₽/мес.,80,"Ул. Пушкина, 9/51, Площадь Тукая, до 5 мин.",https://www.avito.ru/kazan/kommercheskaya_nedvizhimost/torgovaya_ploschad_80_m_8421382867,7 дней назад,Чак-Чак Store - Магазины сладостей и сувениров РТ,"Аренда торгового места в популярном сувенирном магазине с кафе «Кыстыбый». Ищем соседей по площади: мастеров, дизайнеров, хендмейкеров, самозанятых и небольшие бренды, которые делают сувенирную продукцию, подарки или проводят мастер-классы. Где мы. Действующий сувенирный магазин в самом центре турис",2026-09-29T21:10:07.793Z,55.7877,49.121793,"Россия, Республика Татарстан (Татарстан), Казань, улица Пушкина, 9/51",house
2089535137,"Свободного назначения, 600 м²",600000,600 000 ₽ в месяц,₽,₽/мес.,600,"Гвардейская ул., 11А, Суконная слобода, от 31 мин.",https://www.avito.ru/kazan/kommercheskaya_nedvizhimost/svobodnogo_naznacheniya_600_m_2089535137,12 часов назад,,"Сдаются в долгосрочную аренду площади в отдельностоящем здании на ул. Гвардейская. Поэтажная площадь составляет порядка 620 кв. М. Элитный особняк общей площадью 3370 кв. М на Гвардейской, 11а — это современное четырехэтажное здание в классическом европейском стиле с декорированными фасадами в центр",2026-09-29T21:10:07.793Z,55.789208,49.172126,"Россия, Республика Татарстан (Татарстан), Казань, Гвардейская улица, 11А",house
8053970557,"Фулфилмент, Склад, Офис и т.д., 32,7 кв.м",29000,29 000 ₽ в месяц,₽,₽/мес.,32.7,"Техническая ул., 17Б, р-н Приволжский",https://www.avito.ru/kazan/kommercheskaya_nedvizhimost/fulfilment_sklad_ofis_i_t.d._327_kv.m_8053970557,12 часов назад,"ООО ""АЛЕКС""","Предлагаем Вашему вниманию! Фулфилмент, Склад, Офис, Производство и т. Д., площадью 32,7 кв. М. Отапливаемое (стоимость отопления входит в арендную ставку), общий вход с улицы (утеплённая широкая двухстворчатая металлическая дверь через коридор. От входной двери с улицы до двойной металлической двер",2026-09-29T21:10:07.793Z,55.733873,49.131046,"Россия, Республика Татарстан (Татарстан), Казань, Техническая улица, 17Б",house
7810033646,"Свободного назначения, 112 м²",448000,448 000 ₽ в месяц,₽,₽/мес.,112,"Ул. Островского, 105, Суконная слобода, до 5 мин.",https://www.avito.ru/kazan/kommercheskaya_nedvizhimost/svobodnogo_naznacheniya_112_m_7810033646,12 часов назад,,Сдается шикарное угловое помещение с панорамным остеклением в престижном Costura Town. Это не просто квадратные метры — это готовая сцена для вашего premium — проекта. · Локация: Территория Costura Town. · Пространство: 112 м² свободной планировки с уникальным угловым освещением. Летнее кафе: 50 м2.,2026-09-29T21:10:07.793Z,55.777211,49.139122,"Россия, Республика Татарстан (Татарстан), Казань, улица Островского, 105",house
7563128093,Свободного назначения,1699,1 699 ₽ в месяц за м²,₽,₽/мес. за м²,,"Ул. Парижской Коммуны, 4, Площадь Тукая, 6–10 мин.",https://www.avito.ru/kazan/kommercheskaya_nedvizhimost/svobodnogo_naznacheniya_7563128093,31 августа 11:20,,Помещение в самом престижном тусовочном месте Казани — угол Столбова и Парижской коммуны. Уникальная возможность закрепиться в быстроразвивающейся локации. Долгосрочная аренда для солидного бизнеса — с значительной скидкой. Доступ к элитной и платежеспособной аудитории. Постоянный поток туристов и п,2026-09-29T21:11:06.227Z,55.784835,49.116062,"Россия, Республика Татарстан (Татарстан), Казань, улица Парижской Коммуны, 4",house
4755197450,Офисы рядом с метро от 11 м²,1260,1 260 ₽ в месяц за м² с НДС,₽,₽/мес. за м²,11,"Ул. Копылова, 1А, Северный вокзал, 6–10 мин.",https://www.avito.ru/kazan/kommercheskaya_nedvizhimost/ofisy_ryadom_s_metro_ot_11_m_4755197450,17 часов назад,Агентство Недвижимости Атлантис,"Предлагаем в аренду офисные помещения 11-27 м² в отдельно стоящем офисном центре, расположенном на первой линии по адресу: Копылова, 1а. (остановка «Дементьева»). Прямая аренда от собственника без посредников. Свободные помещения: 2 этаж. — Площадь: 11 м² — 13 860 ₽ / мес. — Площадь: 13 м² — 16 380 ",2026-09-29T21:10:07.793Z,55.84777,49.08313,"Россия, Республика Татарстан (Татарстан), Казань, улица Копылова, 1А",house
4690662662,"Офисно-складские помещения, от 10 м²",1050,1 050 ₽ в месяц за м² с НДС,₽,₽/мес. за м²,10,"Ул. Максимова, 50, Авиастроительная, 11–15 мин.",https://www.avito.ru/kazan/kommercheskaya_nedvizhimost/ofisno-skladskie_pomescheniya_ot_10_m_4690662662,17 часов назад,Агентство Недвижимости Атлантис,"Сдается в аренду офисно-складские помещения 10 м² по адресу: г. Казань, ул. Максимова, 47. Помещение расположено на первой линии в районе с высоким автомобильным и пешеходным трафиком. Удобная транспортная развязка обеспечивает постоянный поток потенциальных клиентов и комфортный подъезд к объекту. ",2026-09-29T21:10:07.793Z,55.863464,49.078737,"Россия, Республика Татарстан (Татарстан), Казань, улица Максимова, 50",house
4572560882,"Производство, 422 м²",253200,253 200 ₽ в месяц с НДС,₽,₽/мес.,422,"Учительская ул., 7, Суконная слобода, от 31 мин.",https://www.avito.ru/kazan/kommercheskaya_nedvizhimost/proizvodstvo_422_m_4572560882,13 часов назад,Управление природными территориями,"Призжайте, встретим, все покажем. (собственики). Предлагаем в аренду светлое и просторное помещение 422 м² на действующей производственной базе в центре Казани. Локация — Учительская ул., 7. Удобная первая линия, подъезд фур без ограничений, бесплатная охраняемая парковка для сотрудников и клиентов ",2026-09-29T21:10:07.793Z,55.755697,49.114157,"Россия, Республика Татарстан (Татарстан), Казань, Учительская улица, 7",house
8405968884,"Здание с земельным участком, 212 м²",169600,169 600 ₽ в месяц,₽,₽/мес.,212,"Ул. Зур Урам, 4А, р-н Советский",https://www.avito.ru/kazan/kommercheskaya_nedvizhimost/zdanie_s_zemelnym_uchastkom_212_m_8405968884,12 часов назад,ГК Гилиаф Капитал,"Сдается в аренду здание с земельным участком в собственности. Адрес: г. Казань, ул. Зур Урам д. 4а. Кадастровые номера: Нежилое помещение — №16:50:050132:622. Земельный участок — №16:50:050132:78. Условия аренды: Ремонт можно зачесть в счёт аренды на срок до года. Скидка на ремонт — 80%, договор аре",2026-09-29T21:10:07.793Z,55.806257,49.19886,"Россия, Республика Татарстан (Татарстан), Казань, улица Зур Урам, 4А",house
8479024457,"Свободного назначения, 16.4 м²",17000,17 000 ₽ в месяц,₽,₽/мес.,16.4,"Ул. Абсалямова, 26, Козья Слобода, 11–15 мин.",https://www.avito.ru/kazan/kommercheskaya_nedvizhimost/svobodnogo_naznacheniya_16.4_m_8479024457,7 дней назад,,"Сдается в аренду помещение (туалет, вода имеется). Стоимость аренды указана без коммунальных расходов. Помещение подходит для любых целей.",2026-09-29T21:10:07.793Z,55.821234,49.112316,"Россия, Республика Татарстан (Татарстан), Казань, улица Абсалямова, 26",house
8435451605,"ПСН в р-не Тандема, 43 м²",45000,45 000 ₽ в месяц,₽,₽/мес.,43,"Горсоветская ул., 25А, Козья Слобода, 11–15 мин.",https://www.avito.ru/kazan/kommercheskaya_nedvizhimost/psn_v_r-ne_tandema_43_m_8435451605,13 часов назад,,"- Первый этаж многоквартирного дома (сдан в 2014 г.). - Помещение свободного назначения, подходит для любого вида деятельности. - Площадь 43 кв. М. - Собственный отдельный вход. - Круглосуточный доступ 24/7. - Высота потолка 3.10 метра. - Полноценный отдельный санузел. - Возможно размещение вывески.",2026-09-29T21:10:07.793Z,55.817588,49.086669,"Россия, Республика Татарстан (Татарстан), Казань, Горсоветская улица, 25А",house
1925805802,"Складское помещение, 243 м²",149445,149 445 ₽ в месяц,₽,₽/мес.,243,"Советский район, жилой массив Константиновка, ул. Мира, 34, р-н Советский",https://www.avito.ru/kazan/kommercheskaya_nedvizhimost/skladskoe_pomeschenie_243_m_1925805802,17 часов назад,"ООО ""МИРАЯЛ""","Сдается теплое складское помещение. В складском помещении имеются 2 офисных помещения по 20 м2 в чистовой отделке. Отдельно имеется туалетное помещение. Имеется отдельно розетка на 380 (Отдельная оплата по счетчику. Мощность до 15квт.). Освещение, вода горячая и холодная, отопление все включено. Воз",2026-09-29T21:10:07.793Z,55.805154,49.277327,"Россия, Республика Татарстан (Татарстан), Казань, Советский район, жилой массив Константиновка, улица Мира, 34",house
8140516394,"Производственно-складское помещение, 5000 м²",600,600 ₽ в месяц за м² с НДС,₽,₽/мес. за м²,5000,"Ул. Седова, 2к2, Аметьево, от 31 мин.",https://www.avito.ru/kazan/kommercheskaya_nedvizhimost/proizvodstvenno-skladskoe_pomeschenie_5000_m_8140516394,7 часов назад,Коммерческая Недвижимость,"Сдаетcя производcтвенно-складcкоe помещениe, общей плoщадью 5000 м2, наxoдящeecя по адреcу: г. Kазань, Coвeтcкий paйон, ул. Ceдова 2к2. Наxoдитcя на oxpaняемoй тepритоpии Зжби-3, нa пeрвом этажe. B помeщeнии: - отдeльный вxoд; - oтопление; - элeктричествo, 150 кbт; - вoдa, кaнaлизaция; - высота 12 м",2026-09-29T21:11:49.218Z,55.78242,49.181621,"Россия, Республика Татарстан (Татарстан), Казань, улица Седова, 2к2",house
8099318170,"Центр,первая линия под Кафе",2700,2 700 ₽ в месяц за м²,₽,₽/мес. за м²,,"Ул. Вишневского, 21, Суконная слобода, 16–20 мин.",https://www.avito.ru/kazan/kommercheskaya_nedvizhimost/tsentrpervaya_liniya_pod_kafe_8099318170,Вчера,Лилия,"Эксклюзивно-выгодное предложение. Аренда на 1 линии оживленной улицы, в сердце Казани, высокий трафик, остановка 20 м. Сдаю в аренду под Кафе с ремонтом,100 квт помещение с высоким трафиком в центре города на пересечение Вишневского-Достоевского (57) у отеля «булгар». Все документальные согласования",2026-09-29T21:10:07.793Z,55.789117,49.152659,"Россия, Республика Татарстан (Татарстан), Казань, улица Вишневского, 21",house
8124751892,"Свободного назначения, 18.9 м²",24570,24 570 ₽ в месяц,₽,₽/мес.,18.9,"Советский район, мкр-н Азино-1, ул. Закиева, 41А, Проспект Победы, от 31 мин.",https://www.avito.ru/kazan/kommercheskaya_nedvizhimost/svobodnogo_naznacheniya_18.9_m_8124751892,Вчера,Стройград,"Сдаётся в аренду помещение с мокрой точкой свободного назначения площадью 18.9 кв. М. На 1 этаже в 2-х этажном административно-офисном здании по адресу: г. Казань, ул. Закиева, д. 41А. Здание расположено в активной части города на первой линии, высокий автомобильный и пешеходный трафик. В шаговой до",2026-09-29T21:10:07.793Z,55.77758,49.232546,"Россия, Республика Татарстан (Татарстан), Казань, Советский район, микрорайон Азино-1, улица Закиева, 41А",house
8450765875,"Офис без окна 10,8 м2, класс A, Сабан 2г, всё включено",13608,13 608 ₽ в месяц,₽,₽/мес.,,"Ул. Сабан, 2Г, Яшьлек, 21–30 мин.",https://www.avito.ru/kazan/kommercheskaya_nedvizhimost/ofis_bez_okna_108_m2_klass_a_saban_2g_vse_vklyucheno_8450765875,Вчера,Джойнио,"Уютный кабинет 10,8 м2 без окна — удобно, если нужно разместить 1–2 рабочих места и оставить место для хранения или небольшой зоны приёма. БЦ класса A: ресепшн, лифт, место под вывеску, режим работы 7:30–22:00 без выходных. Отделка под ключ, кондиционер, потолки 2,5 м. Возможен вывод мокрой точки — ",2026-09-29T21:10:07.793Z,55.825962,49.051347,"Россия, Республика Татарстан (Татарстан), Казань, улица Сабан, 2Г",house
8251417252,"Казань,2-я Старо-Аракчинская ул., 11к1, 55 кв.м",43000,43 000 ₽ в месяц с НДС,₽,₽/мес.,55,"2-я Старо-Аракчинская ул., 11к1, р-н Кировский",https://www.avito.ru/kazan/kommercheskaya_nedvizhimost/kazan2-ya_staro-arakchinskaya_ul._11k1_55_kv.m_8251417252,14 часов назад,"Торговая сеть ""Пятёрочка""","Аренда помещения торгового и свободного назначения в Федеральной сети «Пятёрочка», Площадью 55 кв. М. По адресу: Казань, 2-я Старо-Аракчинская, зд. 11, корп. 1. Помещение расположено на первой линии улицы 2-я Старо-Аракчинская. Планировка — торговое помещение при входе в магазин Пятерочка, имеет общ",2026-09-29T21:10:07.793Z,55.800716,48.967265,"Россия, Республика Татарстан (Татарстан), Казань, 2-я Старо-Аракчинская улица, 11к1",house
8267944686,Первая линия угловое помещение 25-40м,55000,55 000 ₽ в месяц,₽,₽/мес.,,"Тэцевская ул., 4Д, Авиастроительная, 16–20 мин.",https://www.avito.ru/kazan/kommercheskaya_nedvizhimost/pervaya_liniya_uglovoe_pomeschenie_25-40m_8267944686,Вчера,Центр коммерческой недвижимости,"Номер объекта: 537259. Аренда тэцевская 4д угловое помещение при въезде в жк, соседнее помещение жар свежар, кофе тин. ( у них высокие продажи). Большой жк, Яркий и Острова. Угловое помешение, вывеску можно установить на две стороны. Хороший пешеходный и автомобильный трафик. Внутри помешения пол пл",2026-09-29T21:10:07.793Z,55.851,49.062513,"Россия, Республика Татарстан (Татарстан), Казань, Тэцевская улица, 4Д",house
8373952560,"Аренда офиса с кондиционером, 17.6 м²",17600,17 600 ₽ в месяц,₽,₽/мес.,17.6,"Ул. Космонавтов, 67к1, р-н Советский",https://www.avito.ru/kazan/kommercheskaya_nedvizhimost/arenda_ofisa_s_konditsionerom_17.6_m_8373952560,Вчера,УК ГК-1,"— Сдается в аренду офис с чистовой отделкой в деловом центре Казани. Адрес: г. Казань, ул. Космонавтов, д. 67, корпус 1. Преимущества локации и транспортная доступность. Склад расположен в административном здании по адресу: г. Казань, ул. Космонавтов, д. 67, корпус 1 (индекс 420061). Объект находитс",2026-09-29T21:10:07.793Z,55.79643,49.208885,"Россия, Республика Татарстан (Татарстан), Казань, улица Космонавтов, 67к1",house
8395169793,Торговая площадь,30000,30 000 ₽ в месяц с НДС,₽,₽/мес.,80,"Ул. Пушкина, 9/51, Площадь Тукая, до 5 мин.",https://www.avito.ru/kazan/kommercheskaya_nedvizhimost/torgovaya_ploschad_8395169793,7 дней назад,Ильнур Н,"Аренда торгового места (6-8м) в ярмарке сувениров расположенном в популярном сувенирном магазине с кафе «Кыстыбый» прямо в эпицентре трафика на улице Баумана. Ищем соседей по площади: мастеров, дизайнеров, хендмейкеров, самозанятых и небольшие бренды, которые делают сувенирную продукцию, подарки или",2026-09-29T21:10:07.793Z,55.7877,49.121793,"Россия, Республика Татарстан (Татарстан), Казань, улица Пушкина, 9/51",house
8118273443,"Фулфилмент, Склад, Автосервис 1342.2 м²",500,500 ₽ в месяц за м² с НДС,₽,₽/мес. за м²,1342.2,"Техническая ул., 17Д, р-н Приволжский",https://www.avito.ru/kazan/kommercheskaya_nedvizhimost/fulfilment_sklad_avtoservis_1342.2_m_8118273443,13 часов назад,"ООО ""АЛЕКС""","Предложение От Собственника! Фулфилмент, склад, производство, автосервис и т. Д., площадью 1342,2 кв. М. Отапливаемое, включая отопление! 3 ворот (2 под еврофуру +1 под Газель) выс. Потолка 8м. (прямоугольной формы), упрочнённый не пылящий промышленный пол, разводка по помещению пожарных гидрантов, ",2026-09-29T21:11:26.178Z,55.734527,49.132348,"Россия, Республика Татарстан (Татарстан), Казань, Техническая улица, 17Д",house
3327749664,"Торговая площадь на трафике, 37 м²",55500,55 500 ₽ в месяц с НДС,₽,₽/мес.,37,"Пр-т Победы, 206, р-н Советский",https://www.avito.ru/kazan/kommercheskaya_nedvizhimost/torgovaya_ploschad_na_trafike_37_m_3327749664,Вчера,Аренда 206,"Собственник сдает в аренду торгово-выставочное помещения 37 кв. М. В. 1-ый этаж в центральной части здания, напротив центрального входа. Сделан косметический ремонт. Удачное расположение. Высокий автомобильный и пешеходный трафик. Описание комплекса. На цокольном и первом этаже здания расположены пр",2026-09-29T21:11:06.227Z,55.803115,49.210385,"Россия, Республика Татарстан (Татарстан), Казань, проспект Победы, 206",house
8280286906,Сдается новый склад 1080 кв.м,540000,540 000 ₽ в месяц,₽,₽/мес.,1080,"Д. Старое Кощаково, Промпарковая ул., 1",https://www.avito.ru/kazan/kommercheskaya_nedvizhimost/sdaetsya_novyy_sklad_1080_kv.m_8280286906,10 часов назад,DiGROUP - недвижимость и финансы,"Cдaется сoвpемeнноe тeплoe производственно-складское здание в индустриальном парке. Площадь 1080 кв. М. Высота потолков 6 м, секционные промышленные ворота, антипылевые полы с допустимой нагрузкой до 7 т/кв. М. Автономное газовое отопление, выделенная электрическая мощность 100 квт, скважина, септик",2026-09-29T21:11:26.178Z,55.826569,49.418686,"Россия, Республика Татарстан (Татарстан), Пестречинский район, Кощаковское сельское поселение, деревня Старое Кощаково, Промпарковая улица, 1",house
8178167788,"Сдам офисное помещение, 14.4 м²",10101,10 101 ₽ в месяц,₽,₽/мес.,14.4,"Ул. Рашида Вагапова, 15А, р-н Советский",https://www.avito.ru/kazan/kommercheskaya_nedvizhimost/sdam_ofisnoe_pomeschenie_14.4_m_8178167788,1 неделю назад,ARE Group,"Арт. 135737636 Сдаются в аренду 3 офиса на Рашида Вагапова 15А. Абсолютно новые. Один офис 34 кв м — с 2 окнами, мокрой точкой, кондиционером и 2 видами освещения, с бесплатными кладовками. Два офиса по 14,4 кв м — без окон, с мокрой точкой, кондиционером, 2 видами освещения и тоже с бесплатными кла",2026-09-29T21:10:07.793Z,55.784238,49.230049,"Россия, Республика Татарстан (Татарстан), Казань, улица Рашида Вагапова, 15А",house
8344705113,Аренда свободного помещения 24 кв.м,38000,38 000 ₽ в месяц,₽,₽/мес.,,"Пр-т Ямашева, 69, Козья Слобода, от 31 мин.",https://www.avito.ru/kazan/kommercheskaya_nedvizhimost/arenda_svobodnogo_pomescheniya_24_kv.m_8344705113,Вчера,Елизавета,"Светлое помещение свободного назначения в проходном месте с отличным пешеходным трафиком. Рядом остановки, университет, есть парковка. Остается мебель подходящее под Пвз.",2026-09-29T21:10:10.209Z,55.824769,49.13525,"Россия, Республика Татарстан (Татарстан), Казань, проспект Ямашева, 69",house
4191432414,"Офис, 19.7 м²",15000,15 000 ₽ в месяц,₽,₽/мес.,19.7,"Ул. Мусина, 29Д, Козья Слобода, 21–30 мин.",https://www.avito.ru/kazan/kommercheskaya_nedvizhimost/ofis_19.7_m_4191432414,3 недели назад,Георгий Тоябинский,"Собственник. Сдам офис на долгосрок. Дизайнерский ремонт. Площадь 19,7 м². Мокрая точка. 3 этаж офисного центра на Мусина 29Д. Во всем здании дизайнерский ремонт, включая коридоры и туалеты. Коммуналка оплачивается отдельно от 3000 до 5000, оплачиваю сам, вам ежемесячно скидываю счет фактуру. Предос",2026-09-29T21:10:10.209Z,55.825264,49.119547,"Россия, Республика Татарстан (Татарстан), Казань, улица Мусина, 29Д",house
8389306614,"Офис, помещение свободного назначения, юридический",5000,5 000 ₽ в месяц,₽,₽/мес.,25,"Ул. Богатырёва, 15, Яшьлек, от 31 мин.",https://www.avito.ru/kazan/kommercheskaya_nedvizhimost/ofis_pomeschenie_svobodnogo_naznacheniya_yuridicheskiy_8389306614,2 недели назад,Дмитрий,"Офисные помещения (помещения свободного назначения) от 5 кВ. До 25 кв. М в административно -офисном здании. В 7 км от центра Казани и Казанского Кремля, Круглосуточный доступ. Парковка на огороженной территории. В наличии помещения 5, 16 и 25 кВ. М.",2026-09-29T21:10:10.209Z,55.815575,49.047619,"Россия, Республика Татарстан (Татарстан), Казань, улица Богатырёва, 15",house
1983380837,"Офис, 30 м²",25000,25 000 ₽ в месяц,₽,₽/мес.,30,"Приволжский район, ул. Рихарда Зорге, 13Б, Горки, до 5 мин.",https://www.avito.ru/kazan/kommercheskaya_nedvizhimost/ofis_30_m_1983380837,1 неделю назад,Руслан,"Сдается новое офисное помещение, с хорошим ремонтом. Очень удобное местоположение, большой трафик, прямо у выхода метро, трамвая и автобусной остановки. Парковка в двух шагах. Коммунальные платежи оплачивает арендатор(1500р +электричество). Общий санузел(туалет) в коридоре. Проведен оптоволоконный в",2026-09-29T21:10:10.209Z,55.759035,49.190739,"Россия, Республика Татарстан (Татарстан), Казань, улица Рихарда Зорге, 13Б",house
8196563215,Офисное помещение 26.6 кв.м,16000,16 000 ₽ в месяц,₽,₽/мес.,26.6,"Гвардейская ул., 16, Суконная слобода, 21–30 мин.",https://www.avito.ru/kazan/kommercheskaya_nedvizhimost/ofisnoe_pomeschenie_26.6_kv.m_8196563215,3 недели назад,,Сдается офисное помещение площадью 26.6 кв. М. В цокольном этаже. Коммунальные услуги включены. Есть обеспечительный взнос.,2026-09-29T21:10:10.209Z,55.789416,49.17023,"Россия, Республика Татарстан (Татарстан), Казань, Гвардейская улица, 16",house
2601367967,"Офис от 23.1 м²,2ой этаж, окна, кондиционер",18480,18 480 ₽ в месяц,₽,₽/мес.,23.1,"Пр-т Победы, 90А, Проспект Победы, 21–30 мин.",https://www.avito.ru/kazan/kommercheskaya_nedvizhimost/ofis_ot_23.1_m2oy_etazh_okna_konditsioner_2601367967,1 неделю назад,Аренда помещений в Казани,"Предлагаем Вам в аренду офисные помещения на 2-ом этаже первые 3 месяца по 800. Руб. /кв. М., последующие по 900р за кв. Метр. Площадь помещений от 23,1. Коммунальные услуги, клининг, охрана входят в стоимость арендной платы. Помещения с кондиционером, в чистовой отделке: полы керамогранит, потолок-",2026-09-29T21:10:10.209Z,55.765635,49.220868,"Россия, Республика Татарстан (Татарстан), Казань, проспект Победы, 90А",house
8179771145,"Офис, 17 м²",18742,18 742 ₽ в месяц с НДС,₽,₽/мес.,17,"Ул. Галиаскара Камала, 7, Площадь Тукая, 11–15 мин.",https://www.avito.ru/kazan/kommercheskaya_nedvizhimost/ofis_17_m_8179771145,1 неделю назад,ООО Тавис и К,"Офис площадью 17м² в центре города с парковкой. Стоимость 18742,50 рублей с Ндс 5%. Помещение находится на третьем мансардном этаже здания. Стены и потолок обшиты окрашенной вагонкой. Офис сдается полностью пустым, без мебели. В стоимость включены: - охранная и пожарная сигнализация, - уборка, -все ",2026-09-29T21:10:10.209Z,55.784987,49.111022,"Россия, Республика Татарстан (Татарстан), Казань, улица Галиаскара Камала, 7",house
8176890783,Офис,25000,25 000 ₽ в месяц с НДС,₽,₽/мес.,,"Петербургская ул., 25В, Площадь Тукая, до 5 мин.",https://www.avito.ru/kazan/kommercheskaya_nedvizhimost/ofis_8176890783,2 недели назад,,"Сдам помещение в долгосрочную аренду по адресу улица Петербургская, дом 25В. - помещение находится в центре. - своя парковка. - высокие потолки. - есть свой душ и туалет, вентиляция. - кондиционер. - новый ремонт.",2026-09-29T21:10:10.209Z,55.784678,49.128531,"Россия, Республика Татарстан (Татарстан), Казань, Петербургская улица, 25В",house
1865769408,"Свободного назначения есть раковина, 12.5 м²",8000,8 000 ₽ в месяц,₽,₽/мес.,12.5,"Ул. Маршала Чуйкова, 60, р-н Ново-Савиновский",https://www.avito.ru/kazan/kommercheskaya_nedvizhimost/svobodnogo_naznacheniya_est_rakovina_12.5_m_1865769408,2 недели назад,OOO Тимер,"Сдаём офисное помещение с раковиной в нем есть отдельный туалет, собственник. Вторая линия, Круглосуточный доступ, парковочные места для клиентов. Площадь свободного назначения 12 кв м можно использовать так же есть и другие площади.",2026-09-29T21:10:10.209Z,55.834927,49.150288,"Россия, Республика Татарстан (Татарстан), Казань, улица Маршала Чуйкова, 60",house
8274638524,"Офисы на Ершова, первая линия, от 6 кв. м. (с мокрой точкой) до 20 кв.м",14000,14 000 ₽ в месяц,₽,₽/мес.,,"Ул. Николая Ершова, 18, Суконная слобода, 21–30 мин.",https://www.avito.ru/kazan/kommercheskaya_nedvizhimost/ofisy_na_ershova_pervaya_liniya_ot_6_kv._m._s_mokroy_tochkoy_do_20_kv.m_8274638524,1 неделю назад,"АН ""Диалог""","Номер объекта: 543263. Предлагаю в аренду светлый и просторный офис по адресу: г. Казань, ул. Ершова, д.18. Офиc унивeрcaлен и пoдойдeт пoд рaзные виды деятeльноcти. Арeндуемый oфис oбщeй плoщaдью 6 м2. 3 этаж. В офисе есть: мокрая точка; большое окно; высокий потолок; круглосуточный доступ; санузел",2026-09-29T21:10:10.209Z,55.791845,49.157645,"Россия, Республика Татарстан (Татарстан), Казань, улица Николая Ершова, 18",house
8029143957,"Офис, 18 м²",5000,5 000 ₽ в месяц,₽,₽/мес.,18,"Ул. Рихарда Зорге, 66Б, Проспект Победы, до 5 мин.",https://www.avito.ru/kazan/kommercheskaya_nedvizhimost/ofis_18_m_8029143957,1 неделю назад,Диляра Халимова,"Внимательно читайте описание. Юридический адрес не предоставляю. Душа нет. Сдаю в аренду. Можно пол дня в неделю на месяц, например с утра до 14:00 либо с 14:00 до вечера — стоимость 5000₽ в месяц. Нужно будет выбрать постоянный день в неделю. Если два раза по пол дня в неделю (перая и вторая полови",2026-09-29T21:10:10.209Z,55.747672,49.209927,"Россия, Республика Татарстан (Татарстан), Казань, улица Рихарда Зорге, 66Б",house
8045763013,"Офис, 12 м²",7200,7 200 ₽ в месяц,₽,₽/мес.,12,"Даурская ул., 8А, Аметьево, 16–20 мин.",https://www.avito.ru/kazan/kommercheskaya_nedvizhimost/ofis_12_m_8045763013,7 дней назад,Даурская,"Сдается в аренду второй этаж двухэтажного офисного здания, расположенное в глубине квартала общей площадью 300 кв. М., в здании имеются офисные кабинеты, приемная, кабинет руководителя с комнатой отдыха и собственным санузлом с душем. Вход в здание отдельный с улицы, круглосуточная охрана с видеонаб",2026-09-29T21:10:10.209Z,55.761543,49.144026,"Россия, Республика Татарстан (Татарстан), Казань, Даурская улица, 8А",house
8123993891,"Свободного назначения, 15.2 м²",25500,25 500 ₽ в месяц,₽,₽/мес.,15.2,"Дубравная ул., 5/1, Дубравная, до 5 мин.",https://www.avito.ru/kazan/kommercheskaya_nedvizhimost/svobodnogo_naznacheniya_15.2_m_8123993891,2 недели назад,"ООО ""АЙСАН""","Сдаю в аренду без посредников. Развитая транспортная развязка. Рядом метро «Дубравная»! Bceгo 10 пoмeщeний на этаже. В кабинете новая coвременная отдeлкa (евpopeмонт), кондиционер, вода — мокрая точка под раковину, большое полноценное окно. Всё новое, стильное, продуманное. Для чего подходит: Офис, ",2026-09-29T21:10:10.209Z,55.741262,49.21944,"Россия, Республика Татарстан (Татарстан), Казань, Дубравная улица, 5/1",house
8324234008,"Офис, 25.9 м²",14850,14 850 ₽ в месяц с НДС,₽,₽/мес.,25.9,"Даурская ул., 41, Горки, 11–15 мин.",https://www.avito.ru/kazan/kommercheskaya_nedvizhimost/ofis_25.9_m_8324234008,2 недели назад,Гузель,"Сдаются помещения под офис №1-22,00 м2-офис находится на 2 этаже. №2-25,9 м2-офис находится в цокольном этаже. Коммунальные услуги включены в стоимость аренды. Интернет предоставляется отдельно. Есть парковка. В здании ведется видеонаблюдение.",2026-09-29T21:10:10.209Z,55.767701,49.184603,"Россия, Республика Татарстан (Татарстан), Казань, Даурская улица, 41",house
8266489503,Офис,50000,50 000 ₽ в месяц с НДС,₽,₽/мес.,45,"Бухарская ул., 32к1, Горки, 21–30 мин.",https://www.avito.ru/kazan/kommercheskaya_nedvizhimost/ofis_8266489503,1 неделю назад,Альбина Гильфанова,Сдам коммерческое помещение. В ЖК яратам. Общая площадь 45кв. М. Отделка декоративная штукатурка. Высота потолков 3 метра. Есть кондиционер. Есть возможность провести мокрую точку внутри помещения ( санузел общий на этаже на 2 помещения). Вход в помещение круглосуточный. Видео наблюдения на территор,2026-09-29T21:10:10.209Z,55.773272,49.206567,"Россия, Республика Татарстан (Татарстан), Казань, Бухарская улица, 32к1",house
8479082227,"Офис с мокрой точкой, 12 м²",14990,14 990 ₽ в месяц,₽,₽/мес.,12,"Ул. Восстания, 80А, Яшьлек, 16–20 мин.",https://www.avito.ru/kazan/kommercheskaya_nedvizhimost/ofis_s_mokroy_tochkoy_12_m_8479082227,1 неделю назад,"Агентство Недвижимости ""Берег Риелт""","Эксклюзивное Предложение На Рынке Недвижимости! Без Комиссии. Сдаётся офисное помещение с шикарным ремонтом! Помещение оборудовано всем необходимым для ведения деятельности, а именно: - мокрая точка. - Офисная отделка (Предоставляем арендные каникулы на модернизацию). - Мебель. Предоставляем юридиче",2026-09-29T21:10:10.209Z,55.834477,49.059145,"Россия, Республика Татарстан (Татарстан), Казань, улица Восстания, 80А",house
7915871149,"Свободного назначения, 21.9 м²",900,900 ₽ в месяц за м²,₽,₽/мес. за м²,21.9,"Ул. Рихарда Зорге, 13Б, Горки, до 5 мин.",https://www.avito.ru/kazan/kommercheskaya_nedvizhimost/svobodnogo_naznacheniya_21.9_m_7915871149,1 сентября 12:38,Лилия,"Ваш идеальный выбор для бизнеса мечты. Представляем просторное коммерческое помещение в тихом районе, расположенное всего в пяти минутах ходьбы от станции метро. Идеально подойдет для открытия салона красоты, центра эстетического ухода или другого вида предпринимательства, связанного с оказанием усл",2026-09-29T21:10:10.209Z,55.759035,49.190739,"Россия, Республика Татарстан (Татарстан), Казань, улица Рихарда Зорге, 13Б",house
8324230213,Офис,49000,49 000 ₽ в месяц,₽,₽/мес.,,"Ул. Сибгата Хакима, 17, Козья Слобода, 21–30 мин.",https://www.avito.ru/kazan/kommercheskaya_nedvizhimost/ofis_8324230213,2 недели назад,,Сдам в аренду полностью укомплектованный офис с дизайнерским ремонтом и мебелью. Заезжай и работай! Без затрат на ремонт и мебель. Престижный район. Парковка. Отдельный вход. Полная меблировка современной дизайнерской мебелью: один большой стол для переговоров на 8 человек. И 2 рабочих стола. Шкаф д,2026-09-29T21:10:10.209Z,55.817142,49.12262,"Россия, Республика Татарстан (Татарстан), Казань, улица Сибгата Хакима, 17",house
2599892549,"Офис, 24 м²",30000,30 000 ₽ в месяц,₽,₽/мес.,24,"Ул. Пушкина, 52, Площадь Тукая, 6–10 мин.",https://www.avito.ru/kazan/kommercheskaya_nedvizhimost/ofis_24_m_2599892549,2 недели назад,,"Сдаю помещение в центре города Казани. В бизнес-центре Пушкинский. Площадь помещения 22 м2. На 2 этаже,2 окна, закрытый коридор. Доступ 24/7. Возможно арендовать машиноместо в закрытом теплом подземном паркинге!",2026-09-29T21:10:10.209Z,55.794118,49.125647,"Россия, Республика Татарстан (Татарстан), Казань, улица Пушкина, 52",house
7260372808,Офис с панорамным остеклением 25 м²,1800,1 800 ₽ в месяц за м² с НДС,₽,₽/мес. за м²,25,"Ул. Рашида Вагапова, 17Б, р-н Советский",https://www.avito.ru/kazan/kommercheskaya_nedvizhimost/ofis_s_panoramnym_ostekleniem_25_m_7260372808,1 неделю назад,Аренда «Vagapov Business Park»,"Предлагаем в аренду офисные помещения с панорамным остеклением (окна в пол) в новом Бизнес-центре «Vagapov Business Park», расположенном по адресу: г. Казань, ул. Рашида Вагапов, д.17Б на первой линии. Все офисные помещения в чистовой отделке, установлены кондиционеры. Современный бизнес-центр с нов",2026-09-29T21:10:10.209Z,55.783043,49.228459,"Россия, Республика Татарстан (Татарстан), Казань, улица Рашида Вагапова, 17Б",house
1225995176,"Торговое помещение, 5 м²",5000,5 000 ₽ в месяц,₽,₽/мес.,5,"Ул. Пушкина, 4, Площадь Тукая, до 5 мин.",https://www.avito.ru/kazan/kommercheskaya_nedvizhimost/torgovoe_pomeschenie_5_m_1225995176,1 неделю назад,ИП Настя,"Сдаются павильоны площадью (5. M2), на станций метро станции метро «Яшьлек» и ст. М. «Аметьево». Большой проходимый трафик. Проходимость с раннего утра и до позднего вечера. Круглосуточная охрана полиции. Арендная плата 5.000 рублей + эксплуатационные платежи!",2026-09-29T21:10:10.210Z,55.786531,49.122251,"Россия, Республика Татарстан (Татарстан), Казань, улица Пушкина, 4",house
8057708079,"Офис, услуги красоты, студия хендмейд 100 м²",500,500 ₽ в месяц за м²,₽,₽/мес. за м²,100,"Московская ул., 48, Площадь Тукая, 11–15 мин.",https://www.avito.ru/kazan/kommercheskaya_nedvizhimost/ofis_uslugi_krasoty_studiya_hendmeyd_100_m_8057708079,1 неделю назад,Коммерция в аренду,"Аренда от собственника. Без лишних платежей! Московская, 48. Сдается помещение 100 кв м. Помещение разделено на 3 кабинета, есть зона ресепшен, туалет, комната для персонала. Помещение на 3 этаже. Вход из центральной входной группы., напротив Центрального рынка, найти легко. Есть лифт прям до помеще",2026-09-29T21:10:10.210Z,55.786789,49.109657,"Россия, Республика Татарстан (Татарстан), Казань, Московская улица, 48",house
726502735,"Офис, 14 м²",10000,10 000 ₽ в месяц с НДС,₽,₽/мес.,14,"Ул. Космонавтов, 42А, р-н Советский",https://www.avito.ru/kazan/kommercheskaya_nedvizhimost/ofis_14_m_726502735,7 дней назад,,"Сдам офис на цокольном этаже в бизнес центре от 14 — 30 кв. Метров можно использовать под склад. Космонавтов 42А. Вторая линия от дороги. Охраняемая стоянка, заезд через шлагбаум. Большая охраняемая парковка. Кабинеты большие и светлые с окном Интернет. Видеонаблюдение. Коммунальные платежи включены",2026-09-29T21:10:10.210Z,55.796137,49.191323,"Россия, Республика Татарстан (Татарстан), Казань, улица Космонавтов, 42А",house
8283491718,Офис,35000,35 000 ₽ в месяц,₽,₽/мес.,,"Ул. Шигабутдина Марджани, 52, Площадь Тукая, 16–20 мин.",https://www.avito.ru/kazan/kommercheskaya_nedvizhimost/ofis_8283491718,7 дней назад,Юристриелт,"Сдается офис 29 кв м в историческом здании. Это статус, история и респектабельность в каждой детали. Ключевые преимущества: —Отдельный вход с первой линии — ваш бренд всегда на виду у пешеходного и автомобильного трафика главной улицы исторического центра. - свой санузел, вода, канализация, невысоки",2026-09-29T21:10:10.210Z,55.774619,49.120832,"Россия, Республика Татарстан (Татарстан), Казань, улица Шигабутдина Марджани, 52",house
8333645529,Свободного назначения,15000,15 000 ₽ в месяц,₽,₽/мес.,,"Чистопольская ул., 75, Козья Слобода, от 31 мин.",https://www.avito.ru/kazan/kommercheskaya_nedvizhimost/svobodnogo_naznacheniya_8333645529,1 неделю назад,АлмазТент,"Сдам помещение в салоне красоты. Салон находится на первой линии, бесплатная парковка напротив салона. Подходит под любой вид деятельности, есть выход под мокрую точку. В помещение имеется телевизор, шкаф, стол, кабинет закрывается на ключ. В салоне есть вай-фай, большая зона ожидания, два туалета, ",2026-09-29T21:10:10.210Z,55.82001,49.149668,"Россия, Республика Татарстан (Татарстан), Казань, Чистопольская улица, 75",house
4810322623,Аренда 1/2 цеха- заезжай и работай.Пищевое пр-во,24900,24 900 ₽ в месяц,₽,₽/мес.,24,"Ул. Родины, 7К, Горки, 21–30 мин.",https://www.avito.ru/kazan/kommercheskaya_nedvizhimost/arenda_12_tseha-_zaezzhay_i_rabotay.pischevoe_pr-vo_4810322623,1 неделю назад,Кондитерская Эвиль,"Сдам 1/2 полностью готового кондитерского цеха «под ключ». Всё по санпин — можно начинать работать сразу. Идеально, если вы устали печь «на кухне» и хотите выйти в легальное производство без вложений в ремонт и технику. Адрес: ул. Родины, 7к (удобный заезд/разгрузка, лифт). Площадь и планировка. — В",2026-09-29T21:10:10.210Z,55.770446,49.193569,"Россия, Республика Татарстан (Татарстан), Казань, улица Родины, 7К",house
4819352384,"Офис, 12 м² (Юридический Адрес)",15000,15 000 ₽ в месяц,₽,₽/мес.,12,"Пр-т Ибрагимова, 32А, Яшьлек, 6–10 мин.",https://www.avito.ru/kazan/kommercheskaya_nedvizhimost/ofis_12_m_yuridicheskiy_adres_4819352384,2 недели назад,ОФИС ДЛЯ МЕНЯ,"Сдается в Аренду Современный офис в Деловом Центре. На пр. Ибрагимова 32А: Состояние: Офисы в современном ремонте в стиле Loft, светлые, высокие потолки, современные светильники, проводной интернет, система доступа домофонная, видеонаблюдение. Атмосфера: спокойная, уютная, располагающая для работы. ",2026-09-29T21:10:10.210Z,55.832505,49.089822,"Россия, Республика Татарстан (Татарстан), Казань, проспект Ибрагимова, 32А",house
8055878755,Офис в аренду,25000,25 000 ₽ в месяц с НДС,₽,₽/мес.,,"Ул. Пушкина, 52, Площадь Тукая, 6–10 мин.",https://www.avito.ru/kazan/kommercheskaya_nedvizhimost/ofis_v_arendu_8055878755,7 дней назад,,"Добрый день! Представляем Вашему вниманию офисное помещение, расположенное в историческом здании в самом центре города, в пешей доступности остановка автобуса (2 мин), метро (20 мин), театр оперы и балета(3 мин) и много др. Помещение без мебели, ремонт сделан, внизу консьерж, есть лифт. Бизнес центр",2026-09-29T21:10:10.210Z,55.794118,49.125647,"Россия, Республика Татарстан (Татарстан), Казань, улица Пушкина, 52",house
7954981511,"Офис с мебелью, 23.3 м²",18000,18 000 ₽ в месяц,₽,₽/мес.,23.3,"Южно-Промышленная ул., 3, р-н Приволжский",https://www.avito.ru/kazan/kommercheskaya_nedvizhimost/ofis_s_mebelyu_23.3_m_7954981511,2 недели назад,,"Сдам в аренду помещение площадью 23,3 м². На втором этаже двухэтажного административного здания. Да, это не центр, но и цена ниже больше чем в два раза. Новая мебель и коммуналка входят в стоимость. Санузел на этаже. Доступ к помещению 24/7. Оплата на расчетный счет ИП без Ндс. Просмотр в любой день",2026-09-29T21:10:10.210Z,55.728611,49.098671,"Россия, Республика Татарстан (Татарстан), Казань, Южно-Промышленная улица, 3",house
8397564856,"Свободного назначения, 9 м²",6000,6 000 ₽ в месяц,₽,₽/мес.,9,"Ягодинская ул., 25, Козья Слобода, 16–20 мин.",https://www.avito.ru/kazan/kommercheskaya_nedvizhimost/svobodnogo_naznacheniya_9_m_8397564856,7 дней назад,,"Сдается помещение (ул. Ягодинская, 25). Варианты использования: рабочий кабинет или салон красоты (обсуждаемо). Оснащение: — Стол, стул, интернет, санузел. — Ноутбук предоставляется по запросу. Режим работы: ежедневно с 9:00 до 21:00. Оплата фиксированная, коммунальные услуги включены.",2026-09-29T21:10:10.210Z,55.814436,49.077165,"Россия, Республика Татарстан (Татарстан), Казань, Ягодинская улица, 25",house
8074119362,"Кабинет свободного назначения, 17 м²",24000,24 000 ₽ в месяц,₽,₽/мес.,17,"Пр-т Ямашева, 51, Козья Слобода, 21–30 мин.",https://www.avito.ru/kazan/kommercheskaya_nedvizhimost/kabinet_svobodnogo_naznacheniya_17_m_8074119362,2 недели назад,Виктор,"Сдает в аренду благоустроенное помещение. В наличии кабинет 17 кв. М. Подходит под офис, шоу-рум, кабинет маникюра, массажа, косметологии, мастерскую, склад. Встроенное помещение в жилом доме по адресу: Ямашева 51 (За 7Я, Торговой ассамблеей, «Кувалда»). Рядом «Корзинка», Парк Хаус. Помещение на выс",2026-09-29T21:10:10.210Z,55.825517,49.124255,"Россия, Республика Татарстан (Татарстан), Казань, проспект Ямашева, 51",house
8302803622,Новый офис в центре города в БЦ Швейник,1600,1 600 ₽ в месяц за м²,₽,₽/мес. за м²,22,"Ул. Парижской Коммуны, 25/39, Площадь Тукая, 11–15 мин.",https://www.avito.ru/kazan/kommercheskaya_nedvizhimost/novyy_ofis_v_tsentre_goroda_v_bts_shveynik_8302803622,7 дней назад,АН НОВАЯ ЖИЗНЬ,Без Комиссии Сдается От Собственника! Сдаётся в аренду коммерческое помещение с Новым Ремонтом в центре Казани! Уникальная возможность для вашего бизнеса! Помещение площадью 22 м² с ремонтом и ждёт арендаторов! Почему это идеальный выбор? Готовое решение под ключ! Универсальность: Подходит для многи,2026-09-29T21:10:10.210Z,55.781534,49.11254,"Россия, Республика Татарстан (Татарстан), Казань, улица Парижской Коммуны, 25/39",house
7437020013,"Свободного назначения, 3 м²",2000,2 000 ₽ в месяц,₽,₽/мес.,3,"Ул. Габдуллы Кариева, 4А, Аметьево, от 31 мин.",https://www.avito.ru/kazan/kommercheskaya_nedvizhimost/svobodnogo_naznacheniya_3_m_7437020013,3 дня назад,РУСТЕМ,"Сдаются В Аренду Кладовки От 2 ДО 13 кв. М В Парковочном Комплексе, По Адресу: г. Казань, ул. Кариева, 4А. - 3 Входа. 1) Въезд На Автомобиле Через Паркинг(высота 2,25м. Ширина 3м.) 2)Спуск По Лестнице, Вход Через Фасад Дома, 3)На Лифте ИЗ Подъезда Дома. - Доступ 24/7, Приточно-Вытяжная Вентиляция, У",2026-09-29T21:10:10.210Z,55.784926,49.186436,"Россия, Республика Татарстан (Татарстан), Казань, улица Габдуллы Кариева, 4А",house
8187556174,"Свободного назначения, 30 м²",40000,40 000 ₽ в месяц,₽,₽/мес.,30,"Ул. Четаева, 35, Козья Слобода, 21–30 мин.",https://www.avito.ru/kazan/kommercheskaya_nedvizhimost/svobodnogo_naznacheniya_30_m_8187556174,7 дней назад,,"Сдается помещение с общим входом парикмахерская, что обеспечит дополнительный трафик. Сдается две комнаты общ. 30 кв. М, первая линия, высокий авто и пешеходный трафик. Просмотр в любое время. Без комиссии не риэлтор.",2026-09-29T21:10:10.210Z,55.824597,49.121416,"Россия, Республика Татарстан (Татарстан), Казань, улица Четаева, 35",house
7964916371,Свободного назначения,29000,29 000 ₽ в месяц с НДС,₽,₽/мес.,,"Ул. Маршала Чуйкова, 69, р-н Ново-Савиновский",https://www.avito.ru/kazan/kommercheskaya_nedvizhimost/svobodnogo_naznacheniya_7964916371,7 дней назад,,"Срочная сдача в аренду. Сдается прекрасное помещение, в одном из топовых мест Казани. Удобные подъездные пути, транспортная развязка, хороший пешеходный траффик. Отдельный вход, свой санузел, хорошая отделка в помещении. Презентабельный вид для вашего бизнеса. Есть кондиционер, продуманный свет.",2026-09-29T21:10:10.210Z,55.836282,49.144781,"Россия, Республика Татарстан (Татарстан), Казань, улица Маршала Чуйкова, 69",house
8134901612,"Офис, 10 м²",15000,15 000 ₽ в месяц,₽,₽/мес.,10,"Ул. Габдуллы Тукая, 64, Площадь Тукая, 11–15 мин.",https://www.avito.ru/kazan/kommercheskaya_nedvizhimost/ofis_10_m_8134901612,1 неделю назад,Alsu,Помещение свободного назначения с кондиционером и мокрой точкой в центре Казани. Доступ 24/7. Помещение правильной прямоугольной формы-можно многое уместить из мебели. Напротив бизнес-центра Парк и остановка общественного транспорта. Удачное расположение на этаже-в офисе очень тихо. Комунальные услу,2026-09-29T21:10:10.210Z,55.778461,49.114256,"Россия, Республика Татарстан (Татарстан), Казань, улица Габдуллы Тукая, 64",house
8284201246,"Автосервис, 200 м²",170000,170 000 ₽ в месяц,₽,₽/мес.,200,"Верхоянская ул., 22, Авиастроительная, 21–30 мин.",https://www.avito.ru/kazan/kommercheskaya_nedvizhimost/avtoservis_200_m_8284201246,3 дня назад,,"Сдается сервис в аренду. Полностью оснащен инструментом. Также есть Шиномонтажное оборудование, так же есть диагностическое оборудование лаунч. И многое другое. Подходит для обслуживания легкового и грузового транспорта. Есть зона приема пищи, душевые для рабочего персонала. Есть комфортабельная кли",2026-09-29T21:10:10.210Z,55.87339,49.08445,"Россия, Республика Татарстан (Татарстан), Казань, Верхоянская улица, 22",house
3578253348,Сдам ПСН 27 м² со своим санузлом в новом ЖК,20250,20 250 ₽ в месяц,₽,₽/мес.,27,"Ул. Годовикова, 1, Авиастроительная, 21–30 мин.",https://www.avito.ru/kazan/kommercheskaya_nedvizhimost/sdam_psn_27_m_so_svoim_sanuzlom_v_novom_zhk_3578253348,7 дней назад,Алина,"Сдам Псн 27 м² со своим санузлом в новом ЖК (собственник). Цена: 20 250 руб. / месяц (всего 750 руб. За кв. М) + КУ. Адрес: г. Казань, ул. Лукина, 50А (Авиастроительный район, ЖК «Взлётная полоса»). Площадь: 30 кв. М. Этаж: 1. Сдаётся светлое коммерческое помещение свободного назначения напрямую от ",2026-09-29T21:10:10.210Z,55.856932,49.096074,"Россия, Республика Татарстан (Татарстан), Казань, улица Годовикова, 1А",house
8305621336,"Торговая площадь, 46 м²",90000,90 000 ₽ в месяц,₽,₽/мес.,46,"Ул. Оренбургский Тракт, 138/1, Проспект Победы, 21–30 мин.",https://www.avito.ru/kazan/kommercheskaya_nedvizhimost/torgovaya_ploschad_46_m_8305621336,7 дней назад,Зарина,"Проходимость 100%, рядом автовокзал, остановка для приезжих, дркб, ркб, общежитие, арендаторы сидят по 10 лет, ключей с собой не было, сфоткали пока так снаружи, при просмотре можно посмотреть помещение изнутри, все вопросы по телефону.",2026-09-29T21:10:10.210Z,55.7333,49.184262,"Россия, Республика Татарстан (Татарстан), Казань, улица Оренбургский Тракт, 138/1",house
3848061773,"Офис, 30 м²",20000,20 000 ₽ в месяц,₽,₽/мес.,30,"Ул. Вишневского, 57А, Суконная слобода, 11–15 мин.",https://www.avito.ru/kazan/kommercheskaya_nedvizhimost/ofis_30_m_3848061773,1 неделю назад,Эльвина,"Звоните, сообщения не читаю. Сдается кабинет клинике косметологии с мокрой точкой. Есть вся необходимая мебель, кушетка, банкетка, шкафы, как на фото. Кабинет закрывается на ключ. В салоне новый ремонт, идеальная чистота.1 этаж, клиентам дверь открывается по домофону, имеется видеокамера, ресепшен, ",2026-09-29T21:10:10.210Z,55.782005,49.150458,"Россия, Республика Татарстан (Татарстан), Казань, улица Вишневского, 57А",house
2405389205,"Свободного назначения, 110 м²",85000,85 000 ₽ в месяц,₽,₽/мес.,110,"Вахитовский район, Большая Красная ул., 57А, Площадь Тукая, 16–20 мин.",https://www.avito.ru/kazan/kommercheskaya_nedvizhimost/svobodnogo_naznacheniya_110_m_2405389205,2 недели назад,,"Помещение в центре города, отдельно стоящие 2 этажное здание. Со своей парковкой. Мокрые точки, на первом, втором этаже. Отопление пока на эл. Батареях энергосберегающих.",2026-09-29T21:10:10.210Z,55.797331,49.13852,"Россия, Республика Татарстан (Татарстан), Казань, Вахитовский район, Большая Красная улица, 57А",house
8448811596,Складское помещение,7000,7 000 ₽ в месяц,₽,₽/мес.,,"Ул. Адоратского, 14к1, р-н Ново-Савиновский",https://www.avito.ru/kazan/kommercheskaya_nedvizhimost/skladskoe_pomeschenie_8448811596,7 дней назад,Андрей,"Сдам холодное (!) помещение на срок от одного месяца. Сам его арендую, но оно мне нужно только с марта до сентября. Соответственно, могу сдать только до 20 марта. Свет, свой вход, кондиционер, рядом столовка. Подойдет для хранения, в том числе временного. Если у вас ремонт запихнуть вещи или сложить",2026-09-29T21:10:10.210Z,55.832899,49.149344,"Россия, Республика Татарстан (Татарстан), Казань, улица Адоратского, 14к1",house
8385344048,Производство,500,500 ₽ в месяц,₽,₽/мес.,,"Ул. Восход, 39, Северный вокзал, 6–10 мин.",https://www.avito.ru/kazan/kommercheskaya_nedvizhimost/proizvodstvo_8385344048,7 дней назад,,Сдаётся складские и производственные площади от 200 до 5000 квадратных метров кран-балка.,2026-09-29T21:10:10.210Z,55.839213,49.07261,"Россия, Республика Татарстан (Татарстан), Казань, улица Восход, 39",house
7860748158,"Офис, 22 м²",1950,1 950 ₽ в месяц за м² с НДС,₽,₽/мес. за м²,22,"Ул. Островского, 84, Площадь Тукая, 6–10 мин.",https://www.avito.ru/kazan/kommercheskaya_nedvizhimost/ofis_22_m_7860748158,1 неделю назад,,"Сдаются помещения в бизнесс центре Островского 84, расположенные на 7 этаже. Площади 22 кв. М, 25 кв. М., 35 кв. М., 38 кв. М., 38,4 кв. М, по цене от 1950 рублей за кв. М. В том числе Ндс. Помещения мебелированы, в стоимость включены все коммунальные платежи, ежедневная влажная уборка.",2026-09-29T21:10:10.210Z,55.781408,49.129007,"Россия, Республика Татарстан (Татарстан), Казань, улица Островского, 84",house
8286564103,Офис,38880,38 880 ₽ в месяц,₽,₽/мес.,,"Ул. Мусина, 29Д, Козья Слобода, 21–30 мин.",https://www.avito.ru/kazan/kommercheskaya_nedvizhimost/ofis_8286564103,7 дней назад,"""Амбрелла-Дом""","Сдаётся Офис На Квартале | Мусина, 29Д. Ищете идеальное место для работы без головной боли? Мы нашли его для вас! Встречайте — стильный, светлый и полностью готовый к заезду офис на втором этаже в престижном деловом районе! Почему этот вариант — любовь с первого взгляда? Свежий ремонт без лишних зап",2026-09-29T21:10:10.210Z,55.825264,49.119547,"Россия, Республика Татарстан (Татарстан), Казань, улица Мусина, 29Д",house
8284510200,"Свободного назначения, 15 м²",2000,2 000 ₽ в месяц,₽,₽/мес.,15,"Ул. Шигабутдина Марджани, 22, Площадь Тукая, 11–15 мин.",https://www.avito.ru/kazan/kommercheskaya_nedvizhimost/svobodnogo_naznacheniya_15_m_8284510200,7 дней назад,,"Сдаются в аренду. С мокрой точкой! С отдельными друг от друга входными группами. Помещения, на 1-й проезжей и пешеходной линии, высокий цокольный этаж, со множеством окон, площади от 15 кв. М. До 300 кв. М. У помещений имеются дополнительные входные группы со двора, высота потолка 2,8 м., общедомовы",2026-09-29T21:10:10.210Z,55.779287,49.118586,"Россия, Республика Татарстан (Татарстан), Казань, улица Шигабутдина Марджани, 22",house
7617474445,"Свободного назначения, 7.7 м²",1100,1 100 ₽ в месяц,₽,₽/мес.,7.7,"Вахитовский район, ул. Калинина, 60, Суконная слобода, 6–10 мин.",https://www.avito.ru/kazan/kommercheskaya_nedvizhimost/svobodnogo_naznacheniya_7.7_m_7617474445,1 неделю назад,,"Сдаётся в аренду — помещение 7,7 кв. М. Помещение свободного назначения с новым ремонтом (пол плитка, светлые стены, централизованное отопление). Можно использовать под офис, кабинет, ремонт и продажу сотовых телефонов, beauty co-working, массажный кабинет, интернет магазин и другие виды деятельност",2026-09-29T21:10:10.210Z,55.782501,49.147242,"Россия, Республика Татарстан (Татарстан), Казань, улица Калинина, 60",house
8288698084,Кладовая 3 м²,3000,3 000 ₽ в месяц с НДС,₽,₽/мес.,3,"Ул. Журналистов, 46Ак1, р-н Советский",https://www.avito.ru/kazan/kommercheskaya_nedvizhimost/kladovaya_3_m_8288698084,7 дней назад,Ринат,"Кладовка от 1,5 м² до 6 м² в Казани. От 750 ₽ в месяц за ячейку. Больше объем, дешевле кв. М. Идеально для хранения вещей, шин, инструмента, велосипедов, сезонной одежды, коробок, стройматериала, оборудования, электроники, Удобный подъезд на машине. Охраняемая территория. Видеонаблюдение. Круглогоди",2026-09-29T21:10:10.210Z,55.816854,49.191664,"Россия, Республика Татарстан (Татарстан), Казань, улица Журналистов, 46Ак1",house
2246150804,"Офис, 7 м²",8500,8 500 ₽ в месяц,₽,₽/мес.,7,"Ул. Маршала Чуйкова, 85, р-н Ново-Савиновский",https://www.avito.ru/kazan/kommercheskaya_nedvizhimost/ofis_7_m_2246150804,2 недели назад,,"Сдам офисное-торговое помещение 7м2. Первая линия. Можно Повесить Вывеску. Коммунальный платеж включон. Отдельный вход на 4 комнаты. Все помещения сданы. Доступ в помещение с 8 00 до 21 00, без выходных. Мокрая точка. Помещение оборудовано кондиционером, сигнализацией, приточной системой вентиляции.",2026-09-29T21:10:10.210Z,55.836292,49.154528,"Россия, Республика Татарстан (Татарстан), Казань, улица Маршала Чуйкова, 85",house
8449747918,Объект 540071,28000,28 000 ₽ в месяц,₽,₽/мес.,20.6,"Ул. Тази Гиззата, 6/31, Кремлёвская, 6–10 мин.",https://www.avito.ru/kazan/kommercheskaya_nedvizhimost/obekt_540071_8449747918,7 дней назад,АГЕНТСТВО НЕДВИЖИМОСТИ FATiR,"Номер объекта: 540071. Сдается коммерческое помещение в центре города Казань на ул. Тази Гиззата д. 6/31. Площадью 20,6 кв. М. Помещение с современным ремонтом, чистое, имеется кондиционер. Прекрасный офис в центре города.",2026-09-29T21:10:12.675Z,55.789573,49.108417,"Россия, Республика Татарстан (Татарстан), Казань, улица Тази Гиззата, 6/31",house
8325989464,Свободного назначения,40000,40 000 ₽ в месяц с НДС,₽,₽/мес.,,"Ул. Фатыха Амирхана, 4А, Козья Слобода, от 31 мин.",https://www.avito.ru/kazan/kommercheskaya_nedvizhimost/svobodnogo_naznacheniya_8325989464,3 дня назад,Жаклин,"Сдается помещение свободного назначения на первом этаже жилого дома. Отдельный вход, доступ 24/7, вход хорошо просматривается, находится в густонаселенном месте. Есть мокрая точка, туалет. Подходит под много видов деятельности. - пункт выдачи Ozon, WB. - парикмахерская (есть все оборудование и мебел",2026-09-29T21:10:12.675Z,55.829052,49.136067,"Россия, Республика Татарстан (Татарстан), Казань, улица Фатыха Амирхана, 4А",house
8294378265,Офис,14000,14 000 ₽ в месяц,₽,₽/мес.,12,"2-я Старо-Аракчинская ул., 41Б, р-н Кировский",https://www.avito.ru/kazan/kommercheskaya_nedvizhimost/ofis_8294378265,2 недели назад,Светлана Князева,Сдадим в аренду несколько офисных помещений площадью от 12 кВ. М. Имеется мокрая точка.,2026-09-29T21:10:12.675Z,55.80186,48.958515,"Россия, Республика Татарстан (Татарстан), Казань, 2-я Старо-Аракчинская улица, 41Б",house
7624096798,Кладовка 1.5 м²,1000,1 000 ₽ в месяц за м² с НДС,₽,₽/мес. за м²,1.5,"Ул. Вишневского, 57, Суконная слобода, 11–15 мин.",https://www.avito.ru/kazan/kommercheskaya_nedvizhimost/kladovka_1.5_m_7624096798,7 дней назад,,"Аренда кладовки (бокса/склада). Представляем Вашему вниманию уютную небольшую кладовку (бокс) для аренды как на короткое время, так и на длительный срок. Размеры кладовок (боксов) от 1.1 м3 до 2.4 м3. В кладовке (боксе) Вы сможете разместить: Личные вещи (например, сезонные); Спортивный инвентарь (в",2026-09-29T21:10:12.675Z,55.782668,49.149542,"Россия, Республика Татарстан (Татарстан), Казань, улица Вишневского, 57",house
8359585091,"Торговая площадь, 14 м²",20000,20 000 ₽ в месяц с НДС,₽,₽/мес.,14,"Ул. Академика Глушко, 35, р-н Советский",https://www.avito.ru/kazan/kommercheskaya_nedvizhimost/torgovaya_ploschad_14_m_8359585091,7 дней назад,"""Поиск"" Агентство недвижимости","Сдаётся в аренду Торговый Павильон, расположенный на первой линии улицы Глушко, вблизи автобусной остановки с хорошим пешим трафиком! — Общая площадь помещения 14 м2; — Панорамное остекление; — Первая линия; — Цена — 20.000 первые три месяца, далее 25.000. — Сделан ремонт; — Хороший пеший трафик! В ",2026-09-29T21:10:12.675Z,55.787948,49.229115,"Россия, Республика Татарстан (Татарстан), Казань, улица Академика Глушко, 35",house
8355321666,"Торговая площадь, 44 м²",24000,24 000 ₽ в месяц,₽,₽/мес.,44,"Магаданская ул., 18Г, Аметьево, 6–10 мин.",https://www.avito.ru/kazan/kommercheskaya_nedvizhimost/torgovaya_ploschad_44_m_8355321666,3 недели назад,,"Сдам отдельно стоящее 2х этажное здание под ваши цели. Площадь здания 44 кв. М. В здании есть вода, канализация, электричество. Отопление тепловой насос. На первом этаже есть отдельное помещение 20 кв. М. Рядом со зданием есть участок площадью 40 кв. М. В собственности, Цена 1200 рублей квадрат. Под",2026-09-29T21:10:12.675Z,55.769195,49.164948,"Россия, Республика Татарстан (Татарстан), Казань, Магаданская улица, 18Г",house
8341287614,"Казань, Свободного назначения, 15.7 м²",20000,20 000 ₽ в месяц,₽,₽/мес.,15.7,"Ул. Фатыха Амирхана, 2, Козья Слобода, от 31 мин.",https://www.avito.ru/kazan/kommercheskaya_nedvizhimost/kazan_svobodnogo_naznacheniya_15.7_m_8341287614,2 недели назад,ОКН,"Сдается в аренду торговое место площадью 15,7 кв. М. Общий вход с аптекой. Косметический ремонт. Отличное месторасположение. Высокий автомобильный и пешеходный трафик. Организуем показ в любое время, по договоренности. Звоните!",2026-09-29T21:10:12.675Z,55.828,49.135627,"Россия, Республика Татарстан (Татарстан), Казань, улица Фатыха Амирхана, 2",house
8262889386,"Свободного назначения, 20 м²",30000,30 000 ₽ в месяц с НДС,₽,₽/мес.,20,"Ул. Вишневского, 14Б, Суконная слобода, 11–15 мин.",https://www.avito.ru/kazan/kommercheskaya_nedvizhimost/svobodnogo_naznacheniya_20_m_8262889386,1 неделю назад,,Помещение свободного назначения /отдельно стоящий павильон/. По ул Вишневского 14б/за магазином Бюрократ. Оборудовано пожарно охранной сигнализацией. Обогревателем… Вытяжкой под гриль. Помещение сухое. Светлое. Готово под эксплуатацию. Есть подъездные пути и парковка для авто…,2026-09-29T21:10:12.675Z,55.783914,49.148545,"Россия, Республика Татарстан (Татарстан), Казань, улица Вишневского, 14Б",house
8304006868,Свободного назначения,150000,150 000 ₽ в месяц,₽,₽/мес.,116.6,"Московская ул., 70, Площадь Тукая, 6–10 мин.",https://www.avito.ru/kazan/kommercheskaya_nedvizhimost/svobodnogo_naznacheniya_8304006868,2 недели назад,,"Cдаeтcя пoмeщeние свободногo назнaчения пo адресу: Московская д.70 в Вaxитoвcкoм pайоне городa, в историческом центрe Kазaни. Хaрактeристики помещения: -пеpвая линия. -отдeльный вxод с улицы, отдельный вход со двора. -доcтуп 24/7. -площaдь помещeния — 116,6 кв. М. -высoтa потoлкoв 3,8 м. -место под ",2026-09-29T21:10:12.675Z,55.783635,49.113951,"Россия, Республика Татарстан (Татарстан), Казань, Московская улица, 70",house
8292575244,Свободного назначения,35000,35 000 ₽ в месяц с НДС,₽,₽/мес.,21,"Ул. Мусина, 29, Козья Слобода, 21–30 мин.",https://www.avito.ru/kazan/kommercheskaya_nedvizhimost/svobodnogo_naznacheniya_8292575244,3 недели назад,,"Сдаю помещение, состоящее из двух комнат ( 19/1 и 19/2 см. На плане). ( 21 кв. М и 19 кв. М), находящееся на 2-ом этаже административного здания. Преимущества: можно пользоваться офисом 24/7, также можно использовать формат работы «офис+склад». На днях закончили ремонт. Вы будете работать в чистом п",2026-09-29T21:10:12.675Z,55.825709,49.120023,"Россия, Республика Татарстан (Татарстан), Казань, улица Мусина, 29",house
8479691054,"Производство, 24 м²",5000,5 000 ₽ в месяц,₽,₽/мес.,24,"Ул. Сары Садыковой, 20А, Площадь Тукая, 16–20 мин.",https://www.avito.ru/kazan/kommercheskaya_nedvizhimost/proizvodstvo_24_m_8479691054,7 дней назад,Григорий,Большой цоколь под склад / производство. Помещения от 10 до 24 кв. М.,2026-09-29T21:10:12.675Z,55.775717,49.114391,"Россия, Республика Татарстан (Татарстан), Казань, улица Сары Садыковой, 20А",house
8429787634,"Сдается офис на Чистопольской, 20.4 м²",1600,1 600 ₽ в месяц за м² с НДС,₽,₽/мес. за м²,20.4,"Чистопольская ул., 9А, Козья Слобода, 6–10 мин.",https://www.avito.ru/kazan/kommercheskaya_nedvizhimost/sdaetsya_ofis_na_chistopolskoy_20.4_m_8429787634,7 дней назад,,"Сдаётся Коммерческое Помещение На Первой Линии. Чистопольская, 9А (Офисно-развлекательный центр, здание ресторана «Мёд»). 1 600 ₽/м² (коммунальные платежи входят в стоимость). Объект: Площадь: 20,4 м². Назначение: свободное ( офис, салон красоты, студия — любой формат). 1-я линия — максимальная види",2026-09-29T21:10:12.675Z,55.819869,49.106405,"Россия, Республика Татарстан (Татарстан), Казань, Чистопольская улица, 9А",house
8295353886,"Кладовка 1,5 м² в утеплённом ангаре, доступ 24/7",1800,1 800 ₽ в месяц с НДС,₽,₽/мес.,1.5,"Поперечно-Ноксинская ул., 3к7, р-н Советский",https://www.avito.ru/kazan/kommercheskaya_nedvizhimost/kladovka_15_m_v_uteplennom_angare_dostup_247_8295353886,3 недели назад,Ильназ,"Кладовка от 1,5 до 6 м² в утеплённом ангаре, охрана. Сдаётся утеплённая кладовка, внутри отапливаемого ангара — Казань, ул. Поперечно ноксинская 3к7. Что важно: Утеплённое помещение: без сырости, конденсата и промерзания зимой — подходит для мебели, техники, шин, инструмента, товара, сезонных вещей.",2026-09-29T21:10:12.675Z,55.847558,49.196263,"Россия, Республика Татарстан (Татарстан), Казань, Поперечно-Ноксинская улица, 3к7",house
1671545868,"Торговая площадь, 105.8 м²",200000,200 000 ₽ в месяц,₽,₽/мес.,105.8,"Ул. Декабристов, 85, Козья Слобода, 6–10 мин.",https://www.avito.ru/kazan/kommercheskaya_nedvizhimost/torgovaya_ploschad_105.8_m_1671545868,7 дней назад,"""Р А недвижимость""","Предлагаю Вашему вниманию рассмотреть возможность долгосрочной аренды в торговом помещении общей площадью 80 кв. М. Находящимся по адресу: г. Казань, Московский район, ул. Декабристов, 85. Характеристики помещения: - одноэтажное торговое встроенно-пристроенное помещение к девятиэтажному жилому дому ",2026-09-29T21:10:12.675Z,55.818786,49.090199,"Россия, Республика Татарстан (Татарстан), Казань, улица Декабристов, 85",house
8229133018,"Офис, 21 м²",40000,40 000 ₽ в месяц,₽,₽/мес.,21,"Ул. Фатыха Амирхана, 18/41, Козья Слобода, от 31 мин.",https://www.avito.ru/kazan/kommercheskaya_nedvizhimost/ofis_21_m_8229133018,1 неделю назад,,В небольшом офисном центре сдаётся офис под бьюти услуги. 21 кв. М — 40000 руб. С мокрой точкой. Скоростной интернет. Кондиционер. Домофон. Предоставляем юридический адрес. Первая линия. Удобная Свободная Парковка. Дополнительно коммунальные платежи по счётчику. Рядом остановка общественного транспо,2026-09-29T21:10:12.675Z,55.836651,49.134693,"Россия, Республика Татарстан (Татарстан), Казань, улица Фатыха Амирхана, 18/41",house
8318443624,"Офис, 14 м²",25000,25 000 ₽ в месяц,₽,₽/мес.,14,"Ул. Шуртыгина, 3, Суконная слобода, от 31 мин.",https://www.avito.ru/kazan/kommercheskaya_nedvizhimost/ofis_14_m_8318443624,1 неделю назад,Мастерская мой Дом,"Сдам кабинет на первом этаже бизнес центра по адресу: Шуртыгина, д. 3. Помещение подойдёт для специалиста, который работает самостоятельно, или для небольшой студии с приёмом клиентов по записи. В кабинете есть собственная мокрая точка, выполнен ремонт, установлен кондиционер. Охрана. В холе автомат",2026-09-29T21:10:12.675Z,55.79183,49.176465,"Россия, Республика Татарстан (Татарстан), Казань, улица Шуртыгина, 3",house
8232741685,"Офис, 15 м²",20000,20 000 ₽ в месяц,₽,₽/мес.,15,"Курская ул., 6, Суконная слобода, от 31 мин.",https://www.avito.ru/kazan/kommercheskaya_nedvizhimost/ofis_15_m_8232741685,1 неделю назад,,"Сдается офисное помещение 48 кв. М, несколько кабинетов, со своим санузлом. 1500 руб/кв. М. Собственник.",2026-09-29T21:10:12.675Z,55.789461,49.174264,"Россия, Республика Татарстан (Татарстан), Казань, Курская улица, 6",house
7930028360,"Свободного назначения, 150 м²",36000,36 000 ₽ в месяц с НДС,₽,₽/мес.,150,"Ул. Бари Галеева, 18, р-н Советский",https://www.avito.ru/kazan/kommercheskaya_nedvizhimost/svobodnogo_naznacheniya_150_m_7930028360,1 неделю назад,Чистый Драйв,"Есть клиенты, но нет нормального места для работы? Снимаете гараж, теряете время на дорогу и объяснения «как найти»? Напишите нам прямо сейчас — решим вашу проблему. Мы — действующая автомойка с постоянным потоком клиентов. Сдаём свободные площади мастерам, которым нужно готовое место под автомобиль",2026-09-29T21:10:12.675Z,55.804627,49.17324,"Россия, Республика Татарстан (Татарстан), Казань, улица Бари Галеева, 18",house
7590309161,Офисы с дизайнерским ремонтом в центре Казани от с,30000,30 000 ₽ в месяц,₽,₽/мес.,280,"Ул. Островского, 57В, Площадь Тукая, до 5 мин.",https://www.avito.ru/kazan/kommercheskaya_nedvizhimost/ofisy_s_dizaynerskim_remontom_v_tsentre_kazani_ot_s_7590309161,3 недели назад,,"Офисы с дизайнерским ремонтом в центре Казани! Отличная локация: рядом со станцией метро «Площадь Тукая», Трц «Республика» в бизнес-центре по адресу: ул. Островского д. 57 В. От собственника, без комиссии! Комунальные и эксплуатационные услуги включены! С 01.10.26 г будет сдаваться мансардный этаж (",2026-09-29T21:10:12.675Z,55.784795,49.124156,"Россия, Республика Татарстан (Татарстан), Казань, улица Островского, 57В",house
7820478926,"Свободного назначения, 18.8 м²",29610,29 610 ₽ в месяц с НДС,₽,₽/мес.,18.8,"Ул. Голубятникова, 21А, Северный вокзал, 21–30 мин.",https://www.avito.ru/kazan/kommercheskaya_nedvizhimost/svobodnogo_naznacheniya_18.8_m_7820478926,7 дней назад,"ООО ""Ритейл Инвест+""","Сдаются в аренду тoрговые помещения по aдреcу PT, г. Казaнь, ул. Голубятникова, д. 21А. Пapаметры здания/помещeний: - pаcпoлoжeнo на пeрвoй линии доpoги; - плoщaди пoмeщения — 21 и 18,8кв. М. (ставка 1575 руб. /кв. М. В т. Ч. Ндс 5%); - витражное остекление; - отдельнaя вxоднaя группа; - свой с/у; -",2026-09-29T21:10:12.675Z,55.83802,49.10795,"Россия, Республика Татарстан (Татарстан), Казань, улица Голубятникова, 21А",house
8324270388,"Свободного назначения, 15 м²",14000,14 000 ₽ в месяц,₽,₽/мес.,15,"Ул. Восстания, 18Б, Северный вокзал, 11–15 мин.",https://www.avito.ru/kazan/kommercheskaya_nedvizhimost/svobodnogo_naznacheniya_15_m_8324270388,1 неделю назад,,"Аренда кабинета 15 м² | мокрая точка | юр. Адрес. Сдается светлое отдельное помещение 15 м² на 3 этаже. Подойдет под кабинет специалиста, небольшой офис, бьюти-услуги, студию или работу с клиентами по предварительной записи. Характеристики: - площадь — 15 м². - 1 окно, естественное освещение. - мокр",2026-09-29T21:10:12.675Z,55.836312,49.09231,"Россия, Республика Татарстан (Татарстан), Казань, улица Восстания, 18Б",house
8290959616,Фучика 50 Торговая площадь 37.9 м²,20000,20 000 ₽ в месяц,₽,₽/мес.,37.9,"Ул. Юлиуса Фучика, 50, Дубравная, 6–10 мин.",https://www.avito.ru/kazan/kommercheskaya_nedvizhimost/fuchika_50_torgovaya_ploschad_37.9_m_8290959616,7 дней назад,АН Регион 16,"Предложение от собственника! Предлагаемое помещение расположено на улице Ю. Фучика,50. * Расположение: На первом этаже жилого дома, вход с 1-й линии. Удобная лестница (ступени, имеется пандус — нормативы соблюдены). * Техническое обустройство объекта: Центральное отопление, горячая вода, сан. Узел. ",2026-09-29T21:10:12.675Z,55.748584,49.224812,"Россия, Республика Татарстан (Татарстан), Казань, улица Юлиуса Фучика, 50",house
8113869912,"Помещение свободного назначения, 52 м²",35000,35 000 ₽ в месяц,₽,₽/мес.,52,"Отрадная ул., 32, Аметьево, 11–15 мин.",https://www.avito.ru/kazan/kommercheskaya_nedvizhimost/pomeschenie_svobodnogo_naznacheniya_52_m_8113869912,1 неделю назад,,"Сдaю oфиc сo cвежим ремонтoм. - 35 000 ₽/меc + коммунальные расходы. - Площaдь 52 кв. М. - Moкрая точка (cвoй caнузeл внутpи самого офиса). - Cвeжий peмoнт, нoвыe коммуникaции и электpопроводка. - Удoбнaя тpaнспортная paзвязка. - Парковочное место перед офисом на 1-2 машины. Планировка: Торговый зал",2026-09-29T21:10:12.675Z,55.767458,49.179492,"Россия, Республика Татарстан (Татарстан), Казань, Отрадная улица, 32",house
8311946355,"ПСН на первой линии Чистопольская на трафике, 108",2700,2 700 ₽ в месяц,₽,₽/мес.,108.2,"Чистопольская ул., 71Б, Козья Слобода, от 31 мин.",https://www.avito.ru/kazan/kommercheskaya_nedvizhimost/psn_na_pervoy_linii_chistopolskaya_na_trafike_108_8311946355,7 дней назад,Лилия,"Сдается коммерческое помещение 108,2 м² на первой линии Чистопольской, 71Б. Готовое помещение под магазин, аптеку, кофейню, салон, Пвз, услуги или другой коммерческий формат в плотном жилом массиве Ново-Савиновского района. Адрес: Казань, ул. Чистопольская, 71Б. Площадь: 108,2 м². Этаж: 1. Первая ли",2026-09-29T21:10:12.675Z,55.819783,49.143694,"Россия, Республика Татарстан (Татарстан), Казань, Чистопольская улица, 71Б",house
594841086,Офис 15 м²,11000,11 000 ₽ в месяц с НДС,₽,₽/мес.,15,"Даурская ул., 12А, Аметьево, 16–20 мин.",https://www.avito.ru/kazan/kommercheskaya_nedvizhimost/ofis_15_m_594841086,Вчера,Казанский Центр,"Имеются офисы 31,62м2,15 м2в Приволжском районе не далеко от центра города. Состояние помещений хорошее. Недавно производился косметический ремонт. В стоимость аренды включены все коммунальные платежи. Имеется круглосуточная охрана. 15 минут пешком до метро Аметьево, 25 минут пешком до метро Суконна",2026-09-29T21:10:12.675Z,55.76092,49.145787,"Россия, Республика Татарстан (Татарстан), Казань, Даурская улица, 12А",house
8138963014,"Свободного назначения, 92 м²",60000,60 000 ₽ в месяц,₽,₽/мес.,92,"Ул. Сабан, 7Б, Яшьлек, 21–30 мин.",https://www.avito.ru/kazan/kommercheskaya_nedvizhimost/svobodnogo_naznacheniya_92_m_8138963014,7 дней назад,,"Сдам помещение под коммерческую деятельность, торговлю и т. Д. Отличная локация в густонаселенном жилом секторе Московского района г. Казани. — Oбщaя плoщадь: 92 м². — Пеpвaя линия с высoким тpaфиком. — Пеpвый этаж. — Кpуглосутoчный дocтуп 24/7. — Свой отдельный вход. — Cанузeл. — Электрическая мощн",2026-09-29T21:10:12.675Z,55.826058,49.052829,"Россия, Республика Татарстан (Татарстан), Казань, улица Сабан, 7Б",house
8387011364,Офис,300,300 ₽ в месяц за м²,₽,₽/мес. за м²,,"Приволжский район, Магистральная ул., 86к4, р-н Приволжский",https://www.avito.ru/kazan/kommercheskaya_nedvizhimost/ofis_8387011364,2 недели назад,Олег,Сдаются теплые помещения с чистовым ремонтом. Отопления входит стоимость аренды.,2026-09-29T21:10:12.675Z,55.748493,49.102569,"Россия, Республика Татарстан (Татарстан), Казань, Приволжский район, Магистральная улица, 86к4",house
8448425602,"Склад, 207 м²",450,450 ₽ в месяц за м²,₽,₽/мес. за м²,207,"Приволжский район, Магистральная ул., 22к3, р-н Приволжский",https://www.avito.ru/kazan/kommercheskaya_nedvizhimost/sklad_207_m_8448425602,1 неделю назад,,"На территории хозяйственной базы сдается помещение площадью 207 кв. М. Под производство или склад. Собственный двор под машины место, в помещении имеется подвал 150 кв. М., санузел. Доступ 24/7. Габариты: ширина 12 м., длина 18 м., высота потолков 6 м.",2026-09-29T21:10:12.675Z,55.754198,49.102497,"Россия, Республика Татарстан (Татарстан), Казань, Приволжский район, Магистральная улица, 22к3",house
7801014509,"Офисы, 11,9-111,1 м²",500,500 ₽ в месяц за м²,₽,₽/мес. за м²,111.1,"Ул. Леваневского, 2А, Северный вокзал, 6–10 мин.",https://www.avito.ru/kazan/kommercheskaya_nedvizhimost/ofisy_119-1111_m_7801014509,1 неделю назад,Кристина,"Предлагаем в аренду теплые и уютные офисы от собственника. Объект расположен на границе Авиастроительного и Московского районов. Рядом гипермаркет «Лента», «Вкусно и точка», Железнодорожная станция «Казань-2», станция метро «Северный вокзал». Удобная транспортная развязка, въезды/выезды из города. Н",2026-09-29T21:10:12.675Z,55.845062,49.082079,"Россия, Республика Татарстан (Татарстан), Казань, улица Леваневского, 2А",house
8377426433,Офис с юр адресом,15000,15 000 ₽ в месяц,₽,₽/мес.,,"Ул. Восстания, 92, Яшьлек, 21–30 мин.",https://www.avito.ru/kazan/kommercheskaya_nedvizhimost/ofis_s_yur_adresom_8377426433,1 неделю назад,Элеонора,"Сдаётся блок офис с двумя кабинетами по ул Восстания 92. Особенности помещения: _ Наличие окон. _ Вход по кодовому замку. Доступность офисов 24/7. _ Юр. Адрес (обсуждается лично). _ С/у общий на этаже ( при необходимости возможно обсуждение обустройства личного с/у, так же на этаже). _ Парковка без ",2026-09-29T21:10:12.675Z,55.83246,49.053117,"Россия, Республика Татарстан (Татарстан), Казань, улица Восстания, 92",house
8142616363,Свободного назначения,18000,18 000 ₽ в месяц,₽,₽/мес.,20,"Ул. Братьев Касимовых, 22/7, Горки, 6–10 мин.",https://www.avito.ru/kazan/kommercheskaya_nedvizhimost/svobodnogo_naznacheniya_8142616363,1 неделю назад,Константин,"Есть еще помещение в другой локаций на Мусина там 20кв. М. Внимание без мебели, мебель увезли, собственник может купить похожую мебель, но цена на аренду будет выше. *Коммерческое помещение 10.8 м² | Стильный офис / beauty-кабинет / студия*. Современное помещение свободного назначения с новым ремонт",2026-09-29T21:10:12.675Z,55.756143,49.190487,"Россия, Республика Татарстан (Татарстан), Казань, улица Братьев Касимовых, 22/7",house
8314565049,Свободного назначения,35000,35 000 ₽ в месяц,₽,₽/мес.,,"Советский район, Спортивная ул., 33, Суконная слобода, от 31 мин.",https://www.avito.ru/kazan/kommercheskaya_nedvizhimost/svobodnogo_naznacheniya_8314565049,1 неделю назад,Марат,"Сдается Помещение с отдельным входом. Так же есть вход из коридора офисного центра. Хороший трафик. Красивый ремонт. Первая сдача. Есть мокрая точка. Подходит под Пвз, бьюти, офис, торговлю и многое другое. На схеме номер 107.",2026-09-29T21:10:12.675Z,55.788348,49.174533,"Россия, Республика Татарстан (Татарстан), Казань, Советский район, Спортивная улица, 33",house
2414950356,Свободного назначения,30000,30 000 ₽ в месяц,₽,₽/мес.,,"Учительская ул., 2, Суконная слобода, от 31 мин.",https://www.avito.ru/kazan/kommercheskaya_nedvizhimost/svobodnogo_naznacheniya_2414950356,7 дней назад,,"Сдается холодные и тёплые помещения сводного назначения (подходит под склад и производство), так же есть рядом зданием с офисные помещения, есть помещения с отдельными воротами, с возможностью въезда авто во внутрь для погрузки. Хорошие подъездные пути, круглосуточный доступ, охраняемая территория. ",2026-09-29T21:10:12.675Z,55.755023,49.108282,"Россия, Республика Татарстан (Татарстан), Казань, Учительская улица, 2",house
8394908364,"Кладовка 3 м² для шин, вещей, инструмента, товара",3000,3 000 ₽ в месяц,₽,₽/мес.,3,"Ул. Адоратского, 2А, Козья Слобода, от 31 мин.",https://www.avito.ru/kazan/kommercheskaya_nedvizhimost/kladovka_3_m_dlya_shin_veschey_instrumenta_tovara_8394908364,2 недели назад,Дмитрий,"Кладовка 3 м² — сухое хранение вещей, шин и инструмента. Нужна дополнительная площадь без переплаты за большой склад? Сдам компактную кладовку площадью 3 м² — удобное решение для хранения сезонных вещей, мебели, коробок, инструмента, шин, велосипедов, товаров для бизнеса и другого имущества. Кладовк",2026-09-29T21:10:12.675Z,55.823024,49.150009,"Россия, Республика Татарстан (Татарстан), Казань, улица Адоратского, 2А",house
8147936379,"Офис, 23 м²",1200,1 200 ₽ в месяц,₽,₽/мес.,23,"Пр-т Ямашева, 33Б, Козья Слобода, 16–20 мин.",https://www.avito.ru/kazan/kommercheskaya_nedvizhimost/ofis_23_m_8147936379,7 дней назад,Полезные люди Казань,"Сдается в долгосрочную аренду офисное помещение 23 кв м в Ново-Савиновском р-не в современном бизнес-центре «Парк Победы» на ул. Пр-т Ямашева напротив Парка Победы. Престижная, удобная локация бизнес центра с большой парковкой где вы и ваши клиенты всегда сможете припарковаться. При входе в здание р",2026-09-29T21:10:12.675Z,55.826261,49.109423,"Россия, Республика Татарстан (Татарстан), Казань, проспект Ямашева, 33Б",house
8314403901,"Свободного назначения, 50 м²",30000,30 000 ₽ в месяц,₽,₽/мес.,50,"Ул. Восстания, 52, Яшьлек, 6–10 мин.",https://www.avito.ru/kazan/kommercheskaya_nedvizhimost/svobodnogo_naznacheniya_50_m_8314403901,1 неделю назад,,"Сдается в аренду нежилое помещение в цокольном этаже 5-ти этажного жилого дома. Общая площадь помещений 43,1 кв. М. Плюс тамбур с лестницей 11,7 кв. М. Три отдельные комнаты, зона прихожей, зона кухни, отдельный санузел. Высота потолков — 3 м. Сделан качественный ремонт в светлых тонах. Вход в помещ",2026-09-29T21:10:12.675Z,55.833663,49.075656,"Россия, Республика Татарстан (Татарстан), Казань, улица Восстания, 52",house
8136632266,"Офис 8,1 м2 с высокими потолками и мебелью",5000,5 000 ₽ в месяц,₽,₽/мес.,,"Ул. Космонавтов, 44, р-н Советский",https://www.avito.ru/kazan/kommercheskaya_nedvizhimost/ofis_81_m2_s_vysokimi_potolkami_i_mebelyu_8136632266,7 дней назад,Clubhan,"Сдам соседство в офисе 1/1 или 2/2,7/7 дней. Одному опрятному человеку. Цена указана за месяц. 5.000₽, К/У включены. Либо в полное пользование, цена увеличивается в два раза.",2026-09-29T21:10:12.675Z,55.79517,49.193919,"Россия, Республика Татарстан (Татарстан), Казань, улица Космонавтов, 44",house
1941122416,"Торговая площадь, 85 м²",165000,165 000 ₽ в месяц,₽,₽/мес.,85,"Приволжский район, ул. Рихарда Зорге, 101, Дубравная, до 5 мин.",https://www.avito.ru/kazan/kommercheskaya_nedvizhimost/torgovaya_ploschad_85_m_1941122416,1 неделю назад,,"Сдаётся помещение свободной планировки, правильной формы, вся площадь полезная для ведения бизнеса, 85 кв. М, на 1 этаже, 1 линия по ул. Рихарда Зорге 101. Помещение расположено в густонаселенном районе города с огромным пешеходным трафиком (900 человек в час), в 50 метрах от выхода из метро ""Дубрав",2026-09-29T21:10:12.675Z,55.743061,49.22218,"Россия, Республика Татарстан (Татарстан), Казань, улица Рихарда Зорге, 101",house
8348870903,"Офис, 13.4 м²",30000,30 000 ₽ в месяц,₽,₽/мес.,13.4,"Ул. Братьев Касимовых, 22/7, Горки, 6–10 мин.",https://www.avito.ru/kazan/kommercheskaya_nedvizhimost/ofis_13.4_m_8348870903,1 неделю назад,Собственник,Сдается кабинет от собственника. Мокрая точка имеется. Можно сделать отдельный вход. Рядом метро горки (500 м).,2026-09-29T21:10:12.675Z,55.756143,49.190487,"Россия, Республика Татарстан (Татарстан), Казань, улица Братьев Касимовых, 22/7",house
8295289718,"Свободного назначения, 55 м²",60000,60 000 ₽ в месяц,₽,₽/мес.,55,"Пр-т Победы, 139Ак1, Горки, от 31 мин.",https://www.avito.ru/kazan/kommercheskaya_nedvizhimost/svobodnogo_naznacheniya_55_m_8295289718,1 неделю назад,Екатерина,"Сдается помещение в самом сердце одного из самых крупных жилых комплексов Казани. ЖК «Победа». Помещение угловое на самом Трафиковом месте на пересечении двух пешеходных переходов и въезде в жилой комплекс. Помещение с хорошим ремонтом. Очень светлое. Первые 2 месяца арендная ставка 60 тыс рублей, д",2026-09-29T21:10:12.675Z,55.777089,49.213978,"Россия, Республика Татарстан (Татарстан), Казань, проспект Победы, 139Ак1",house
8309715130,"Офис, 13.4 м²",16000,16 000 ₽ в месяц,₽,₽/мес.,13.4,"Ул. Оренбургский Тракт, 20А, Аметьево, 21–30 мин.",https://www.avito.ru/kazan/kommercheskaya_nedvizhimost/ofis_13.4_m_8309715130,3 дня назад,ИП Насырова О.В.,"Сдам на длительный срок в аренду офис, находящийся на улице Оренбургский тракт 20, а, Советского района, г. Казань. Помещение светлое, теплое, сделан дизайнерский ремонт. В офисе созданы все благоприятные условия для работы. В офисном центре есть, банкоматы, видеонаблюдение, круглосуточная охрана. П",2026-09-29T21:10:15.321Z,55.759471,49.146137,"Россия, Республика Татарстан (Татарстан), Казань, улица Оренбургский Тракт, 20А",house
8180614978,"Свободного назначения, 26 м²",44200,44 200 ₽ в месяц,₽,₽/мес.,26,"Ул. Шаляпина, 26к2, Суконная слобода, 6–10 мин.",https://www.avito.ru/kazan/kommercheskaya_nedvizhimost/svobodnogo_naznacheniya_26_m_8180614978,3 дня назад,,"Топ-Локация Под офис или бьюти-студию. Без комиссий, от собственника! Ищете идеальное место для своего дела? У нас есть то, что вам нужно! Сдаю помещение в только что сданном доме бизнес-класса. Ваши клиенты оценят статусный адрес и современный подъезд, а вам понравится удобство! Почему это круто: С",2026-09-29T21:10:12.675Z,55.771839,49.141071,"Россия, Республика Татарстан (Татарстан), Казань, улица Шаляпина, 26к2",house
8287792277,Офис,12000,12 000 ₽ в месяц,₽,₽/мес.,10.9,"Маршрутная ул., 12А, Яшьлек, от 31 мин.",https://www.avito.ru/kazan/kommercheskaya_nedvizhimost/ofis_8287792277,1 неделю назад,Александр,"Сдаётся уютный, полностью готовый к работе кабинет площадью 10,9 кв. М на комфортном 2 этаже БЦ по адресу: Кировский район, ул. Маршрутная. От Собственника. Без комиссий и скрытых платежей! Главный Плюс: Коммунальные платежи Уже Включены в стоимость! Вы платите фиксированную сумму в месяц и больше н",2026-09-29T21:10:12.675Z,55.822797,49.034001,"Россия, Республика Татарстан (Татарстан), Казань, Маршрутная улица, 12А",house
8010958617,"Торговая площадь, 27 м²",50000,50 000 ₽ в месяц,₽,₽/мес.,27,"Пр-т Победы, 152/33, р-н Советский",https://www.avito.ru/kazan/kommercheskaya_nedvizhimost/torgovaya_ploschad_27_m_8010958617,7 дней назад,ROMAN,Сдается коммерческое помещение 27м² за 50000₽ на первой линии! Кондиционер! Санузел! Интернет! Наружнее видеонаблюдения! Отличная возможность для вашего бизнеса. Помещения расположены в месте с очень высоким пешеходным и покупательским трафиком. Преимущества: Первая линия — максимальная видимость Бо,2026-09-29T21:10:15.321Z,55.78157,49.221012,"Россия, Республика Татарстан (Татарстан), Казань, проспект Победы, 152/33",house
8330546445,Офис,950,950 ₽ в месяц за м²,₽,₽/мес. за м²,,"Ул. Бутлерова, 21, Площадь Тукая, 6–10 мин.",https://www.avito.ru/kazan/kommercheskaya_nedvizhimost/ofis_8330546445,7 дней назад,,"Сдаются помещении под офисы на 3 и 5 этажах от 18.6м2, Третий этаж 1200₽ за м2. Пятый этаж 950₽ за м2. В центре города. Первая линия. Рядом метро. Столовая на первом этаже. Время работы: С 8:00 — 20:00. Понедельник — суббота, Воскресенье — выходной.",2026-09-29T21:10:15.321Z,55.787943,49.130174,"Россия, Республика Татарстан (Татарстан), Казань, улица Бутлерова, 21",house
8324540876,Офис,25000,25 000 ₽ в месяц,₽,₽/мес.,,"Ул. Островского, 34, Площадь Тукая, до 5 мин.",https://www.avito.ru/kazan/kommercheskaya_nedvizhimost/ofis_8324540876,1 неделю назад,,"Сдается помещение в центре Казани. Местоположение центрее некуда, на против золотого яблока. Высокий трафик. 1 минута пешком до метро. Возможность мокрой точки. Парковка во дворе. Новый дизайнерский ремонт. Низкая плата за КУ.",2026-09-29T21:10:15.321Z,55.786404,49.11944,"Россия, Республика Татарстан (Татарстан), Казань, улица Островского, 34",house
8334413942,"Свободного назначения, 52.3 м²",155000,155 000 ₽ в месяц,₽,₽/мес.,52.3,"Ул. Дзержинского, 6Б, Кремлёвская, 6–10 мин.",https://www.avito.ru/kazan/kommercheskaya_nedvizhimost/svobodnogo_naznacheniya_52.3_m_8334413942,7 дней назад,"«МЕГАЛИТ», агентство недвижимости.","Сдам в долгосрочную аренду помещение в центре Казани в комплексе премиум класса «Odette». Помещение расположено в самом центре Вахитовского района г. Казани, по адресу ул. Дзержинского, д.6б, в 5 минутах ходьбы от станции метро «Кремлевская». Помещение расположено на 1-ом этаже. - площадь 52,3 кв. М",2026-09-29T21:10:15.321Z,55.795828,49.113529,"Россия, Республика Татарстан (Татарстан), Казань, улица Дзержинского, 6Б",house
2441522011,"Свободного назначения, 44 м²",60000,60 000 ₽ в месяц,₽,₽/мес.,44,"Ул. Рауиса Гареева, 105Б, Дубравная, от 31 мин.",https://www.avito.ru/kazan/kommercheskaya_nedvizhimost/svobodnogo_naznacheniya_44_m_2441522011,3 дня назад,Фёдор,"Коммерческое помещение свободного назначения. По адресу Раиуса Гареева 105б. ЖК Сказочный лес. Собственник. С торца здания, ближе к дороге. Площадь 44 м². Есть место под вывеску. В помещении сделан ремонт. Пол кафель. Стены покрашены. Потолок армстронг. Панорамные окна. Кондиционер. Большая парковка",2026-09-29T21:10:15.321Z,55.722573,49.174937,"Россия, Республика Татарстан (Татарстан), Казань, улица Рауиса Гареева, 105Б",house
8305532073,"Помещение 43,7 м² с ремонтом и мокрой точкой",45885,45 885 ₽ в месяц,₽,₽/мес.,43.7,"Ул. Профессора Камая, 10к1, Горки, 16–20 мин.",https://www.avito.ru/kazan/kommercheskaya_nedvizhimost/pomeschenie_437_m_s_remontom_i_mokroy_tochkoy_8305532073,Вчера,УК Гео,"Сдается в аренду светлое и чистое помещение свободного назначения общей площадью 43,7 кв. М. Идеально подойдет под офис, кабинет для приема специалистов (косметолог, стоматолог, юрист), учебный центр или небольшой шоу-рум. О помещении: — Этаж: 1 (удобный вход без лестниц). — Ремонт: выполнен качеств",2026-09-29T21:10:15.321Z,55.749218,49.184729,"Россия, Республика Татарстан (Татарстан), Казань, улица Профессора Камая, 10к1",house
8103106852,"Офис, 20.01 м²",24000,24 000 ₽ в месяц с НДС,₽,₽/мес.,20.01,"Ул. Салиха Батыева, 11, Дубравная, 21–30 мин.",https://www.avito.ru/kazan/kommercheskaya_nedvizhimost/ofis_20.01_m_8103106852,1 неделю назад,АО РЕСУРС,"Сдается светлое помещение площадью 20 м2, расположенное в офисном центре на 1-ом этаже жилого дома в ЖК «Изумрудный город». Напротив дома имеется бесплатная зона для парковки.",2026-09-29T21:10:15.321Z,55.753301,49.24382,"Россия, Республика Татарстан (Татарстан), Казань, улица Салиха Батыева, 11",house
8249414285,"Офис, 17.8 м²",18000,18 000 ₽ в месяц,₽,₽/мес.,17.8,"Ул. Восстания, 18Б, Северный вокзал, 11–15 мин.",https://www.avito.ru/kazan/kommercheskaya_nedvizhimost/ofis_17.8_m_8249414285,2 недели назад,,"Заголовок: Офис 17,8 м² с парковкой | От собственника. Адрес: г. Казань, ул. Восстания, 18Б. Предлагается в аренду светлый офис площадью 17,8 м² на 3 этаже современного бизнес-центра. Преимущества: Удобное расположение в Ново-Савиновском районе Собственная бесплатная парковка для арендаторов и клиен",2026-09-29T21:10:15.321Z,55.836312,49.09231,"Россия, Республика Татарстан (Татарстан), Казань, улица Восстания, 18Б",house
8171592911,"Торговая площадь, 82.3 м²",1800,1 800 ₽ в месяц за м²,₽,₽/мес. за м²,82.3,"Пр-т Ямашева, 93, Козья Слобода, от 31 мин.",https://www.avito.ru/kazan/kommercheskaya_nedvizhimost/torgovaya_ploschad_82.3_m_8171592911,2 недели назад,,"Сдаю помещение 82,3кв по адресу г. Казань проспект Ямашева 93, первая линия. Высокий пешеходный /автомобильный трафик. Доступ 24/7. Витражное окно. Парковка на улице. Звоните, организуем просмотр в удобное для вас время.",2026-09-29T21:10:15.321Z,55.826028,49.148805,"Россия, Республика Татарстан (Татарстан), Казань, проспект Ямашева, 93",house
8421648858,Офис,22000,22 000 ₽ в месяц,₽,₽/мес.,,"Пр-т Ибрагимова, 32/20, Яшьлек, 6–10 мин.",https://www.avito.ru/kazan/kommercheskaya_nedvizhimost/ofis_8421648858,1 неделю назад,,"Сдается офисное помещение площадью. 17,5 м2 по 21 000 руб в месяц. Коммунальные услуги включены. Помещение с ремонтом, мебелью, кондиционером. Постоянный вахтер, своя парковка. График работы с 8.00 до 20.00, в субботу с 9.00 до -16.00.",2026-09-29T21:10:15.321Z,55.831903,49.089562,"Россия, Республика Татарстан (Татарстан), Казань, проспект Ибрагимова, 32/20",house
7860207829,"Холодный Склад, 144 м²",53280,53 280 ₽ в месяц с НДС,₽,₽/мес.,144,"Д. Званка, Зелёная ул., 24",https://www.avito.ru/kazan/kommercheskaya_nedvizhimost/holodnyy_sklad_144_m_7860207829,1 неделю назад,Промышленный парк «ЗВАНКА»,"Холодный и теплый склад или под Производство 144м2. Возможно арендовать полностью склад 670м2, рядом имеется теплый склад 874м2. М2 | Налоговые льготы | Охрана 24/7. Также доступны офисные помещения от 20 м² — удобно для размещения персонала рядом со складом. Подойдет для: хранения товаров. Логистик",2026-09-29T21:10:15.321Z,55.803332,49.381577,"Россия, Республика Татарстан (Татарстан), Пестречинский район, Кощаковское сельское поселение, деревня Званка, Зелёная улица, 24",house
8383941916,Поэтажная аренда в здании от 350 м²,650,650 ₽ в месяц за м²,₽,₽/мес. за м²,350,"Пр-т Победы (дублёр), 170, р-н Советский",https://www.avito.ru/kazan/kommercheskaya_nedvizhimost/poetazhnaya_arenda_v_zdanii_ot_350_m_8383941916,3 недели назад,,"Предлагаю в аренду площади в новoм 5-этажном здании от 650 рублей за м2! Рассматриваю частичную аренду — по этажно, либо части этажа! Помещения пoдoйдут под любой вид деятельности, oфиc- cклaд, прoизводство, мeд центp, учeбный центр, тopговый центp, детейлинг, магазин, Пвз и т. Д. Описание: Oтдeльно",2026-09-29T21:10:15.321Z,55.784496,49.220365,"Россия, Республика Татарстан (Татарстан), Казань, проспект Победы (дублёр)",street
8354021162,"Офис, 16 м²",16000,16 000 ₽ в месяц,₽,₽/мес.,16,"Ул. Васильченко, 1к153Б, Яшьлек, 16–20 мин.",https://www.avito.ru/kazan/kommercheskaya_nedvizhimost/ofis_16_m_8354021162,1 неделю назад,Елена,В Бизнес Центре «Союз» сдается помещение площадью 16 квадратных метров с типовой офисной отделкой. Самый уютный третий мансардный этаж. Ежемесячная плата помещения — 16.000. Доступ 24/7! Здание находится в месте с отличной транспортной развязкой — разъезд восстания. Здание оснащено видеонаблюдением ,2026-09-29T21:10:15.321Z,55.835488,49.057447,"Россия, Республика Татарстан (Татарстан), Казань, улица Васильченко, 1к153Б",house
837418658,"Офис, 11.4 м²",15000,15 000 ₽ в месяц,₽,₽/мес.,11.4,"Чистопольская ул., 81, Козья Слобода, от 31 мин.",https://www.avito.ru/kazan/kommercheskaya_nedvizhimost/ofis_11.4_m_837418658,2 недели назад,,"Собственник. Сдается офисное помещение. Новый ремонт. Приточно- вытяжная система. Свободный доступ. Имеется домофон. Кондиционер. Фото 9-12. Кабинет 5. 11,4 кв м. Стоимость 15000руб. Кондиционер, стильный ремонт. Кабинет подойдет кабинет мастера- бровиста и т. Д. За более подробной информацией звони",2026-09-29T21:10:15.321Z,55.822225,49.151042,"Россия, Республика Татарстан (Татарстан), Казань, Чистопольская улица, 81",house
3306358572,Аренда офиса,1600,1 600 ₽ в месяц за м²,₽,₽/мес. за м²,,"Ул. Жуковского, 6, Площадь Тукая, 11–15 мин.",https://www.avito.ru/kazan/kommercheskaya_nedvizhimost/arenda_ofisa_3306358572,1 неделю назад,,"Сдается в аренду помещение в самом центре города, исторический особняк, лофт в окружении креативных компаний и вдохновляющей атмосферы центра дизайна Омг!",2026-09-29T21:10:15.321Z,55.795115,49.129707,"Россия, Республика Татарстан (Татарстан), Казань, улица Жуковского, 6",house
8237491320,Офис на Вишневского,30000,30 000 ₽ в месяц,₽,₽/мес.,26.5,"Ул. Вишневского, 26А, Суконная слобода, 6–10 мин.",https://www.avito.ru/kazan/kommercheskaya_nedvizhimost/ofis_na_vishnevskogo_8237491320,7 дней назад,Самолет Плюс,"Арт. 136057309 Аренда помещения 26,5 кв. М на 4 этаже бизнес-центра на ул. Вишневского. Оптимальная планировка позволит выделить несколько рабочих зон. Кондиционер сделает летнее пребывание в кабинете комфортным. В офисе выполнен свежий дизайнерский ремонт. Есть мансардное окно. Есть вывод мокрой то",2026-09-29T21:10:15.321Z,55.780061,49.145248,"Россия, Республика Татарстан (Татарстан), Казань, улица Вишневского, 26А",house
4254815242,"Офис, 27 м²",42000,42 000 ₽ в месяц,₽,₽/мес.,27,"Ул. Карбышева, 50, Горки, 6–10 мин.",https://www.avito.ru/kazan/kommercheskaya_nedvizhimost/ofis_27_m_4254815242,7 дней назад,,"Сдаётся просторное, светлое помещение S-27м в ЖК «Комсомолец». Второй этаж. Панорамное окно. Мокрая точка. Кондиционер. Два входа. Доступ 24/7. Всегда свободные парковочные места. В пешей доступности станции метро Аметьево и Горки. Подойдёт практически под любой вид деятельности: офис, бъюти сфера, ",2026-09-29T21:10:15.321Z,55.759167,49.177614,"Россия, Республика Татарстан (Татарстан), Казань, улица Карбышева, 50",house
8091855506,"Офисы, кабинеты, комнаты",1500,1 500 ₽ в месяц за м²,₽,₽/мес. за м²,,"Ул. Каюма Насыри, 25, Площадь Тукая, 11–15 мин.",https://www.avito.ru/kazan/kommercheskaya_nedvizhimost/ofisy_kabinety_komnaty_8091855506,3 недели назад,Счастливый,"Разные варианты, любые площади! Предлагаются к аренде коммерческие помещения в деловом центре, расположенном в историческом центре Казани. Ключевые Преимущества. Исторический Центр Казани: в одном из наиболее узнаваемых районов города. Развитая Инфраструктура: Непосредственная близость к набережной ",2026-09-29T21:10:15.321Z,55.778497,49.118856,"Россия, Республика Татарстан (Татарстан), Казань, улица Каюма Насыри, 25",house
8389075593,"Офис, 49.76 м²",24000,24 000 ₽ в месяц,₽,₽/мес.,49.76,"Ул. Островского, 27, Площадь Тукая, 6–10 мин.",https://www.avito.ru/kazan/kommercheskaya_nedvizhimost/ofis_49.76_m_8389075593,1 неделю назад,"fun(с) Казань - офисы по системе ""все включено""","Готовый кабинет с мебелью, кондиционером и Wi-Fi. Всё включено: коммуналка, уборка, кофе. Ул. Островского, 27. Отдельный кабинет 49,76 м² для вашей команды до 15 человек. Рядом остановки общественного транспорта, удобная транспортная доступность. Всё под ключ: ремонт сделан, мебель стоит, розетки по",2026-09-29T21:10:15.321Z,55.788145,49.116799,"Россия, Республика Татарстан (Татарстан), Казань, улица Островского, 27",house
8084070168,"Свободного назначения, 42 м²",30000,30 000 ₽ в месяц,₽,₽/мес.,42,"Ул. Владимира Кулагина, 3, Аметьево, от 31 мин.",https://www.avito.ru/kazan/kommercheskaya_nedvizhimost/svobodnogo_naznacheniya_42_m_8084070168,7 дней назад,АН Интер,"Помещение свободного назначения, отлично подойдет под мастерскую, сервизный центр, ателье, типографию и прочее. Помещение теплое сухое, в современном бизнес центре. Есть грузовой лифт и тележка каталка, можно спокойно загрузить и выгрузить тяжелый груз или продукцию.",2026-09-29T21:10:15.321Z,55.742225,49.140685,"Россия, Республика Татарстан (Татарстан), Казань, улица Владимира Кулагина, 3к2",house
1950864922,"Офис + мебель, Юр. адрес",15000,15 000 ₽ в месяц,₽,₽/мес.,,"Пр-т Ямашева, 36к1, Козья Слобода, 16–20 мин.",https://www.avito.ru/kazan/kommercheskaya_nedvizhimost/ofis_mebel_yur._adres_1950864922,7 дней назад,Аренда в Казани.,"Прекрасное расположение, первая линия. Замечательная транспортная развязка. Огромная парковка, всегда есть свободные места. Охрана, и безопасность. Интернет и телефония возможны. Уборка и коммуналка включены. Второй этаж, просторный коридор. Время прибывания с 7:00 — 21:00. В выходные и праздники ра",2026-09-29T21:10:15.321Z,55.827848,49.102731,"Россия, Республика Татарстан (Татарстан), Казань, проспект Ямашева, 36к1",house
8076927131,Офис,14000,14 000 ₽ в месяц,₽,₽/мес.,12.8,"Маршрутная ул., 12А, Яшьлек, от 31 мин.",https://www.avito.ru/kazan/kommercheskaya_nedvizhimost/ofis_8076927131,7 дней назад,Александр,Аренда офиса от собственника. Предлагаю в аренду офисное помещение с площадью 12.8 кв. М. В офисе дизайнерский ремонт. Во всем здании выполнен свежий и качественный ремонт. Офис чистый и уютный. Сдается без мебели. Коммунально-эксплуатационные платежи оплачиваются отдельно.,2026-09-29T21:10:15.321Z,55.822797,49.034001,"Россия, Республика Татарстан (Татарстан), Казань, Маршрутная улица, 12А",house
8088911949,"Свободного назначения, 23.5 м²",16450,16 450 ₽ в месяц,₽,₽/мес.,23.5,"Ул. Фрунзе, 5, Яшьлек, 21–30 мин.",https://www.avito.ru/kazan/kommercheskaya_nedvizhimost/svobodnogo_naznacheniya_23.5_m_8088911949,2 недели назад,,"Сдается в аренду кабинет от собственника, без комиссии! Аренда стильного офиса — ул. Фрунзе, 5. Ваш бизнес заслуживает современный офис в центре событий! Локация, которая работает на вас: - Удобная транспортная развязка — легко добраться из любой точки города. - Развитая инфраструктура: рядом магази",2026-09-29T21:10:15.321Z,55.824071,49.046442,"Россия, Республика Татарстан (Татарстан), Казань, улица Фрунзе, 5",house
8026958014,Свободного назначения,44000,44 000 ₽ в месяц,₽,₽/мес.,,"Ул. Мусина, 59В, Козья Слобода, 21–30 мин.",https://www.avito.ru/kazan/kommercheskaya_nedvizhimost/svobodnogo_naznacheniya_8026958014,7 дней назад,"АН ""ИП Мальцев В.А.""",Предлагаю коммерческую недвижимость в аренду на 1 ой линии. Площадь 31 метр. Кондиционер. Доступ 24/7. Отдельный вход.,2026-09-29T21:10:15.321Z,55.827929,49.121479,"Россия, Республика Татарстан (Татарстан), Казань, улица Мусина, 59В",house
8383878309,"Торговая площадь, 125 м²",251400,251 400 ₽ в месяц,₽,₽/мес.,125,"Ул. Разведчика Ахмерова, 7, Суконная слобода, от 31 мин.",https://www.avito.ru/kazan/kommercheskaya_nedvizhimost/torgovaya_ploschad_125_m_8383878309,2 недели назад,,"Аренда коммерческого помещения 125,8 м² в ЖК «Art City» — от собственника. Сдаётся коммерческое помещение формата street retail площадью 125,8 м² на первой линии в ЖК «Art City», Казань. Помещение расположено на первом этаже, имеет отдельный вход и витражное остекление с видом на пешеходную зону, ко",2026-09-29T21:10:15.321Z,55.796977,49.182178,"Россия, Республика Татарстан (Татарстан), Казань, улица Разведчика Ахмерова, 7",house
8266312878,"Торговая площадь, 6 м²",10000,10 000 ₽ в месяц,₽,₽/мес.,6,"Д. Куюки, 3-й квартал, 1А",https://www.avito.ru/kazan/kommercheskaya_nedvizhimost/torgovaya_ploschad_6_m_8266312878,1 неделю назад,,"Сдаётся в аренду оборудованный торговый островок с высоким трафиком в Торговом центре в ЖК Светлый, в Куюках. Точка расположена на 1 этаже непосредственно перед входом в магазин «Магнит», благодаря чему мимо островка ежедневно проходит основной поток посетителей Торгового центра. Рядом находятся: — ",2026-09-29T21:10:15.321Z,55.708886,49.355283,"Россия, Республика Татарстан (Татарстан), Пестречинский район, Богородское сельское поселение, деревня Куюки, 3-й квартал, 1А",house
8008030522,"Свободного назначения, 23.36 м²",38000,38 000 ₽ в месяц с НДС,₽,₽/мес.,23.36,"Ул. Некрасова, 26, Площадь Тукая, 6–10 мин.",https://www.avito.ru/kazan/kommercheskaya_nedvizhimost/svobodnogo_naznacheniya_23.36_m_8008030522,7 дней назад,,"Сдается комната площадью 23.36 кв. М. Под салон красоты, косметологию, маникюр/педикюр. 1 этаж. Есть мокрая точка. Цена 38000 руб/мес. Коммунальные услуги включены. Возможность работы 24/7. На время переезда предоставляются арендные каникулы.",2026-09-29T21:10:15.321Z,55.78853,49.129312,"Россия, Республика Татарстан (Татарстан), Казань, улица Некрасова, 26",house
7844118385,"Офис, 50.1 м²",50000,50 000 ₽ в месяц,₽,₽/мес.,50.1,"Ул. Фатыха Амирхана, 40А, Северный вокзал, от 31 мин.",https://www.avito.ru/kazan/kommercheskaya_nedvizhimost/ofis_50.1_m_7844118385,3 недели назад,,"Сдается помещение в бизнес-центре в Ново-Савиновском районе. Площадь 50,1кв. М, первая линия, — Расположено на 2 этаже нового отдельно стоящего 7-этажного нежилого здании в районе пересечения ул. Ф. Амирхана и ул. Воровского, на 1 линии ул. Воровского. — Качественный ремонт, открытая планировка, пот",2026-09-29T21:10:15.321Z,55.842529,49.13719,"Россия, Республика Татарстан (Татарстан), Казань, улица Фатыха Амирхана, 40А",house
7754441520,"Офис,юр адрес, 10 м²",8000,8 000 ₽ в месяц,₽,₽/мес.,10,"Ул. Рахимова, 10В, Северный вокзал, от 31 мин.",https://www.avito.ru/kazan/kommercheskaya_nedvizhimost/ofisyur_adres_10_m_7754441520,1 неделю назад,,"Сдаётся офис с предоставлением юр. Адреса в бизнес-центре, доступ 24ч. В арендную ставку включены все расходы!",2026-09-29T21:10:15.321Z,55.839931,49.025889,"Россия, Республика Татарстан (Татарстан), Казань, улица Рахимова, 10В",house
7542265042,"Офис, 6.5 -38 м²",1200,1 200 ₽ в месяц за м²,₽,₽/мес. за м²,38,"Ул. Клары Цеткин, 10, Кремлёвская, от 31 мин.",https://www.avito.ru/kazan/kommercheskaya_nedvizhimost/ofis_6.5_-38_m_7542265042,7 дней назад,Вадим,"Помещения от 6,5 до 38 кв. М. Сдаются в аренду офисные помещения в отдельно стоящем 3-хэтажном здании на 1-й линии. Здание имеет несколько общих входов, собственную парковку, все коммуникации, в помещениях свежий ремонт. Здание оснащено охранно-пожарной системой. Коммунальные платежи и интернет вход",2026-09-29T21:10:15.321Z,55.799851,49.064166,"Россия, Республика Татарстан (Татарстан), Казань, улица Клары Цеткин, 10",house
7501519193,Офис,20000,20 000 ₽ в месяц,₽,₽/мес.,,"Ново-Савиновский район, Меридианная ул., 10, Козья Слобода, 16–20 мин.",https://www.avito.ru/kazan/kommercheskaya_nedvizhimost/ofis_7501519193,1 неделю назад,Павел,Сдается офис от собственника. Хорошее месторасположение. Есть возможность организации мокрой точки для косметических салонов. Мебель для офиса есть. Рабочие места организованы. Коммунальные платежи оплачиваются отдельно.,2026-09-29T21:10:15.321Z,55.820622,49.117535,"Россия, Республика Татарстан (Татарстан), Казань, Ново-Савиновский район, Меридианная улица, 10",house
1258090042,"Торговая площадь, 20 м²",1200,1 200 ₽ в месяц за м²,₽,₽/мес. за м²,20,"2-я Азинская ул., 35, р-н Советский",https://www.avito.ru/kazan/kommercheskaya_nedvizhimost/torgovaya_ploschad_20_m_1258090042,7 дней назад,Пользователь,"Аренда. Сдаем офисные помещения в отдельно стоящем здании. На втором и третьем этажах площадью 15, 20, 27 м2. Есть помещения с окнами, есть без окон. Хороший ремонт, парковочные места, удобные подъездные пути, круглосуточный доступ и охрана. Сдача от собственника. Официальное заключение договора. Оп",2026-09-29T21:10:15.321Z,55.808037,49.20133,"Россия, Республика Татарстан (Татарстан), Казань, 2-я Азинская улица, 35",house
8268019339,Офис,18000,18 000 ₽ в месяц,₽,₽/мес.,,"Ул. Академика Лаврентьева, 3А, Козья Слобода, от 31 мин.",https://www.avito.ru/kazan/kommercheskaya_nedvizhimost/ofis_8268019339,Вчера,,"Сдается офисное помещение 24 кв м, имеется вся необходимая мебель: 3 стола, кресла, шкаф купе для одежды, мини кухня со встроенным холодильником, кондиционер, доступ круглосуточно, видеонаблюдение, охрана.",2026-09-29T21:10:15.321Z,55.832141,49.139068,"Россия, Республика Татарстан (Татарстан), Казань, улица Академика Лаврентьева, 3А",house
949415862,"Офис, 40.7 м²",1320,1 320 ₽ в месяц за м²,₽,₽/мес. за м²,40.7,"Пр-т Ибрагимова, 58, Козья Слобода, до 5 мин.",https://www.avito.ru/kazan/kommercheskaya_nedvizhimost/ofis_40.7_m_949415862,1 неделю назад,"ООО ""НКТ""","Аренда офисного помещения в БЦ «на Ибрагимова» (8 этаж). Переезжайте туда, где всё работает на вас. 8 этаж, современный БЦ, полная инженерная комплектация. Комфорт: Кондиционер, вентиляция, всегда тепло и светло. Локация: Удобная транспортная развязка — легко добраться, легко припарковаться. Сервис:",2026-09-29T21:10:15.321Z,55.820126,49.095868,"Россия, Республика Татарстан (Татарстан), Казань, проспект Ибрагимова, 58",house
8039434600,"Свободного назначения, 24 м²",1200,1 200 ₽ в месяц за м² с НДС,₽,₽/мес. за м²,24,"Ул. Габдуллы Тукая, 130, Суконная слобода, 16–20 мин.",https://www.avito.ru/kazan/kommercheskaya_nedvizhimost/svobodnogo_naznacheniya_24_m_8039434600,1 неделю назад,ИП Березин Д.А.,"Акция: в первые три месяца 1200 руб, затем 1350. От собственника, никаких комиссий! Кабинет приведен в новое состояние, полностью обновлены стены. Ваше идеальное пространство уже ждет вас! Предлагаем в аренду стильное светлое офисное помещение 22 кв. М. С витражным окном на 3 этаже (лифт Otis) новог",2026-09-29T21:10:15.321Z,55.770264,49.122332,"Россия, Республика Татарстан (Татарстан), Казань, улица Габдуллы Тукая, 130",house
8227456929,Торговое помещение 13 м² с отдельным входом,27300,27 300 ₽ в месяц с НДС,₽,₽/мес.,13,"Беломорская ул., 33, Авиастроительная, 16–20 мин.",https://www.avito.ru/kazan/kommercheskaya_nedvizhimost/torgovoe_pomeschenie_13_m_s_otdelnym_vhodom_8227456929,2 недели назад,АРЕНДАKZN,"Торговое помещение 13 м² | Отдельный вход | Первая линия. Казань, ул. Беломорская, 33, ТЦ «Чижик». Аренда — 27 300 руб. /мес., Ндс включён. 1 этаж. Собственный вход с улицы. Чистовая отделка. Место для вывески. Парковка для клиентов. Прямая аренда от собственника, без комиссии. Сдаётся торговое поме",2026-09-29T21:10:15.321Z,55.865116,49.074793,"Россия, Республика Татарстан (Татарстан), Казань, Беломорская улица, 33",house
8387588928,"Свободного назначения, 45 м²",1500,1 500 ₽ в месяц за м²,₽,₽/мес. за м²,45,"Пр-т Ямашева, 45А, Козья Слобода, 21–30 мин.",https://www.avito.ru/kazan/kommercheskaya_nedvizhimost/svobodnogo_naznacheniya_45_m_8387588928,2 недели назад,,"Сдаются коммерческие помещения в БЦ Парус / офис от собственника. Свободные — 603, 604, 606. Доступны разные площади: от 44 кв. М до 150 кв. М. (несколько помещений) Цена 1500 рублей за кв. М. Звоните — подберём подходящий вариант под ваш формат бизнеса. Коммунальные услуги включены в стоимость арен",2026-09-29T21:10:15.321Z,55.826347,49.119871,"Россия, Республика Татарстан (Татарстан), Казань, проспект Ямашева, 45А",house
8415829060,"Офис, 147 м²",700,700 ₽ в месяц,₽,₽/мес.,147,"Ул. Николая Ершова, 18, Суконная слобода, 21–30 мин.",https://www.avito.ru/kazan/kommercheskaya_nedvizhimost/ofis_147_m_8415829060,Вчера,,"Офисные помещения на 2 этаже, свежий ремонт, 6 отдельных комнат, 2 санузла, автостоянка, отдельный вход, круглосуточная охрана.",2026-09-29T21:10:15.321Z,55.791845,49.157645,"Россия, Республика Татарстан (Татарстан), Казань, улица Николая Ершова, 18",house
8282184430,Аренда торгового помещения/ Свободного назначения,1200,1 200 ₽ в месяц за м²,₽,₽/мес. за м²,30,"Ул. Маршала Чуйкова, 7, Северный вокзал, 21–30 мин.",https://www.avito.ru/kazan/kommercheskaya_nedvizhimost/arenda_torgovogo_pomescheniya_svobodnogo_naznacheniya_8282184430,Вчера,Вкусное Решение -Тэмле Карар,"Сдаю в аренду торговый павильон на Первой Линии. (В одной половине у нас открывается точка: Стрит-ритейл / Кафе / Еда). Сдается вторая половина с отдельным входом и мокрой точкой. Можно (но не ограничиваясь) для вашего бизнеса: точка продаж связи, пункт выдачи, копиточка:), шиномонтаж, магазин, рыбо",2026-09-29T21:10:32.614Z,55.836388,49.107905,"Россия, Республика Татарстан (Татарстан), Казань, улица Маршала Чуйкова, 7",house
7912666523,"Свободного назначения, 1 м²",1200,1 200 ₽ в месяц,₽,₽/мес.,1,"Ул. Адоратского, 1, Козья Слобода, от 31 мин.",https://www.avito.ru/kazan/kommercheskaya_nedvizhimost/svobodnogo_naznacheniya_1_m_7912666523,7 дней назад,Геля,"Сдается помещение свободного назначения в центре Ново-Савиновского района г. Казани. Площадь 117 кв. М., первый этаж. Отдельный круглосуточный вход, первая линия у остановки общественного транспорта. Все коммуникации, имеется парковка. В настоящее время выполнен новый ремонт под проживание. Сдам ком",2026-09-29T21:10:32.614Z,55.821153,49.146739,"Россия, Республика Татарстан (Татарстан), Казань, улица Адоратского, 1",house
8449129693,Свободного назначения,36300,36 300 ₽ в месяц,₽,₽/мес.,,"Ул. Сибирский Тракт, 28, р-н Советский",https://www.avito.ru/kazan/kommercheskaya_nedvizhimost/svobodnogo_naznacheniya_8449129693,1 неделю назад,Руслан,Сдается помещение состоящие из 2 кабинетов подойдет под любой вид деятельности.,2026-09-29T21:10:32.614Z,55.813784,49.181154,"Россия, Республика Татарстан (Татарстан), Казань, улица Сибирский Тракт, 28",house
8374258418,Современный офис в центре Казани рядом с парковкой,50000,50 000 ₽ в месяц,₽,₽/мес.,,"Ул. Габдуллы Тукая, 64, Площадь Тукая, 11–15 мин.",https://www.avito.ru/kazan/kommercheskaya_nedvizhimost/sovremennyy_ofis_v_tsentre_kazani_ryadom_s_parkovkoy_8374258418,1 неделю назад,"""ПРЕМЬЕР"" недвижимость",Собственник предлагает в аренду нежилое помещение с новым современным ремонтом на пересечении улиц Татарстан и Габдуллы Тукая. Отдельный вход в офисный центр с Юнусовской площади. Наличие в шаговой доступности знаковых объектов туризма и деловой сферы и транспортной развязки обеспечивает стабильный ,2026-09-29T21:10:32.614Z,55.778461,49.114256,"Россия, Республика Татарстан (Татарстан), Казань, улица Габдуллы Тукая, 64",house
4072779409,"Офис, 30 м²",30000,30 000 ₽ в месяц,₽,₽/мес.,30,"Ул. 25 Октября, 13/6, Яшьлек, 21–30 мин.",https://www.avito.ru/kazan/kommercheskaya_nedvizhimost/ofis_30_m_4072779409,3 дня назад,Дарья,"Сдаю первый этаж, первая линия в аренду, парковка во дворе, идеально под салоны коасоты. 30 кВ — 35000 — скидка = 30000 плюс коммуналку. , первая линия, парковка! Сдаю помещение с ремонтом, везде свои туалеты и мокрые точки, Есть вытяжка на крышу, делаю Ремон под ваш бизнес, 50 кВ мошьность.",2026-09-29T21:10:32.614Z,55.81474,49.058507,"Россия, Республика Татарстан (Татарстан), Казань, улица 25 Октября, 13/6",house
8099505976,"Свободного назначения, 32 м²",15000,15 000 ₽ в месяц,₽,₽/мес.,32,"Волгоградская ул., 37А, Яшьлек, 11–15 мин.",https://www.avito.ru/kazan/kommercheskaya_nedvizhimost/svobodnogo_naznacheniya_32_m_8099505976,2 недели назад,,"Аренда От Собственника! Без комиссий и доп платежей. Сдается в аренду 8,5(пaвильoн)-32кв. М. Кондиционер! Идеально под торговую точку продажи фруктов, сухофруктов, кондитерка, пвз, представительство компании, ремонт, розничная торговля, роллы пицца. Расположен на остановке общественного транспорта. ",2026-09-29T21:10:32.614Z,55.830998,49.096101,"Россия, Республика Татарстан (Татарстан), Казань, Волгоградская улица, 37А",house
8272538554,Свободного назначения,60000,60 000 ₽ в месяц,₽,₽/мес.,44.5,"Ул. Зур Урам, 11, р-н Советский",https://www.avito.ru/kazan/kommercheskaya_nedvizhimost/svobodnogo_naznacheniya_8272538554,1 неделю назад,,"Аренда помещения свободного назначения — 44.5 кв. М. Г. Казань, ул. Зур Урам, д.11. Ремонт 2025 г. Офисная отделка. Пeрвая линия. Соседняя дверь — Копи Центр. Пocтоянный интенсивный пeшeхoдный и aвтoмoбильный трaфик. Подход/подъезд к помещению возможен и со стороны двора. Коммунальные платежи оплачи",2026-09-29T21:10:15.321Z,55.807142,49.195904,"Россия, Республика Татарстан (Татарстан), Казань, улица Зур Урам, 11",house
742975137,"Офис, 140 м²",1350,1 350 ₽ в месяц за м²,₽,₽/мес. за м²,140,"Гвардейская ул., 15, Суконная слобода, 21–30 мин.",https://www.avito.ru/kazan/kommercheskaya_nedvizhimost/ofis_140_m_742975137,3 недели назад,Гульгена Анваровна,"Сдаются офисные помещения после ремонта от 20 до 150 кв. Собственник, первая линия, охрана круглосуточно, интернет, телефония, кондиционер, в сумму аренды включены коммунальные услуги. Ндс включен.",2026-09-29T21:10:32.614Z,55.788388,49.172027,"Россия, Республика Татарстан (Татарстан), Казань, Гвардейская улица, 15",house
2259284300,"Свободного назначения, 143.4 м²",1650,1 650 ₽ в месяц за м²,₽,₽/мес. за м²,143.4,"Пр-т Альберта Камалеева, 32Б, Горки, от 31 мин.",https://www.avito.ru/kazan/kommercheskaya_nedvizhimost/svobodnogo_naznacheniya_143.4_m_2259284300,3 дня назад,,"Сдается в аренду на длительный срок помещение свободного назначения в доме по ул. Альберта Камалеева 32Б, первая линия (торцевое) окна выходят в 3 стороны, всего их 9. Удобно для рекламы и много света). Помещение с ремонтом. + Полная оплата к/у. В помещении мощность 50 квт. При разовой оплате за 5 л",2026-09-29T21:10:32.614Z,55.782947,49.191709,"Россия, Республика Татарстан (Татарстан), Казань, проспект Альберта Камалеева, 32Б",house
8294840745,Офис,1200,1 200 ₽ в месяц,₽,₽/мес.,17.9,"Ул. Николая Ершова, 49В, Суконная слобода, от 31 мин.",https://www.avito.ru/kazan/kommercheskaya_nedvizhimost/ofis_8294840745,Вчера,Андрей,"Сдаются кабинеты (от 15 до 20 кв м) в офисном здании по адресу: Казань, ул. Николая Ершова, 49В. 1 этаж, удобный вход, можно работать и принимать клиентов. Доступ и безопасность. Закрытый вход с домофоном (доступ через приложение). Видеонаблюдение. Доступ 24/7. Комфорт для работы. В каждом кабинете ",2026-09-29T21:10:32.614Z,55.801465,49.172692,"Россия, Республика Татарстан (Татарстан), Казань, улица Николая Ершова, 49В",house
8062392950,"Свободного назначения, 51 м²",60000,60 000 ₽ в месяц,₽,₽/мес.,51,"Ул. Гаврилова, 7к4, р-н Ново-Савиновский",https://www.avito.ru/kazan/kommercheskaya_nedvizhimost/svobodnogo_naznacheniya_51_m_8062392950,7 дней назад,,"Сдаем помещение в Торговой галерее нового жилого комплекса бизнес класса «Счастье в Казани». Открылся якорный арендатор продуктовый супермаркет Магнит. Помещение расположено в центре галереи, угловое, квадратной формы. С двух сторон витражные окна, при желании можно разделить. Помещение свободного н",2026-09-29T21:10:32.614Z,55.828794,49.161759,"Россия, Республика Татарстан (Татарстан), Казань, улица Гаврилова, 7к4",house
8493370632,"Свободного назначения, 37 м²",60000,60 000 ₽ в месяц,₽,₽/мес.,37,"Ул. Фикрята Табеева, 3, р-н Советский",https://www.avito.ru/kazan/kommercheskaya_nedvizhimost/svobodnogo_naznacheniya_37_m_8493370632,7 дней назад,Зульфия,"Сдается в аренду стильное коммерческое помещение 37,2 м² в ЖК «Весна»! Ищете ликвидную точку для вашего бизнеса в развитом районе? Сдается нежилое помещение на 1 этаже с ремонтом по адресу: г. Казань, ул. Фикрята Табеева, д. 3. В этом жилом комплексе практически нет свободных коммерческих площадей —",2026-09-29T21:10:32.614Z,55.793966,49.25319,"Россия, Республика Татарстан (Татарстан), Казань, улица Фикрята Табеева, 3",house
8171806682,"Первая линия, отд вход, ст. Метро",65000,65 000 ₽ в месяц,₽,₽/мес.,,"Ул. Юлиуса Фучика, 30, Дубравная, до 5 мин.",https://www.avito.ru/kazan/kommercheskaya_nedvizhimost/pervaya_liniya_otd_vhod_st._metro_8171806682,1 неделю назад,,"Торговое помещение у станции метро Дубравная. Первая линия, хороший трафик. Отдельный вход 24/7, сан узел. Чистовая отделка. Любая форма оплаты. Сдаётся под любой вид кроме салона красоты и магазина кальянов ( т. К. Соседние помещения уже работают в этой сфере). Ку оплачиваются отдельно. Собственник",2026-09-29T21:10:32.614Z,55.743776,49.216008,"Россия, Республика Татарстан (Татарстан), Казань, улица Юлиуса Фучика, 30",house
8175476585,Сдам в аренду под детейлинг,60000,60 000 ₽ в месяц,₽,₽/мес.,,"Роторная ул., 27В, Суконная слобода, 11–15 мин.",https://www.avito.ru/kazan/kommercheskaya_nedvizhimost/sdam_v_arendu_pod_deteyling_8175476585,Вчера,Продавец,"Сдам утепленный бокс 36 кв м, местоположение- многоуровневый паркинг на первом этаже, откидные секционные ворота, есть мокрая точка-кран с холодной водой, электричество, хорошее освещение, кварцевые батареи.",2026-09-29T21:10:32.614Z,55.766309,49.144736,"Россия, Республика Татарстан (Татарстан), Казань, Роторная улица, 27В",house
4072518445,"Офис, 21 м²",27000,27 000 ₽ в месяц,₽,₽/мес.,21,"Ул. Юлиуса Фучика, 8В, Проспект Победы, 11–15 мин.",https://www.avito.ru/kazan/kommercheskaya_nedvizhimost/ofis_21_m_4072518445,2 недели назад,Эльмира,"Уютный светлый офис с собственным санузлом. - Многофункциональный офис: массаж, наращивание ресниц, маникюр, репетиторство, косметология, кабинет психолога, кабинет специалиста, перманентный макияж. Удобное местоположение, тихое, спокойное место в 10 минутах от метро «Проспект Победы„и метро „Дубрав",2026-09-29T21:10:32.614Z,55.741896,49.203073,"Россия, Республика Татарстан (Татарстан), Казань, улица Юлиуса Фучика, 8В",house
8356274205,"Торговая площадь, 30 м²",75000,75 000 ₽ в месяц с НДС,₽,₽/мес.,30,"Ул. Академика Парина, 22, Проспект Победы, 16–20 мин.",https://www.avito.ru/kazan/kommercheskaya_nedvizhimost/torgovaya_ploschad_30_m_8356274205,3 дня назад,КазаньНедвижимость,"Аренда 30 м² на первой линии! Отдельный вход. Трафик аптеки «Вита», WB, Магнит! Вход там где вывеска «Даруханэ», вместо Пвз Озон. Ищете место, где уже есть поток клиентов? Сдается помещение 30 кв. М. В ТЦ на ул. Академика Парина, 22. Почему это выгодно: Соседство-магнит: Ваши соседи — Аптека «Вита»,",2026-09-29T21:10:32.614Z,55.744926,49.181486,"Россия, Республика Татарстан (Татарстан), Казань, улица Академика Парина, 22",house
1930323667,"Сдаю на 1 линии Ямашева, 32 м²",38500,38 500 ₽ в месяц,₽,₽/мес.,32,"Пр-т Ямашева, 61Б, Козья Слобода, 21–30 мин.",https://www.avito.ru/kazan/kommercheskaya_nedvizhimost/sdayu_na_1_linii_yamasheva_32_m_1930323667,1 неделю назад,Арендодатель,"Собственник сдает в аренду помещение свободного назначения в 32 кВ. М: - 1 линия Проспекта Ямашева, - состоит из 2 комнат, хороший ремонт. - помещение правильной, прямоугольной формы; - 2 раздельных сан. Узла. - удачное расположение: рядом метро, активная первая линия; Возможна долгосрочная аренда! ",2026-09-29T21:10:32.614Z,55.826291,49.129123,"Россия, Республика Татарстан (Татарстан), Казань, проспект Ямашева, 61Б",house
7954044529,Офис,30000,30 000 ₽ в месяц,₽,₽/мес.,,"Вахитовский район, Большая Красная ул., 6, Кремлёвская, 6–10 мин.",https://www.avito.ru/kazan/kommercheskaya_nedvizhimost/ofis_7954044529,1 неделю назад,Tatars.Appart,"Собственник. Первый офис от входа. Сдаем шикарный офис в самом центре возле Кремля. Пешая доступность Кремль, набережная. Хороший ремонт, кондиционер. Вытяжная система. На этаже туалет с шикарным ремонтом. Так же имеется мокрая точка. Рядом есть остановка, можно без проблем добраться в любую точку г",2026-09-29T21:10:32.614Z,55.798682,49.110429,"Россия, Республика Татарстан (Татарстан), Казань, Вахитовский район, Большая Красная улица, 6",house
8345579832,Офис в центре 555 кв.м,721500,721 500 ₽ в месяц,₽,₽/мес.,555,"Университетская ул., 20, Площадь Тукая, до 5 мин.",https://www.avito.ru/kazan/kommercheskaya_nedvizhimost/ofis_v_tsentre_555_kv.m_8345579832,2 недели назад,,"Университетская 20. Помещение от собственника. Без комиссий и переплат. Общая площадь 555 кв. М., состоит из помещения на 1-м этаже площадью 198 кв. М. И помещения в цокольной части 357 кв. М. Отдельный вход с Университетской, крыльцо на 1-й линии вдоль дороги, есть запасной выход со двора, из цокол",2026-09-29T21:10:32.614Z,55.789775,49.123275,"Россия, Республика Татарстан (Татарстан), Казань, Университетская улица, 20",house
8052534117,"Склад, 3 м²",2600,2 600 ₽ в месяц,₽,₽/мес.,3,"Ул. Рашита Салахова, 2к1, Проспект Победы, от 31 мин.",https://www.avito.ru/kazan/kommercheskaya_nedvizhimost/sklad_3_m_8052534117,1 неделю назад,Ирина,"Всего 2600 ₽ в месяц за дополнительные 3м² пространства. Казань. Храните в кладовой то, что занимает место дома: комплект шин. Велосипед. Чемоданы. Коляску. Сезонный инвентарь. Квартира должна быть для жизни, а не для хранения вещей. За подробностями — в личные сообщения.",2026-09-29T21:10:32.614Z,55.735023,49.160681,"Россия, Республика Татарстан (Татарстан), Казань, улица Рашита Салахова, 2к1",house
8028021552,"Торговая площадь, 54 м²",1200,1 200 ₽ в месяц за м²,₽,₽/мес. за м²,54,"С. Сокуры, Южная ул., 20Б",https://www.avito.ru/kazan/kommercheskaya_nedvizhimost/torgovaya_ploschad_54_m_8028021552,2 недели назад,Лилия,"Сдам в аренду торговое помещение в отличной локации на трафике. Адрес: Новые Сокуры, ул. Южная 20б. Осталось только 2 помещения, площадью: 29 кв. М и 54 кв. М. На первой линии, рядом с новой объездной дорогой. Локация огонь, максимально узнаваемая, работает как на жителей Сокуров так и на проходящий",2026-09-29T21:10:32.614Z,55.612716,49.386194,"Россия, Республика Татарстан (Татарстан), Лаишевский район, село Сокуры, Южная улица, 20Б",house
7935467295,"Торговая площадь, 17 м²",1100,1 100 ₽ в месяц за м²,₽,₽/мес. за м²,17,"Ул. Челюскина, 55, Авиастроительная, 16–20 мин.",https://www.avito.ru/kazan/kommercheskaya_nedvizhimost/torgovaya_ploschad_17_m_7935467295,7 дней назад,,"Свободное помещение на входе в Порт маркет, есть торговое оборудование ( на фото). Идеально подойдет под табачный, цветочный магазины и тд…",2026-09-29T21:10:32.614Z,55.869041,49.080587,"Россия, Республика Татарстан (Татарстан), Казань, улица Челюскина, 55",house
8306532295,Офис в аренду 52 кв.м,30000,30 000 ₽ в месяц,₽,₽/мес.,30,"Приволжский район, мкр-н Горки-3, Дубравная ул., 38, Дубравная, 16–20 мин.",https://www.avito.ru/kazan/kommercheskaya_nedvizhimost/ofis_v_arendu_52_kv.m_8306532295,7 дней назад,,"Сдается помещение под офис в долгосрочную аренду. Без мебели. Высокий цокольный этаж, три ступеньки, окна на уровне первого этажа. Три раздельных кабинета, прихожая. В стоимость включены уборка помещения два раза в неделю, два машиноместа на придомовой парковке. Коммунальные эксплутационные платежи ",2026-09-29T21:10:32.614Z,55.736686,49.200378,"Россия, Республика Татарстан (Татарстан), Казань, Дубравная улица, 38",house
7460587486,"Торговая площадь, 55 м²",1200,1 200 ₽ в месяц за м²,₽,₽/мес. за м²,55,"Пр-т Победы, 78, Проспект Победы, 21–30 мин.",https://www.avito.ru/kazan/kommercheskaya_nedvizhimost/torgovaya_ploschad_55_m_7460587486,Вчера,Aziza Group агентсво,"Первая линия, огромная проходимость, отличные подъездные пути, бесплатная стоянка возле входа, помещение правильной формы, есть кондиционеры, место под вывеску.",2026-09-29T21:10:35.089Z,55.763807,49.220608,"Россия, Республика Татарстан (Татарстан), Казань, проспект Победы, 78",house
8429058471,Свободного назначения,60000,60 000 ₽ в месяц,₽,₽/мес.,,"Ломжинская ул., 3, Проспект Победы, 21–30 мин.",https://www.avito.ru/kazan/kommercheskaya_nedvizhimost/svobodnogo_naznacheniya_8429058471,1 неделю назад,Елизавета,"Подходит под открытие Пвз Озон! Аренда -45м2. Специальные условия на первый месяц работы. 60.000₽ далее 85.000₽. Казань, улица Ломжинская дом 3. Помещение с ремонтом, ранее располагалась парикмахерская. Street Retail. Первая линия. В помещении работает WB, аптека «Апрель», водомат. Постоянный интенс",2026-09-29T21:10:32.614Z,55.767311,49.223698,"Россия, Республика Татарстан (Татарстан), Казань, Ломжинская улица, 3",house
8268336998,"Свободного назначения, 491.6 м²",1000,1 000 ₽ в месяц,₽,₽/мес.,491.6,"Ул. Декабристов, 85, Козья Слобода, 6–10 мин.",https://www.avito.ru/kazan/kommercheskaya_nedvizhimost/svobodnogo_naznacheniya_491.6_m_8268336998,7 дней назад,Деловой Мир,"Коммерческое помещение в аренду — площадь от 373 до 500 м². Предлагается в аренду просторное коммерческое помещение площадью 373–500 м² по адресу Казань, ул. Декабристов, д.85 (кв.6,6а,6б,6в,6г,7,7а,7б,8,8а,8б,9,10,11А,12,14,26,26А,27,27а,28,31,35,37,93,94,94а,94б) Отличный вариант для размещения ма",2026-09-29T21:10:32.614Z,55.818786,49.090199,"Россия, Республика Татарстан (Татарстан), Казань, улица Декабристов, 85",house
8075510038,"Склад, 300 м²",500,500 ₽ в месяц с НДС,₽,₽/мес.,300,"Техническая ул., 15, р-н Приволжский",https://www.avito.ru/kazan/kommercheskaya_nedvizhimost/sklad_300_m_8075510038,2 недели назад,Бизнес-центр Булак,"Склады от собственника в Казани. Г. Казань. Ул. Техническая,15. Площади складов: 1) 107 кв. М. 2) 144 кв. М. 3) 26,3кв. М 4) 5) 6) 300 кв. М. Также сдается место на улице на территории закрытого охраняемого складского комплекса, Цена 250руб/м. Звоните уточняйте. Теплый склад, ворота высотой для прое",2026-09-29T21:10:32.614Z,55.731166,49.133651,"Россия, Республика Татарстан (Татарстан), Казань, Техническая улица, 15",house
8291087813,"332 Офис 14,4 м² у метро, юр.адрес",15120,15 120 ₽ в месяц с НДС,₽,₽/мес.,14.4,"Ленинградская ул., 17, Авиастроительная, до 5 мин.",https://www.avito.ru/kazan/kommercheskaya_nedvizhimost/332_ofis_144_m_u_metro_yur.adres_8291087813,2 недели назад,АРЕНДАKZN,"Офис 14,4 м² у метро «Авиастроительная» | Коммунальные платежи включены. Казань, ул. Ленинградская, 17. Аренда — 15 120 руб. /мес., Ндс включён. Коммунальные платежи и уборка включены. Кондиционер. Предоставляется юридический адрес. Прямая аренда от собственника, без комиссии. Сдаётся офис № 332 пло",2026-09-29T21:11:56.113Z,55.860039,49.083821,"Россия, Республика Татарстан (Татарстан), Казань, Ленинградская улица, 17",house
8286239982,"Офис, 200 м²",1000,1 000 ₽ в месяц,₽,₽/мес.,200,"Ул. Качалова, 76, Суконная слобода, до 5 мин.",https://www.avito.ru/kazan/kommercheskaya_nedvizhimost/ofis_200_m_8286239982,3 недели назад,,"Офисное помещение напрямую от собственника (без посредников!) по официальному договору с ИП на 2 этаже офисного здания с жилой надстройкой. Возможен вариант разделения офиса на 2 офиса площадями 120 и 80 м2. Кондиционеры в каждой комнате, мебель, шкафы. Отдельный вход. 2 официальных парковочных мест",2026-09-29T21:10:32.614Z,55.774436,49.143694,"Россия, Республика Татарстан (Татарстан), Казань, улица Качалова, 76",house
8271119857,Свободного назначения,60000,60 000 ₽ в месяц,₽,₽/мес.,,"Ул. Восход, 25А, Северный вокзал, 11–15 мин.",https://www.avito.ru/kazan/kommercheskaya_nedvizhimost/svobodnogo_naznacheniya_8271119857,Вчера,ДоброЖар,"Отдельно стоящее здание в центре Московского района, рядом.",2026-09-29T21:10:32.614Z,55.836767,49.072862,"Россия, Республика Татарстан (Татарстан), Казань, улица Восход, 25А",house
7663796156,"Свободного назначения, 65 м²",2400,2 400 ₽ в месяц за м²,₽,₽/мес. за м²,65,"Ул. Пушкина, 17, Площадь Тукая, до 5 мин.",https://www.avito.ru/kazan/kommercheskaya_nedvizhimost/svobodnogo_naznacheniya_65_m_7663796156,7 дней назад,,"Отличный трафик, первая линия, все коммуникации и прямая аренда от собственника. С ремонтом. Осмотр в любое время, звоните.",2026-09-29T21:10:32.614Z,55.788844,49.123437,"Россия, Республика Татарстан (Татарстан), Казань, улица Пушкина, 17",house
8331492244,"Производство, 28 м²",10500,10 500 ₽ в месяц с НДС,₽,₽/мес.,28,"Ул. Богатырёва, 7, Яшьлек, от 31 мин.",https://www.avito.ru/kazan/kommercheskaya_nedvizhimost/proizvodstvo_28_m_8331492244,7 дней назад,Наиль,"Пишите — звоните -смотрите. Сдаётся в аренду неотапливаемое помещение 28 м2 под производство или под склад. Электрическая мощность 50 квт. Центр Кировского района (возле парка Петрова и спортивного комплекса Баско). Круглосуточная охрана, хороший подъезд на грузовом автотранспорте. Личная парковка. ",2026-09-29T21:10:32.614Z,55.814189,49.052183,"Россия, Республика Татарстан (Татарстан), Казань, улица Богатырёва, 7",house
7480501160,Офисы в центре города,1000,1 000 ₽ в месяц с НДС,₽,₽/мес.,,"Ул. Декабристов, 2, Козья Слобода, до 5 мин.",https://www.avito.ru/kazan/kommercheskaya_nedvizhimost/ofisy_v_tsentre_goroda_7480501160,7 дней назад,"ПИК ""Идел-Пресс""","Сдаются офисные помещения в самом центре Казани — 5 минут пешком от станции метро «Козья Слобода», напротив центрального загса «Чаша». По адресу: ул. Декабристов, д. 2. В здании АО «Татмедиа»: ! Акция! Первые два месяца аренды со скидкой! Офисное помещение 67,5кв м. На втором этаже административного",2026-09-29T21:10:32.614Z,55.815028,49.102955,"Россия, Республика Татарстан (Татарстан), Казань, улица Декабристов, 2",house
8139045419,Склад 56 кв.м,400,400 ₽ в месяц за м²,₽,₽/мес. за м²,,"Ул. Скрябина, 8А, Горки, 16–20 мин.",https://www.avito.ru/kazan/kommercheskaya_nedvizhimost/sklad_56_kv.m_8139045419,Вчера,Хабир,"Склад, производство 56,0. 22400.0 р. В месяц(400.0 р за м. Кв). На территории охраняемой 24/7 хозяйственной базы сдается неотапливаемое помещения 56 м. Кв. (габариты 10.0×5.6 и, высота потолка 4.30 м, ворота шир. 1.5 на 3.0) под склад, под производство, по адресу г. Казань, ул. Скрябина 8а(р-н ул. Р",2026-09-29T21:10:32.614Z,55.770188,49.20274,"Россия, Республика Татарстан (Татарстан), Казань, улица Скрябина, 8А",house
8377551481,"Свободного назначения, 44 м²",2000,2 000 ₽ в месяц,₽,₽/мес.,44,"Вахитовский район, ул. Татарстан, 18, Площадь Тукая, 6–10 мин.",https://www.avito.ru/kazan/kommercheskaya_nedvizhimost/svobodnogo_naznacheniya_44_m_8377551481,1 неделю назад,Деловой Мир,"Помещение свободного назначения 44 м² на первой линии. Сдаётся помещение свободного назначения площадью 44 кв. М, расположенное на первой линии с отличной видимостью и удобным доступом. Помещение подойдёт для различных видов бизнеса: магазина, офиса, салона красоты, пункта выдачи, студии, шоурума, у",2026-09-29T21:10:32.614Z,55.78196,49.113996,"Россия, Республика Татарстан (Татарстан), Казань, Вахитовский район, улица Татарстан, 18",house
8242228009,"Сдам офисное помещение, 11.6 м²",16240,16 240 ₽ в месяц,₽,₽/мес.,11.6,"Маршрутная ул., 12А, Яшьлек, от 31 мин.",https://www.avito.ru/kazan/kommercheskaya_nedvizhimost/sdam_ofisnoe_pomeschenie_11.6_m_8242228009,7 дней назад,ARE Group,Арт. 143048366 Маршрутная 12А — сдается офис на 3 этаже с окном.,2026-09-29T21:10:32.614Z,55.822797,49.034001,"Россия, Республика Татарстан (Татарстан), Казань, Маршрутная улица, 12А",house
2202057566,"Свободного назначения, 25 м²",25000,25 000 ₽ в месяц,₽,₽/мес.,25,"Пр-т Победы, 100, Проспект Победы, 21–30 мин.",https://www.avito.ru/kazan/kommercheskaya_nedvizhimost/svobodnogo_naznacheniya_25_m_2202057566,3 дня назад,,"Помещение на первой линии, на первом этаже в офисном центре, 2 санузла, пожарный выход, высокие потолки, место под вывеску. Собственник.",2026-09-29T21:10:32.614Z,55.768891,49.220832,"Россия, Республика Татарстан (Татарстан), Казань, проспект Победы, 100",house
8227840886,"219 Офис с кондиционером и парковкой, 11.97 м²",18853,18 853 ₽ в месяц с НДС,₽,₽/мес.,11.97,"Ново-Савиновский район, Октябрьская ул., 38А, Северный вокзал, 11–15 мин.",https://www.avito.ru/kazan/kommercheskaya_nedvizhimost/219_ofis_s_konditsionerom_i_parkovkoy_11.97_m_8227840886,2 недели назад,АРЕНДАKZN,"АО Кбо сдаст в аренду своё офисное помещение | Под магазин, офис, услуги, юридический адрес! Казань, ул. Октябрьская 38а. Прямая аренда без комиссии от собственника. Удобная парковка. Без комиссии и посредников; круглосуточная охрана и видеонаблюдение. Идеально подойдет под: магазин, офис компании и",2026-09-29T21:10:32.614Z,55.842903,49.095086,"Россия, Республика Татарстан (Татарстан), Казань, Ново-Савиновский район, Октябрьская улица, 38А",house
8227662460,"232 офис 21,4 м² с окном и мокрой точкой",22470,22 470 ₽ в месяц с НДС,₽,₽/мес.,21.4,"Беломорская ул., 33, Авиастроительная, 16–20 мин.",https://www.avito.ru/kazan/kommercheskaya_nedvizhimost/232_ofis_214_m_s_oknom_i_mokroy_tochkoy_8227662460,2 недели назад,АРЕНДАKZN,"Сдаётся офис / кабинет 21,4 м² с окном и собственной мокрой точкой. Казань, ул. Беломорская, 33, ТЦ «Чижик». 22 470 руб. /мес., Ндс включён. 2 этаж. Коммунальные услуги включены. Уборка кабинета включена. Кондиционер и чистовая отделка. Бесплатный юридический адрес. Прямая аренда от собственника, бе",2026-09-29T21:12:47.760Z,55.865116,49.074793,"Россия, Республика Татарстан (Татарстан), Казань, Беломорская улица, 33",house
8421272306,"Неотпаливаемый Склад, 50 м² Удобный подьезд",350,350 ₽ в месяц за м²,₽,₽/мес. за м²,50,"Ул. Михаила Миля, 29, Авиастроительная, 21–30 мин.",https://www.avito.ru/kazan/kommercheskaya_nedvizhimost/neotpalivaemyy_sklad_50_m_udobnyy_podezd_8421272306,3 дня назад,БАЗА БИГ,"«База Биг» сдаёт в аренду неотпаливаемый склад площадью 48 м². Прямая аренда от собственника без посредников и комиссий. Также возможна аренда: — складского помещения площадью 12 м² (контейнер). — помещения площадью 75 м². — офисов. — земельных участков. Помещение подойдёт для хранения товаров, обор",2026-09-29T21:10:32.614Z,55.848609,49.097602,"Россия, Республика Татарстан (Татарстан), Казань, улица Михаила Миля, 29",house
3087042667,"Торговая площадь, 6 м²",74000,74 000 ₽ в месяц,₽,₽/мес.,6,"Ул. Баумана, 2, Кремлёвская, до 5 мин.",https://www.avito.ru/kazan/kommercheskaya_nedvizhimost/torgovaya_ploschad_6_m_3087042667,1 неделю назад,Tatardar,"Ждем в дружную команду Сокровища Зиланта мастеров. Ярмарка мастеров работает ежедневно, без выходных. Стол мастера составляет 6м2 дополнительно есть стеллаж. Рассмотрим мастеров по видам деятельности: продукты, сладости, кофе, колбасы. Одежда. Эпоксидная смола. Янтарь. Серебро. Войлок.",2026-09-29T21:10:35.089Z,55.794639,49.107968,"Россия, Республика Татарстан (Татарстан), Казань, улица Баумана, 2",house
8291323755,"Помещение 13,7 м² с отдельным входом",23735,23 735 ₽ в месяц с НДС,₽,₽/мес.,13.7,"Ул. Академика Павлова, 29, Авиастроительная, 16–20 мин.",https://www.avito.ru/kazan/kommercheskaya_nedvizhimost/pomeschenie_137_m_s_otdelnym_vhodom_8291323755,2 недели назад,АРЕНДАKZN,"Помещение свободного назначения 13,7 м² | Отдельный вход | Первая линия. Казань, ул. Академика Павлова, 29. Аренда — 23 735 руб. /мес., Ндс включён. 1 этаж. Отдельный вход с улицы. Чистовая отделка. Собственная мокрая точка и санузел. Кондиционер. Своя парковка. Прямая аренда от собственника, без ко",2026-09-29T21:12:42.405Z,55.866677,49.094951,"Россия, Республика Татарстан (Татарстан), Казань, улица Академика Павлова, 29",house
8158472620,Аренда склада/кладовки,1500,1 500 ₽ в месяц,₽,₽/мес.,,"Щербаковский пер., 7, Площадь Тукая, 6–10 мин.",https://www.avito.ru/kazan/kommercheskaya_nedvizhimost/arenda_skladakladovki_8158472620,1 неделю назад,PRO - KLADOVKI,"Квартира превращается в склад, на балконе шины и велосипед, а коробки с вещами лежат по всем углам? А если вы предприниматель документы, товар и оборудование забили офис и коридор? Pro‑Kladovki — маркетплейс кладовок и складов хранения в вашем городе. Мы собираем предложения от разных компаний в одн",2026-09-29T21:10:32.614Z,55.785655,49.130785,"Россия, Республика Татарстан (Татарстан), Казань, Щербаковский переулок, 7",house
4353447396,"Торговая площадь, 24 м²",48000,48 000 ₽ в месяц с НДС,₽,₽/мес.,24,"Ул. Фатыха Амирхана, 36, Северный вокзал, от 31 мин.",https://www.avito.ru/kazan/kommercheskaya_nedvizhimost/torgovaya_ploschad_24_m_4353447396,Вчера,Б,Сдается в аренду помещение площадью 24м2. Коммунальные услуги оплачиваются по счетчику. Ассортимент должен быть не состоящий из продуктов питания. 2000 р. За 1м2.,2026-09-29T21:10:35.089Z,55.841898,49.134774,"Россия, Республика Татарстан (Татарстан), Казань, улица Фатыха Амирхана, 36",house
7823282495,Свободного назначения,125000,125 000 ₽ в месяц,₽,₽/мес.,,"Вахитовский район, Большая Красная ул., 34/16, Кремлёвская, 11–15 мин.",https://www.avito.ru/kazan/kommercheskaya_nedvizhimost/svobodnogo_naznacheniya_7823282495,2 недели назад,Ренат,"Сдается помещение свободного назначения площадью 120 м по бетонному полу плюс антресоль (+30-40м). Мокрая точка, санузел, большие окна, высокий потолок, первая линия, свой вход, 24/7, здание полностью нежилое. Подойдет под почасовую сдачу под мероприятия, Ориентир: площадь Тукая, площадь Свободы, ко",2026-09-29T21:10:35.089Z,55.797432,49.122898,"Россия, Республика Татарстан (Татарстан), Казань, Вахитовский район, Большая Красная улица, 34/16",house
7792490145,"Офис, 46 м²",55200,55 200 ₽ в месяц с НДС,₽,₽/мес.,46,"Ул. Фатыха Амирхана, 51В, Козья Слобода, от 31 мин.",https://www.avito.ru/kazan/kommercheskaya_nedvizhimost/ofis_46_m_7792490145,1 неделю назад,,"Сдаются помещения в аренду в Деловом центре «Астра» по адресу: г. Казань, ул. Ф. Амирхана, д. 51В. Площадь помещений: 2 этаж- 46,0 кв. М. Удобная транспортная развязка, развитая инфраструктура (магазины, аптеки, остановка общественного транспорта, кафе, ресторан). Помещения оборудованы системами вен",2026-09-29T21:10:35.089Z,55.83205,49.132708,"Россия, Республика Татарстан (Татарстан), Казань, улица Фатыха Амирхана, 51В",house
8242651440,"Кабинеты в аренду на Айдарова, 7",1000,1 000 ₽ в месяц за м²,₽,₽/мес. за м²,,"Ул. Айдарова, 7, Авиастроительная, 16–20 мин.",https://www.avito.ru/kazan/kommercheskaya_nedvizhimost/kabinety_v_arendu_na_aydarova_7_8242651440,Вчера,МеГаРус-М,"Приглaшaeм Bаc стать арендaтоpом офисных помeщeний, pacпoлoженных на втором этaжe пo aдpeсу: ул. Айдарова, д.7. Ocновные характepиcтики пoмещения: - второй этаж; - высота потолков в помещении в среднем 3,5 м; - централизованные коммуникации (водоснабжение, канализация, электроснабжение, отопление); ",2026-09-29T21:10:35.089Z,55.867192,49.09152,"Россия, Республика Татарстан (Татарстан), Казань, улица Айдарова, 7",house
7344226209,"Бизнес-центр Ватан, 2 этаж, 824.2 м²",1500,1 500 ₽ в месяц за м²,₽,₽/мес. за м²,824.2,"Ул. Гаврилова, 3, р-н Ново-Савиновский",https://www.avito.ru/kazan/kommercheskaya_nedvizhimost/biznes-tsentr_vatan_2_etazh_824.2_m_7344226209,1 неделю назад,"ООО ""Сармай""","Страница Собственника Здания. Современный офисный-центр «Ватан» B+ класса с уникальным пространством и гостеприимным сервисом — идеальное место для вашего бизнеса. Казань, Гаврилова, 3. В бизнес-центре «Ватан» общей площадью 4 475.60 кв. М. С собственной наземной парковкой для аренды доступны комфор",2026-09-29T21:10:35.089Z,55.828753,49.160007,"Россия, Республика Татарстан (Татарстан), Казань, улица Гаврилова, 3",house
2168150353,"Офис, 42 м²",46200,46 200 ₽ в месяц,₽,₽/мес.,42,"Ул. Масгута Латыпова, 58, Суконная слобода, 16–20 мин.",https://www.avito.ru/kazan/kommercheskaya_nedvizhimost/ofis_42_m_2168150353,1 неделю назад,,"Сдам в аренду помещение площадью 42 кв. М. По ул. Масгута Латыпова, 58 под офис. Помещение с отдельным входом. Индивидуальное отопление. Два санузла. Первая линия, первый этаж. Высокий автомобильный трафик. Бесплатная большая парковка. Помещение в чистовой отделке, свежий ремонт, мебель: 4 стола, ст",2026-09-29T21:10:35.089Z,55.784253,49.158337,"Россия, Республика Татарстан (Татарстан), Казань, улица Масгута Латыпова, 58",house
8218914727,Свободного назначения,15000,15 000 ₽ в месяц,₽,₽/мес.,,"Ул. Нурихана Фаттаха, 17/4, р-н Кировский",https://www.avito.ru/kazan/kommercheskaya_nedvizhimost/svobodnogo_naznacheniya_8218914727,7 дней назад,,Помещение 6 м2. 15.000 руб в месяц.,2026-09-29T21:10:35.089Z,55.866207,48.88427,"Россия, Республика Татарстан (Татарстан), Казань, улица Нурихана Фаттаха, 17/4",house
8120159868,Небольшой склад для больших задач,134500,134 500 ₽ в месяц,₽,₽/мес.,300,"Ул. Лебедева, 1к1, Суконная слобода, от 31 мин.",https://www.avito.ru/kazan/kommercheskaya_nedvizhimost/nebolshoy_sklad_dlya_bolshih_zadach_8120159868,Вчера,ESG Коммерческая недвижимость,"Аренда Склада. Лот 4146-100. Объект. В аренду предлагается складское помещение площадью 300 м² с возможностью увеличения. Объект подходит для хранения, логистики и производственных процессов. Удобное расположение обеспечивает быстрый доступ к основным магистралям города. Характеристики. — Возможност",2026-09-29T21:10:35.089Z,55.756143,49.121856,"Россия, Республика Татарстан (Татарстан), Казань, улица Лебедева, 1к1",house
7780276418,"Офис, 36 м²",50000,50 000 ₽ в месяц,₽,₽/мес.,36,"Ул. Пушкина, 12, Площадь Тукая, до 5 мин.",https://www.avito.ru/kazan/kommercheskaya_nedvizhimost/ofis_36_m_7780276418,1 неделю назад,,"Сдаётся помещение в аренду, свежий ремонт, во втором кабинете студия перманентного макияжа, обустроенная входная группа, свой с/у, помещение теплое, есть охрана, круглосуточный доступ. Центр города, от метро 3-5 минут. Без Мебели И Техники. 22кв. М площадь именно рабочего кабинета! +входная группа, ",2026-09-29T21:10:35.089Z,55.789051,49.124874,"Россия, Республика Татарстан (Татарстан), Казань, улица Пушкина, 12",house
8513677759,Склад,20000,20 000 ₽ в месяц,₽,₽/мес.,,"Северо-Западная ул., 14к8, р-н Московский",https://www.avito.ru/kazan/kommercheskaya_nedvizhimost/sklad_8513677759,Вчера,Mobil,Сдам помещение. Ширина 6. Длина 10. Высота 4. Электрическое 50 киловатт. Вода. Имеется вилочный погрузчик. Доступ 24/7.,2026-09-29T21:10:35.089Z,55.876122,48.951077,"Россия, Республика Татарстан (Татарстан), Казань, Северо-Западная улица, 14к8",house
8252080758,Кабинет,29000,29 000 ₽ в месяц,₽,₽/мес.,,"Бойничная ул., 5, Суконная слобода, 6–10 мин.",https://www.avito.ru/kazan/kommercheskaya_nedvizhimost/kabinet_8252080758,1 неделю назад,,"Сдаётся помещение в центре Казани по адресу Бойничная 5, площадь 26,1 квм. Полуцоколь с нормальными окнами, не в приямок. КУ включены. Цена 29000. Всего в общем помещении 4 кабинета: ресницы, аппаратный массаж, уход за волосами и одно освобождается. С/у с современным ремонтом общий на 4 кабинета. В ",2026-09-29T21:10:35.089Z,55.779687,49.14877,"Россия, Республика Татарстан (Татарстан), Казань, Бойничная улица, 5",house
8309629553,"Склад, 24 м²",18000,18 000 ₽ в месяц,₽,₽/мес.,24,"Техническая ул., 120В, Аметьево, от 31 мин.",https://www.avito.ru/kazan/kommercheskaya_nedvizhimost/sklad_24_m_8309629553,Вчера,Собственник,"Сдам склад 24м2 в современном Бизнес-центре с отличным ремонтом и своей парковкой в 5 минутах от центра Казани. Есть специальная зона погрузки и грузовой лифт. Подойдет под производство, сортировку и т. Д. На территории есть автомойка, автосервис и 2 точки общепита.",2026-09-29T21:10:35.089Z,55.754395,49.13189,"Россия, Республика Татарстан (Татарстан), Казань, Техническая улица, 120В",house
7732472044,Свободного назначения,60000,60 000 ₽ в месяц,₽,₽/мес.,,"Ул. Хайдара Бигичева, 9, р-н Советский",https://www.avito.ru/kazan/kommercheskaya_nedvizhimost/svobodnogo_naznacheniya_7732472044,7 дней назад,ИНВЕСТ ФОКУС ГРУПП,"Сдается помещение под бизнес: 1-АЯ Линия! Площадь — 68 м2. 5 метров от остановки! Отлично подойдет под: Пункт выдачи заказов. Магазин. Офис. Стоматология. Парикмахерская. Бьюти салон. Помещение свободно! Обращайтесь — звоните или пишите! Арендные каникулы — возможно, смотря кто и на сколько заезжает",2026-09-29T21:10:35.089Z,55.785063,49.222395,"Россия, Республика Татарстан (Татарстан), Казань, улица Хайдара Бигичева, 9",house
2192524493,"Офис, 14 м²",20000,20 000 ₽ в месяц,₽,₽/мес.,14,"Чистопольская ул., 73, Козья Слобода, от 31 мин.",https://www.avito.ru/kazan/kommercheskaya_nedvizhimost/ofis_14_m_2192524493,Вчера,,"Сдается кабинет в небольшом офисном центре. 1- эт, окна выходят в коридор. В кабинете есть все коммуникации- канализация, горячая и холодная вода, отопление, дополнительная мощная вентиляция, электричество. Сделан свежий качественный ремонт, имеется кондиционер. Общий туалет, в коридоре шкаф для пос",2026-09-29T21:10:35.089Z,55.820334,49.148249,"Россия, Республика Татарстан (Татарстан), Казань, Чистопольская улица, 73",house
7833016273,"Свободного назначения, 30 м²",39500,39 500 ₽ в месяц с НДС,₽,₽/мес.,30,"Ул. Чернышевского, 17, Кремлёвская, до 5 мин.",https://www.avito.ru/kazan/kommercheskaya_nedvizhimost/svobodnogo_naznacheniya_30_m_7833016273,7 дней назад,,"Помещение 30 кв. М. В Бизнес-центре на 2 этаже,3 больших окна, потолки-4 м, под бьюти услуги, косметолог, маникюрную студию, тату-кабинет, туристическое агентство, магазин, офис, учебный класс и т. Д. Коммунальные услуги, охрана, ежедневная уборка включены в стоимость арендной платы.",2026-09-29T21:10:35.089Z,55.792321,49.10989,"Россия, Республика Татарстан (Татарстан), Казань, улица Чернышевского, 17",house
7674425446,Свободного назначения,850,850 ₽ в месяц за м²,₽,₽/мес. за м²,159,"Ул. Кул Гали, 24, Дубравная, 16–20 мин.",https://www.avito.ru/kazan/kommercheskaya_nedvizhimost/svobodnogo_naznacheniya_7674425446,2 недели назад,,"Сдам в аренду помещение площадью 159 кв. Метров. Локация с очень высоким пешеходным и автомобильным трафиком. Вход в помещение располагается напротив (50м) торгового центра, в котором находится магазин Пятерочка (крупный формат), Фикс прайс и другие. Помещение делит входную группу с Пвз Вайлдбериз, ",2026-09-29T21:10:35.089Z,55.749902,49.238251,"Россия, Республика Татарстан (Татарстан), Казань, улица Кул Гали, 24",house
8346227847,Офис в современном БЦ с парковкой рядом с центром,990,990 ₽ в месяц,₽,₽/мес.,20.8,"Ул. Владимира Кулагина, 3, Аметьево, от 31 мин.",https://www.avito.ru/kazan/kommercheskaya_nedvizhimost/ofis_v_sovremennom_bts_s_parkovkoy_ryadom_s_tsentrom_8346227847,7 дней назад,,"Дoбpый дeнь! Apeнда oт собственникa. Без пoсpедников и комиссий. Официальное оформление. Возможна юридическая регистрация адреса. Сдам в apенду: - офис на 2 этаже, 20,8 кв. М; акция: первые два месяца 990 руб +ндфл, потом 1150 +ндфл. Коммунальные платежи оплачиваются отдельно. Находится офис в новом",2026-09-29T21:10:35.089Z,55.742225,49.140685,"Россия, Республика Татарстан (Татарстан), Казань, улица Владимира Кулагина, 3к2",house
7261083555,"Офис, 25.4 м²",24000,24 000 ₽ в месяц с НДС,₽,₽/мес.,25.4,"Ул. Мамадышский Тракт, 43Б, р-н Советский",https://www.avito.ru/kazan/kommercheskaya_nedvizhimost/ofis_25.4_m_7261083555,1 неделю назад,Наталья,"Сдаются уютные комфортные офисы от 25,4 кв. М. В Деловом центре с офисным ремонтом. У ДЦ собственная большая парковка как для персонала, так и для посетителей, круглосуточный доступ, видеонаблюдение. Вокруг развитая инфраструктура: на 1 этаже супермаркет «Пятерочка», кафе-ресторан с бизнес-ланчами и",2026-09-29T21:10:35.089Z,55.802573,49.264796,"Россия, Республика Татарстан (Татарстан), Казань, улица Мамадышский Тракт, 43Б",house
4065057619,"Торговая площадь, 35 м²",52500,52 500 ₽ в месяц,₽,₽/мес.,35,"Ул. Юлиуса Фучика, 105А, Дубравная, 16–20 мин.",https://www.avito.ru/kazan/kommercheskaya_nedvizhimost/torgovaya_ploschad_35_m_4065057619,2 недели назад,Светлана,"В торговом центре «Десяточка» сдается торговое помещение общей площадью 35 кв. М., расположенное на первом этаже Здания. Отделка чистовая, все коммуникации заведены. Большой поток покупателей обеспечивают якорные арендаторы магазины «Пятерочка», «Фикспарйз», «Улыбка радуги». Круглосуточная охрана зд",2026-09-29T21:10:35.089Z,55.754993,49.230058,"Россия, Республика Татарстан (Татарстан), Казань, улица Юлиуса Фучика, 105А",house
8327612762,Свободного назначения,20000,20 000 ₽ в месяц,₽,₽/мес.,,"Вахитовский район, Профсоюзная ул., 1, Кремлёвская, до 5 мин.",https://www.avito.ru/kazan/kommercheskaya_nedvizhimost/svobodnogo_naznacheniya_8327612762,7 дней назад,,"Сдаем в аренду место для визажиста, стилиста по волосам, бровиста в студии. В магазине ведется продажа оригинальной парфюмерии на распив, помещение под солярий и 2 места для визажиста/стилиста по волосам. (Стрижка не предусмотрена, только укладка волос). В помещении своих отдельный вход, обустроена ",2026-09-29T21:10:35.089Z,55.794512,49.109154,"Россия, Республика Татарстан (Татарстан), Казань, Вахитовский район, Профсоюзная улица, 1",house
8247379687,Сдам в аренду помещение,85000,85 000 ₽ в месяц,₽,₽/мес.,35,"Дубравная ул., 16, Дубравная, 11–15 мин.",https://www.avito.ru/kazan/kommercheskaya_nedvizhimost/sdam_v_arendu_pomeschenie_8247379687,Вчера,Портал 116,"Арт. 137672628 Сдается помещение 35 м² (Дубравная 16). Бизнес класс. Отдельный вход, потолки 4,3 — 5 м. Адрес: г. Казань, ул. Дубравная 16, Приволжский район. Помещение в черновой отделке, что позволяет адаптировать пространство под любой формат бизнеса. Помещение готово к разделению, предложения ра",2026-09-29T21:10:35.089Z,55.737811,49.205633,"Россия, Республика Татарстан (Татарстан), Казань, Дубравная улица, 16",house
8084185051,"Торговая площадь, 100 м²",1000,1 000 ₽ в месяц,₽,₽/мес.,100,"Советский район, посёлок Дербышки, Советская ул., 22, р-н Советский",https://www.avito.ru/kazan/kommercheskaya_nedvizhimost/torgovaya_ploschad_100_m_8084185051,2 недели назад,,"На первом этаже тц. Рядом рынок, жд станция, заводы, автобусная остановка, дворец культуры.",2026-09-29T21:10:35.089Z,55.871546,49.224318,"Россия, Республика Татарстан (Татарстан), Казань, Советский район, посёлок Дербышки, Советская улица, 22",house
8309083579,"Свободного назначения, 40.4 м²",65000,65 000 ₽ в месяц,₽,₽/мес.,40.4,"Ул. Восстания, 46, Яшьлек, 6–10 мин.",https://www.avito.ru/kazan/kommercheskaya_nedvizhimost/svobodnogo_naznacheniya_40.4_m_8309083579,7 дней назад,,"Сдаётся коммерческое помещение 40,4 м² на первой линии по адресу: г. Казань, ул. Восстания, д. 46. Помещение расположено на 1 этаже жилого дома, имеет отдельный вход с улицы и витринные окна. Хороший пешеходный и автомобильный трафик, рядом остановка общественного транспорта. В этом же здании работа",2026-09-29T21:10:35.089Z,55.833723,49.077928,"Россия, Республика Татарстан (Татарстан), Казань, улица Восстания, 46",house
4784056580,"Свободного назначения, 12 м²",17650,17 650 ₽ в месяц с НДС,₽,₽/мес.,12,"Ул. Космонавтов, 51, р-н Советский",https://www.avito.ru/kazan/kommercheskaya_nedvizhimost/svobodnogo_naznacheniya_12_m_4784056580,3 недели назад,ИП Гараев Булат Маратович,"От собственника! Без комиссии! Сдается помещение 12 кв м. Отлично подойдет как под Склад, так и под Офис. Теплое, светлое помещение с хорошим ремонтом. Цена за 1 кв. М 1 470 рублей. За все помещение 17 650 руб. В месяц. Характеристики: - 1 линия. - Отдельная входная группа. - Круглосуточный доступ. ",2026-09-29T21:10:35.089Z,55.797701,49.193524,"Россия, Республика Татарстан (Татарстан), Казань, улица Космонавтов, 51",house
8244016571,Аренда в хорошей локации ЖК Весна,47000,47 000 ₽ в месяц,₽,₽/мес.,,"Ул. Азата Аббасова, 3, р-н Советский",https://www.avito.ru/kazan/kommercheskaya_nedvizhimost/arenda_v_horoshey_lokatsii_zhk_vesna_8244016571,2 недели назад,Инде,"Сдаётся В Аренду стильная, светлая и уютная студия красоты, с комфортными полностью оборудованными рабочими местами для колориста, стилиста по волосам, визажиста и мастера маникюра. Коммунальные услуги включены. В отличной локацией и большим трафиком клиентов в крупном и развитом ЖК Весна. Студия им",2026-09-29T21:10:35.089Z,55.794295,49.247261,"Россия, Республика Татарстан (Татарстан), Казань, улица Азата Аббасова, 3",house
7820112015,Свободного назначения,29500,29 500 ₽ в месяц,₽,₽/мес.,25,"Пр-т Ямашева, 102А, р-н Ново-Савиновский",https://www.avito.ru/kazan/kommercheskaya_nedvizhimost/svobodnogo_naznacheniya_7820112015,1 неделю назад,,"Сдается в аренду светлый кабинет (25 м²) для бьюти-мастеров. Идеально подойдет для косметолога-эстетиста, лэшмейкера, мастера массажа лица, татуажа и других специалистов. Стоимость: 29 500 рублей в месяц. 2/2 — 15 500р. Преимущества для вас и ваших клиентов: Отличная локация: удобная транспортная ра",2026-09-29T21:10:35.089Z,55.828217,49.155489,"Россия, Республика Татарстан (Татарстан), Казань, проспект Ямашева, 102А",house
4811910059,Офисное Здание 686 м² в Аренду,350,350 ₽ в месяц за м²,₽,₽/мес. за м²,686,"Ноксинская ул., 50, р-н Советский",https://www.avito.ru/kazan/kommercheskaya_nedvizhimost/ofisnoe_zdanie_686_m_v_arendu_4811910059,2 недели назад,Адель Ирекович,"В аренду напрямую от Собственника. Отдельно стоящее трехэтажное офисное здание площадью 686 кв. М. В районе нового жилого комплекса Лето. На каждом этаже оборудованы санузлы 2шт, так же есть комната приема пищи с мини кухней. Каждый этаж нарезан на кабинеты гипсокартонными перегородками, есть возмож",2026-09-29T21:10:35.089Z,55.806899,49.236203,"Россия, Республика Татарстан (Татарстан), Казань, Советский район, жилой массив Константиновка, Ноксинская улица, 50",house
8212114645,"Свободного назначения, 30 м²",1800,1 800 ₽ в месяц,₽,₽/мес.,30,"Даурская ул., 40, Аметьево, 6–10 мин.",https://www.avito.ru/kazan/kommercheskaya_nedvizhimost/svobodnogo_naznacheniya_30_m_8212114645,2 недели назад,,"Сдаю (долгосрочно) торгово-офисное помещение 30 кв. М. На первом этаже жилого дома по ул. Даурская, д. 40. Общая площадь — 30 кв. М., саузел. Размеры помещения (примерно) — 3 м. Х 10 м. Качественный ремонт. Отделка: стены — краска, пол — керамогранит, потолок — армстронг. Оконный проем — решетка, дв",2026-09-29T21:10:35.089Z,55.764521,49.176294,"Россия, Республика Татарстан (Татарстан), Казань, Даурская улица, 40",house
8211056831,"Торговая площадь, 15 м²",800,800 ₽ в месяц за м²,₽,₽/мес. за м²,15,"Д. Куюки, Олимпийская ул., 5",https://www.avito.ru/kazan/kommercheskaya_nedvizhimost/torgovaya_ploschad_15_m_8211056831,7 дней назад,Лилия,"Коммерческие помещения в центре активного покупательского трафика! Сдаются помещения свободного назначения в д. Куюки, идеально подходящие для открытия магазина, пункта выдачи заказов, кофейни, салона услуг, офиса продаж и других видов бизнеса. Адрес: д. Куюки, ул. Олимпийская, 5, 8. Всего 3 минуты ",2026-09-29T21:10:35.089Z,55.721407,49.3304,"Россия, Республика Татарстан (Татарстан), Пестречинский район, Богородское сельское поселение, деревня Куюки, Олимпийская улица, 5",house
7845288603,"Склад, 180 м²",220,220 ₽ в месяц за м²,₽,₽/мес. за м²,180,"1-я Вольская ул., 32к1, р-н Советский",https://www.avito.ru/kazan/kommercheskaya_nedvizhimost/sklad_180_m_7845288603,1 неделю назад,Денис Смирнов,"Складское/производственное помещение ангарного типа в Советском районе | От собственника | Без комиссий. Арендная ставка: 220 руб. /м² в месяц (оплата наличными или безнал). Площадь: Уточняется (ангар свободной планировки). Местоположение: Р-н Компрессорного, охраняемая территория. Ключевые преимуще",2026-09-29T21:10:35.089Z,55.844207,49.191628,"Россия, Республика Татарстан (Татарстан), Казань, 1-я Вольская улица, 32к1",house
7206887976,Кабинет в аренду с администратором,20000,20 000 ₽ в месяц с НДС,₽,₽/мес.,,"Ул. Горького, 6, Площадь Тукая, 6–10 мин.",https://www.avito.ru/kazan/kommercheskaya_nedvizhimost/kabinet_v_arendu_s_administratorom_7206887976,7 дней назад,,"Сдается кабинет в аренду с графиком 1/1 (20000₽)все условия для действительно комфортной работы! Для тех кому важен комфорт и уют! (оценить атмосферу и уют студии можно в соц сетях). Отвечу сразу на самые частые вопросы: парковка своя закрытая под клиентов студии, для вас и ваших клиентов также буде",2026-09-29T21:10:35.089Z,55.794037,49.12756,"Россия, Республика Татарстан (Татарстан), Казань, улица Горького, 6",house
8203813921,"Свободного назначения, 71 м². У входа в метро",115000,115 000 ₽ в месяц,₽,₽/мес.,71,"Ул. Рихарда Зорге, 67, Проспект Победы, до 5 мин.",https://www.avito.ru/kazan/kommercheskaya_nedvizhimost/svobodnogo_naznacheniya_71_m._u_vhoda_v_metro_8203813921,7 дней назад,Фаиль,Сдается супер трафиковое помещение у метро проспект Победы. Самая активная станция. Первая линия. Oтдeльный вxод. Офисная отделка. С/у. Отличные подъездные пути. Высокий пешеxодный и автомoбильный трафик. Pядoм остановка. Единственное помещение в этом доме на 1 первом этаже без ступеней. Большие пан,2026-09-29T21:10:35.089Z,55.749045,49.211912,"Россия, Республика Татарстан (Татарстан), Казань, улица Рихарда Зорге, 67",house
8227767217,"204 Офис с мокрой точкой, кондиционер, парковка, 1",29610,29 610 ₽ в месяц с НДС,₽,₽/мес.,,"2-я Юго-Западная ул., 3А, Козья Слобода, 6–10 мин.",https://www.avito.ru/kazan/kommercheskaya_nedvizhimost/204_ofis_s_mokroy_tochkoy_konditsioner_parkovka_1_8227767217,2 недели назад,АРЕНДАKZN,"Собственник, Без Комиссии! АО Кбо сдаст в аренду офисное помещение возле метро «Козья Слобода» и Энергоуниверситета От собственника | Под магазин, офис, услуги. Казань, ул. 2-ая Юго-западная дом 3, а. Прямая аренда без комиссии от собственника. Удобная парковка/шлагбаум. Удобное расположение, высоки",2026-09-29T21:10:35.089Z,55.817871,49.087145,"Россия, Республика Татарстан (Татарстан), Казань, 2-я Юго-Западная улица, 3А",house
7797786451,"Свободного назначения, 150 м²",1900,1 900 ₽ в месяц за м²,₽,₽/мес. за м²,150,"Чистопольская ул., 61Д, Козья Слобода, 21–30 мин.",https://www.avito.ru/kazan/kommercheskaya_nedvizhimost/svobodnogo_naznacheniya_150_m_7797786451,2 недели назад,,"Сдается стильный офис, с дизайнерским ремонтом, в центре Ново Савиновского района. Остановка перед помещением, рядом кафе, жилые дома. В помещении 7 кабинетов, свой сан. Узел, 2 туалета, кухонный островок. В кабинетах нет Мокрой точки. Общая площадь 150 кв м. Сдается полностью, без разделения.",2026-09-29T21:10:35.089Z,55.819975,49.134927,"Россия, Республика Татарстан (Татарстан), Казань, Чистопольская улица, 61Д",house
7752154234,"Свободного назначения, 120.3 м²",55000,55 000 ₽ в месяц,₽,₽/мес.,120.3,"Ул. Баки Урманче, 9, Проспект Победы, от 31 мин.",https://www.avito.ru/kazan/kommercheskaya_nedvizhimost/svobodnogo_naznacheniya_120.3_m_7752154234,Вчера,,"Уникальное Предложение Для Вашего Бизнеса От Собственника! Помещение с большим пешеходным трафиком. Помещение свободного назначения со светлым чистовым ремонтом, 120.3 кв метра. В помещении много света, также есть окно на улицу. Цокольный этаж с отдельным входом. Развитая инфраструктура и удобная тр",2026-09-29T21:10:35.089Z,55.729965,49.176096,"Россия, Республика Татарстан (Татарстан), Казань, улица Баки Урманче, 9",house
8195193716,"Помещение с отдельным входом, 42 м²",44100,44 100 ₽ в месяц с НДС,₽,₽/мес.,42,"Авиастроительный район, ул. Чапаева, 40, Авиастроительная, 16–20 мин.",https://www.avito.ru/kazan/kommercheskaya_nedvizhimost/pomeschenie_s_otdelnym_vhodom_42_m_8195193716,7 дней назад,АРЕНДАKZN,"Помещение свободного назначения 42 м² | Отдельный вход | Доступ 24/7. Казань, ул. Чапаева, 40. Аренда — 44 100 руб. /мес., Ндс включён. 1 этаж, отдельный вход. Первая линия и парковка. Собственная мокрая точка. Электрическая мощность с возможностью увеличения. Можно разместить вывеску. Прямая аренда",2026-09-29T21:10:35.089Z,55.868859,49.084926,"Россия, Республика Татарстан (Татарстан), Казань, Авиастроительный район, улица Чапаева, 40",house
8479592386,"Свободного назначения, 1 м²",8000,8 000 ₽ в месяц с НДС,₽,₽/мес.,1,"Ул. Рашида Вагапова, 17Б, р-н Советский",https://www.avito.ru/kazan/kommercheskaya_nedvizhimost/svobodnogo_naznacheniya_1_m_8479592386,1 неделю назад,"ООО ""Лента""","Kомпaния «Лeнтa» пpедлaгает раcсмoтрeть apенду тоpговoй плoщaди в Cупepмаркетe «Лeнtа», по aдpeсу: Казань г., Рашида Вагапова ул., д. 17Б. Прeдлaгaемaя площaдь располoжена на первом этaжe; Прикaccoвaя зoна; Oбъeкт удaчно раcпoложeн в oживлeнном районе с хорошей транспортной доступностью; Высокий тра",2026-09-29T21:10:35.089Z,55.783043,49.228459,"Россия, Республика Татарстан (Татарстан), Казань, улица Рашида Вагапова, 17Б",house
8461670737,"Место под Вендинги, рекламные",5000,5 000 ₽ в месяц,₽,₽/мес.,,"Ул. Маршала Чуйкова, 12, Козья Слобода, от 31 мин.",https://www.avito.ru/kazan/kommercheskaya_nedvizhimost/mesto_pod_vendingi_reklamnye_8461670737,2 недели назад,Алина,"Сдается место под вендинговые аппараты, типа, рекламные аппараты итд. Расположение на улице возле здания, имеется трафик людей, вблизи автобусной остановки и прогулочных зон. От 5тр.",2026-09-29T21:10:35.089Z,55.835286,49.121613,"Россия, Республика Татарстан (Татарстан), Казань, улица Маршала Чуйкова, 12",house
7844586317,"Свободного назначения, 50 м²",50000,50 000 ₽ в месяц с НДС,₽,₽/мес.,50,"Ул. Максимова, 1, Авиастроительная, 11–15 мин.",https://www.avito.ru/kazan/kommercheskaya_nedvizhimost/svobodnogo_naznacheniya_50_m_7844586317,7 дней назад,,Сдается помещение свободного назначения 50 кв. М 50000.,2026-09-29T21:10:35.089Z,55.859771,49.098069,"Россия, Республика Татарстан (Татарстан), Казань, улица Максимова, 1",house
8242316448,1 линия 1 этаж Центр Казани,72000,72 000 ₽ в месяц,₽,₽/мес.,40,"Ул. Нариманова, 63, Площадь Тукая, 11–15 мин.",https://www.avito.ru/kazan/kommercheskaya_nedvizhimost/1_liniya_1_etazh_tsentr_kazani_8242316448,Вчера,TATNED,"Арт. 143108778 в Центре Казани, недалеко от Старо Татарской слободы, на ул. Нариманова расположился новый ЖК Бизнес класса. Сдаётся часть помещения 40 кв. М. Преимущества помещения: Доступ 24/7, безбарьерная среда. Предчистовая отделка, осталось покрасить стены и постелить пол ( арендные каникулы об",2026-09-29T21:10:35.089Z,55.780902,49.109325,"Россия, Республика Татарстан (Татарстан), Казань, улица Нариманова, 63",house
7257895560,"Помещение свободного назанчения, 19 м²",18000,18 000 ₽ в месяц,₽,₽/мес.,19,"Ул. Маршала Чуйкова, 35Б, Козья Слобода, от 31 мин.",https://www.avito.ru/kazan/kommercheskaya_nedvizhimost/pomeschenie_svobodnogo_nazancheniya_19_m_7257895560,7 дней назад,Жажда Вкуса,"Сдам в аренду под офис помещение без окон с ремонтом. Вытяжка, кондиционер, отопление, интернет имеется. Вход 24/7.",2026-09-29T21:10:37.506Z,55.836383,49.128728,"Россия, Республика Татарстан (Татарстан), Казань, улица Маршала Чуйкова, 35Б",house
3083358338,"Свободного назначения, 25 м²",25000,25 000 ₽ в месяц,₽,₽/мес.,25,"С. Усады, жилой комплекс Южный Парк, Сиреневая ул., 6",https://www.avito.ru/kazan/kommercheskaya_nedvizhimost/svobodnogo_naznacheniya_25_m_3083358338,3 дня назад,Луиза,"Большое, светлое помещение, чистый, свежий ремонт, натяжные потолки, мокрая точка, хорошая проходимость, рядом пункт выдачи озон. Под бизнес или склад. Собственник. 25+ку.",2026-09-29T21:10:37.506Z,55.689755,49.199767,"Россия, Республика Татарстан (Татарстан), Лаишевский район, Столбищенское сельское поселение, село Усады, жилой комплекс Южный Парк, Сиреневая улица, 6",house
8280499785,"Сдам помещение свободного назначения, 185 м²",78000,78 000 ₽ в месяц,₽,₽/мес.,185,"Ул. Дмитрия Менделеева, 23, Дубравная, от 31 мин.",https://www.avito.ru/kazan/kommercheskaya_nedvizhimost/sdam_pomeschenie_svobodnogo_naznacheniya_185_m_8280499785,2 недели назад,АрендОК Недвижимость,"Коммерческое помещение в аренду. Предлагается просторное и светлое коммерческое помещение, идеально подходящее для вашего бизнеса. В помещении есть все необходимые коммуникации, свободная планировка и удобный вход. Расположено в выгодном районе с высокой проходимостью, рядом с транспортной развязкой",2026-09-29T21:10:37.506Z,55.760935,49.248114,"Россия, Республика Татарстан (Татарстан), Казань, улица Дмитрия Менделеева, 23",house
8511171012,Свободного назначения,30000,30 000 ₽ в месяц,₽,₽/мес.,,"Ул. Адоратского, 8Б, р-н Ново-Савиновский",https://www.avito.ru/kazan/kommercheskaya_nedvizhimost/svobodnogo_naznacheniya_8511171012,Вчера,,"Аренда кабинета. В Hовo-Caвинoвcком районе c большой бeсплатнoй пapковкойи развитой инфраcтpуктурoй. Подойдeт для помогaющиx спeциaлистов. - пcиxологов взpоcлыx и детcкиx, лoгoпеда, рaзвивaющиx зaнятий с дeтьми, индивидуальныx и групповых кoнcультаций, переговоров и камерных встреч; - массажистов, т",2026-09-29T21:10:37.506Z,55.829997,49.149497,"Россия, Республика Татарстан (Татарстан), Казань, улица Адоратского, 8Б",house
7828345519,"Юридический адрес, ИФНС №5",60000,60 000 ₽ в месяц,₽,₽/мес.,,"Петербургская ул., 25В, Площадь Тукая, до 5 мин.",https://www.avito.ru/kazan/kommercheskaya_nedvizhimost/yuridicheskiy_adres_ifns_5_7828345519,7 дней назад,,Сдается в аренду помещение. Ку оплачивается отдельно.,2026-09-29T21:10:37.506Z,55.784678,49.128531,"Россия, Республика Татарстан (Татарстан), Казань, Петербургская улица, 25В",house
8406495702,"Офис, 98 м²",98000,98 000 ₽ в месяц с НДС,₽,₽/мес.,98,"Ул. Алексея Козина, 8, Козья Слобода, от 31 мин.",https://www.avito.ru/kazan/kommercheskaya_nedvizhimost/ofis_98_m_8406495702,7 дней назад,,"Просторный офис 98 кв. М расположенный на комфортном 4 этаже. Состоит из двух помещений формата опен спейс с ремонтом в стиле лофт. Имеется мокрая точка, и доступ в интернет. Возможно поделить на два отдельных офиса 48кв. М. И 50кв. М. Из каждой комнаты открывается панорамный вид на р. Казанка. При ",2026-09-29T21:10:37.506Z,55.813415,49.141161,"Россия, Республика Татарстан (Татарстан), Казань, улица Алексея Козина, 8",house
7880184740,"Офис, 104 м²",1200,1 200 ₽ в месяц за м² с НДС,₽,₽/мес. за м²,104,"Ул. Баки Урманче, 7, Проспект Победы, от 31 мин.",https://www.avito.ru/kazan/kommercheskaya_nedvizhimost/ofis_104_m_7880184740,2 недели назад,РСИ,"Сдается помещение в аренду комната + санузел, ремонт, коммунальные услуги оплачиваются отдельно пропорционально занимаемой площади.",2026-09-29T21:10:37.506Z,55.731115,49.175342,"Россия, Республика Татарстан (Татарстан), Казань, улица Баки Урманче, 7",house
2615962561,"Офис, 24 м²",19200,19 200 ₽ в месяц,₽,₽/мес.,24,"Ул. Родины, 7к7, Горки, 21–30 мин.",https://www.avito.ru/kazan/kommercheskaya_nedvizhimost/ofis_24_m_2615962561,7 дней назад,Барси,Помещение на 1 первом этаже подходит под офис офис-склад офис- магазин.,2026-09-29T21:10:37.506Z,55.770709,49.197234,"Россия, Республика Татарстан (Татарстан), Казань, улица Родины, 7к7",house
8346215193,"Торговый павильон ул.Губкина,116",65000,65 000 ₽ в месяц,₽,₽/мес.,,"Ул. Академика Губкина, 116с2, р-н Советский",https://www.avito.ru/kazan/kommercheskaya_nedvizhimost/torgovyy_pavilon_ul.gubkina116_8346215193,7 дней назад,,"Сдаются в аренду торговые павильоны. Адрес: Губкина 116. Коммуникации: свет, вода. Рядом: магазин пятерочка, автосервис, пекарня, аптека, магнит косметик, Вейп. Рядом много частных домов, большой автомобильный трафик. Отличный вариант под: Овощи-фрукты, шаурма, тандыр, кондитерские изделия, сыры-кол",2026-09-29T21:10:37.506Z,55.810739,49.204878,"Россия, Республика Татарстан (Татарстан), Казань, улица Академика Губкина, 116с2",house
8203587580,"Офис, 10 м²",9000,9 000 ₽ в месяц,₽,₽/мес.,10,"Ул. Юлиуса Фучика, 99А, Дубравная, 16–20 мин.",https://www.avito.ru/kazan/kommercheskaya_nedvizhimost/ofis_10_m_8203587580,1 неделю назад,,"Сдам офис 10 м2, на цокольном этаже в офисном блоке жилого дома. Состоит из двух комнат: офис 6м2 + 4м2 комната сбоку. Металлическая входная дверь. Интернет безлимитный, вайфай, отличный прием сотовых операторов, санузел на первом этаже. Круглосуточный доступ 24/7. Охраняемая территория, уличное вид",2026-09-29T21:10:37.506Z,55.754183,49.229771,"Россия, Республика Татарстан (Татарстан), Казань, улица Юлиуса Фучика, 99А",house
1382582016,Юридический адрес,5720,5 720 ₽ в месяц,₽,₽/мес.,,"Ул. Габдуллы Тукая, 91, Площадь Тукая, 16–20 мин.",https://www.avito.ru/kazan/kommercheskaya_nedvizhimost/yuridicheskiy_adres_1382582016,7 дней назад,Loft Offices,Предлагаем аренду юридический адрес напрямую от собственника в Казани. Почему стоит выбрать нас: 20+ лет успешной работы на рынке коммерческой недвижимости; гарантированная успешная регистрация с первой попытки; все помещения внесены в Государственный адресный реестр (Гар); комфортабельные офисные п,2026-09-29T21:10:37.506Z,55.774431,49.120086,"Россия, Республика Татарстан (Татарстан), Казань, улица Габдуллы Тукая, 91",house
8326544040,"Склад, 157 м²",300,300 ₽ в месяц за м²,₽,₽/мес. за м²,157,"Пр-т Ямашева, 36к1, Козья Слобода, 16–20 мин.",https://www.avito.ru/kazan/kommercheskaya_nedvizhimost/sklad_157_m_8326544040,Вчера,,"Сдам складское помещение 157 кВ. М. Без отделки, теплое отапливаемое помещение. Входная группа ( разгрузка-погрузка товара) со стороны Ямашева. Большая парковка. Помещение находится в подвале Бизнес-центра Паравитта. Внимание! Крупногабаритные вещи проносить сложно, так как лестница с 1 этажа в подв",2026-09-29T21:10:37.506Z,55.827848,49.102731,"Россия, Республика Татарстан (Татарстан), Казань, проспект Ямашева, 36к1",house
8365272942,"ПСН с панорамным остеклением, отд.вход, 25 кв.м",20000,20 000 ₽ в месяц,₽,₽/мес.,25,"Кировский район, Светлая ул., 24К1, Яшьлек, от 31 мин.",https://www.avito.ru/kazan/kommercheskaya_nedvizhimost/psn_s_panoramnym_ostekleniem_otd.vhod_25_kv.m_8365272942,Вчера,TARTARIA COMMERCIAL,"Предлагаем в аренду помещение свободного назначения площадью 25 кв. М. Помещение представляет собой торговый павильон (отдельно стоящее здание) с панорамным остеклением. Отдельный вход, помещение разделено перегородкой, пои необходимости ее можно демонтировать. Имеется вывод канализации. Предоставим",2026-09-29T21:10:37.506Z,55.822979,49.045562,"Россия, Республика Татарстан (Татарстан), Казань, Кировский район, Светлая улица, 24К1",house
4350934000,"Свободного назначения, 180 м²",60000,60 000 ₽ в месяц,₽,₽/мес.,180,"Ул. Островского, 15, Площадь Тукая, 6–10 мин.",https://www.avito.ru/kazan/kommercheskaya_nedvizhimost/svobodnogo_naznacheniya_180_m_4350934000,Вчера,,"Отдельно стоящее здание. Категория земель: Земли населенных пунктов. Ври: Объекты бытового обслуживания (код 3.3). Административные офисы (код 4.0 — предпринимательство: размещение. Объектов капитального строительства в целях. Извлечения прибыли на основании торговой, банковской и иной. Предпринимат",2026-09-29T21:10:37.506Z,55.789284,49.114382,"Россия, Республика Татарстан (Татарстан), Казань, улица Островского, 15",house
7284503859,"Офис, 50.5 м²",75000,75 000 ₽ в месяц с НДС,₽,₽/мес.,50.5,"Бойничная ул., 5, Суконная слобода, 6–10 мин.",https://www.avito.ru/kazan/kommercheskaya_nedvizhimost/ofis_50.5_m_7284503859,Вчера,Альгор группа компаний,"Сдаем в аренду очeнь cветлое и уютное помещение с дизaйнерским pемoнтoм со вceми удoбcтвaми, все коммуникации, сантехника новые. 2 большие террасы, с которых открываются шикарные виды. Благоустроенный, охраняемый закрытый двор с детской площадкой и площадкой для парковки автомобилей. Видеонаблюдение",2026-09-29T21:10:37.506Z,55.779687,49.14877,"Россия, Республика Татарстан (Татарстан), Казань, Бойничная улица, 5",house
8293494853,"Свободного назначения, 36 м²",25000,25 000 ₽ в месяц,₽,₽/мес.,36,"Ул. Достоевского, 83, Суконная слобода, 21–30 мин.",https://www.avito.ru/kazan/kommercheskaya_nedvizhimost/svobodnogo_naznacheniya_36_m_8293494853,1 неделю назад,,"Снижение стоимости аренды! Было 36000 р., стало 25000 р. Сдaeтся помeщeниe свободногo назнaчения на первoй линии ул. Достоевского. Плoщадь: 36 кв. М. Этaж: высокий цокольный с полноценными окнами. Локaция c хорошей пешеходной проходимостью. Рядом жилые дома, Озон, остановка, магазин Пятерочка. -Инте",2026-09-29T21:10:37.506Z,55.787442,49.160843,"Россия, Республика Татарстан (Татарстан), Казань, улица Достоевского, 83",house
8375681458,Автосервис,290000,290 000 ₽ в месяц с НДС,₽,₽/мес.,380,"Ул. Заря, 7Ак1, р-н Советский",https://www.avito.ru/kazan/kommercheskaya_nedvizhimost/avtoservis_8375681458,1 неделю назад,Zarya,"Сдается помещение 380 кв. М под автосервис (кузовной ремонт). Оснащение: малярная камера, стапель, компрессор, два подъемника, вертолеты для покраски кузовных деталей, инфракрасная лампа для сушки, пылесос, профессиональная мойка. Планировка (по отсекам): · Подготовительный пост. · Малярная камера. ",2026-09-29T21:10:37.506Z,55.805285,49.179204,"Россия, Республика Татарстан (Татарстан), Казань, улица Заря, 7Ак1",house
8426677068,"Свободного назначения, 36 м²",36000,36 000 ₽ в месяц с НДС,₽,₽/мес.,36,"Ул. Серова, 35, Яшьлек, 11–15 мин.",https://www.avito.ru/kazan/kommercheskaya_nedvizhimost/svobodnogo_naznacheniya_36_m_8426677068,Вчера,,"Помещение с доступом 24/7 с общим входом с улицы с магазином «фикс прайс». Имеется место для вывески со стороны ул. Серова. На этаже имеется санузел, при необходимости подведем «мокрую точку» в помещение.",2026-09-29T21:10:37.506Z,55.826114,49.068721,"Россия, Республика Татарстан (Татарстан), Казань, улица Серова, 35",house
8416694153,"Офис, 80 м²",85000,85 000 ₽ в месяц,₽,₽/мес.,80,"Ул. Дзержинского, 3А, Кремлёвская, 6–10 мин.",https://www.avito.ru/kazan/kommercheskaya_nedvizhimost/ofis_80_m_8416694153,7 дней назад,Deluxe Group,Сдается офис в котором можно и жить и работать все помещение полностью оборудовано. Хороший быстрый интернет который входит в стоимость. Закрытая хорошо охраняемая территория. Рядом с помещением есть свое патио где можно курить. ( обязательно посмотрите видео). Приемущества Офисного Пощения: 1. Свои,2026-09-29T21:10:37.506Z,55.796253,49.11325,"Россия, Республика Татарстан (Татарстан), Казань, улица Дзержинского, 3А",house
7516051446,"Склад в аренду,складские и производственные помеще",400,400 ₽ в месяц за м²,₽,₽/мес. за м²,2000,"Квартал 301, 571с4",https://www.avito.ru/kazan/kommercheskaya_nedvizhimost/sklad_v_arenduskladskie_i_proizvodstvennye_pomesche_7516051446,1 неделю назад,"""Первая линия/удобный заезд/охраняемая территория ""","Тёплые и холодные склады/производственные помещения/мини-цеха/от50до2000м²разной планировки. Все основные коммуникации и эксплуатационные расходы уже включены в стоимость аренды — без дополнительных платежей за обслуживание территории. Предлагаю в аренду помещения на благоустроенной, огороженной и о",2026-09-29T21:10:37.506Z,55.594413,49.351492,"Россия, Республика Татарстан (Татарстан), Лаишевский район, Кирбинское сельское поселение, квартал 301, 571с4",house
8419184084,Офис 160 м²,935,935 ₽ в месяц за м²,₽,₽/мес. за м²,160,"Ул. Муштари, 12А, Площадь Тукая, 11–15 мин.",https://www.avito.ru/kazan/kommercheskaya_nedvizhimost/ofis_160_m_8419184084,7 дней назад,ВАВИЛОН ГРУПП,"Презентабельный офис в центре 160м². Объект: Элитное офисное помещение в историческом центре. Адрес: ул. Муштари (сердце города). Состояние: Чистовая отделка / Заезжай и работай. Атмосфера И Локация. «Шикарное место с историей». Ул. Муштари — это не просто адрес, это статус. Находиться здесь — значи",2026-09-29T21:10:37.506Z,55.79014,49.136633,"Россия, Республика Татарстан (Татарстан), Казань, улица Муштари, 12А",house
8120738639,Офис,1500,1 500 ₽ в месяц,₽,₽/мес.,,"Ул. Гладилова, 54, Яшьлек, 21–30 мин.",https://www.avito.ru/kazan/kommercheskaya_nedvizhimost/ofis_8120738639,1 неделю назад,,"Сдается помещение свободной планировки в новом офисном центре, свежий ремонт, имеется парковочное место, долгосрочная аренда.",2026-09-29T21:10:37.506Z,55.811993,49.066565,"Россия, Республика Татарстан (Татарстан), Казань, улица Гладилова, 54",house
8066880475,Сдаю помещение рядом с метро,40000,40 000 ₽ в месяц,₽,₽/мес.,83,"Пр-т Ямашева, 4, Яшьлек, до 5 мин.",https://www.avito.ru/kazan/kommercheskaya_nedvizhimost/sdayu_pomeschenie_ryadom_s_metro_8066880475,3 дня назад,"Бюро Правовых Услуг ""Недвижимость и Закон""",Номер объекта: 803803. Помещение в Супер Проходной Локации! Сдаю коммерческое помещение в Московском районе на Ямашева 4 общей площадью 83 кв. М. Помещение находится на цокольном этаже со своим отдельным входом. Преимущества: Близость метро Яшьлек. Остановка в 20 метрах. Большой трафик. Помещение с ,2026-09-29T21:10:37.506Z,55.825699,49.08719,"Россия, Республика Татарстан (Татарстан), Казань, проспект Ямашева, 4",house
8124701465,"Офис, 21 м²",20000,20 000 ₽ в месяц с НДС,₽,₽/мес.,21,"Ул. Липатова, 7, р-н Советский",https://www.avito.ru/kazan/kommercheskaya_nedvizhimost/ofis_21_m_8124701465,7 дней назад,Альбина,"Офис в здании Кбо на Липатова дом 7, это территория рынка, конечная остановка автобусов, ж/д станция. Есть офис поменьше, оплатой поменьше. Есть офис с мокрой точкой. Ориентир-. Дербышки, Мира, главная.",2026-09-29T21:10:37.506Z,55.871082,49.222467,"Россия, Республика Татарстан (Татарстан), Казань, улица Липатова, 7",house
7662703306,"Офис, 42 м²",800,800 ₽ в месяц за м² с НДС,₽,₽/мес. за м²,42,"Ул. Журналистов, 54, р-н Советский",https://www.avito.ru/kazan/kommercheskaya_nedvizhimost/ofis_42_m_7662703306,Вчера,ildar,"Офисное помещение 42м, состоит из двух комнат и санузла. Коммуналка включена кроме эл/энергии. Парковка в шаговой доступности.",2026-09-29T21:10:37.506Z,55.82221,49.195392,"Россия, Республика Татарстан (Татарстан), Казань, улица Журналистов, 54",house
8168111791,Офис с парковкой с НДС,65000,65 000 ₽ в месяц с НДС,₽,₽/мес.,34.7,"Ул. Красной Позиции, 2с1, Суконная слобода, 21–30 мин.",https://www.avito.ru/kazan/kommercheskaya_nedvizhimost/ofis_s_parkovkoy_s_nds_8168111791,7 дней назад,ReАгентство,"Цена указана с полным Ндс. Офис в Бизнес Центре «Красная Позиция» с чистовой отделкой, находящийся на трафике на первой линии по адресу: ул. Красной Позиции, 2с1. Площадь офиса 34,7 кв. М. (1 кабинет). Рядом остановка транспорта в пешей доступности. В помещении: — Вентиляция и кондиционер в каждом к",2026-09-29T21:10:37.506Z,55.791946,49.166583,"Россия, Республика Татарстан (Татарстан), Казань, улица Красной Позиции, 2",house
8189730525,"14 м2. Мавлютова 7,первая линия",1800,1 800 ₽ в месяц за м²,₽,₽/мес. за м²,,"Ул. Братьев Касимовых, 22/7, Горки, 6–10 мин.",https://www.avito.ru/kazan/kommercheskaya_nedvizhimost/14_m2._mavlyutova_7pervaya_liniya_8189730525,Вчера,"""САМАРТ НЕДВИЖИМОСТЬ""","— Прямая сдача в аренду от собственника — без комиссии! 10м;12м;13,7м;25м. — Парковка на территории. - Потолки 3.8 м. Два сан. Узла. Помещение с отдельным кадастровым номером. Мокрая точка, вентиляция и кондиционеры в помещениях и в коридоре. Высокие потолки. Стильный современный ремонт. Просторные ",2026-09-29T21:10:37.506Z,55.756143,49.190487,"Россия, Республика Татарстан (Татарстан), Казань, улица Братьев Касимовых, 22/7",house
8367051459,Свободного назначения 80кв.м,64000,64 000 ₽ в месяц,₽,₽/мес.,79.82,"Ул. Урицкого, 1, Козья Слобода, от 31 мин.",https://www.avito.ru/kazan/kommercheskaya_nedvizhimost/svobodnogo_naznacheniya_80kv.m_8367051459,Вчера,,"Сдаётся коммерческое помещение 79,82 кв. М, расположенное на первом этаже современного жилого комплекса «Адмирал» (дом сдан, ключи получены в декабре 2025года). Хорошая видимость и стабильный пешеходный трафик — помещение выходит в сторону жилого комплекса «Статум». ЖК Статум два дома уже сданы. В о",2026-09-29T21:10:37.506Z,55.802998,49.057294,"Россия, Республика Татарстан (Татарстан), Казань, улица Урицкого, 1",house
8294309402,"Аренда кабинетов на Беломорской,69Ак1",600,600 ₽ в месяц за м²,₽,₽/мес. за м²,10,"Беломорская ул., 69Ак1, Авиастроительная, от 31 мин.",https://www.avito.ru/kazan/kommercheskaya_nedvizhimost/arenda_kabinetov_na_belomorskoy69ak1_8294309402,1 сентября 14:07,МеГаРус-М,"Сдается помещение на ул. Беломорская, 69Ак1 со следующими характеристиками: - Второй этаж; - Площадь помещения: от 10 кв. М. ; - Чистый ремонт внутри помещения; - Качественный ремонт фасада и входной группы (не требует вложений); - Доступ 24/7; - Все коммуникации; - Мокрая точка в помещении. Террито",2026-09-29T21:10:37.506Z,55.865657,49.029285,"Россия, Республика Татарстан (Татарстан), Казань, Беломорская улица, 69Ак1",house
4804104396,"Офис, 37.3 м²",55950,55 950 ₽ в месяц с НДС,₽,₽/мес.,37.3,"Ул. Рихарда Зорге, 66Б, Проспект Победы, до 5 мин.",https://www.avito.ru/kazan/kommercheskaya_nedvizhimost/ofis_37.3_m_4804104396,7 дней назад,"Отель ""Олимп""","Сдаем помещение под офис/кабинет красоты/косметологических услуг. Помещение: 37,3 кв. М. — 55 950 руб. /мес. (1500 руб. /кв. М.) + обеспечительный платеж. В стоимость включен Ндс 22%. Помещение расположено на 13 этаже. Особенности помещения: внутри есть балкон, санузел на этаже. В стоимость аренды в",2026-09-29T21:10:37.506Z,55.747672,49.209927,"Россия, Республика Татарстан (Татарстан), Казань, улица Рихарда Зорге, 66Б",house
7923636657,Аренда помещения свободного назначения 67 квадрато,50000,50 000 ₽ в месяц,₽,₽/мес.,,"Ул. Мидхата Булатова, 5, Проспект Победы, от 31 мин.",https://www.avito.ru/kazan/kommercheskaya_nedvizhimost/arenda_pomescheniya_svobodnogo_naznacheniya_67_kvadrato_7923636657,7 дней назад,,"Сдается помещение в густонаселенном ЖК «Солнечный город» в аренду на цокольном этаже 67 квадратов. В помещении два входа. Имеется свой санузел. Офис новый, вы будете первыми арендаторами. Теплое сухое помещение! Ни сырости, ни проблем с отоплением и канализацией. Помещение находится под охраной. Ряд",2026-09-29T21:10:37.506Z,55.732002,49.169404,"Россия, Республика Татарстан (Татарстан), Казань, улица Мидхата Булатова, 5",house
8227132468,313 офис с парковкой и кондиционером 23.3 м²,36698,36 698 ₽ в месяц с НДС,₽,₽/мес.,23.3,"Ул. Габдуллы Тукая, 23, Площадь Тукая, 11–15 мин.",https://www.avito.ru/kazan/kommercheskaya_nedvizhimost/313_ofis_s_parkovkoy_i_konditsionerom_23.3_m_8227132468,2 недели назад,АРЕНДАKZN,"Офисное помещение 23,3 м2|. Первая линия. Казань, ул. Габдуллы Тукая, зд. 23. Аренда — 36 698 руб. /мес., Ндс включен. Ремонт. Наземная, подземная парковки. Прямая аренда от собственника, без комиссии. Сдается офисное помещение площадью 23,3 м2, расположенное на 3 этаже здания на первой линии. Харак",2026-09-29T21:10:37.506Z,55.782618,49.111058,"Россия, Республика Татарстан (Татарстан), Казань, улица Габдуллы Тукая, 23",house
8479990222,Офисы от собственника от 14.4 м²,17280,17 280 ₽ в месяц с НДС,₽,₽/мес.,14.4,"Ул. Журналистов, 34И, р-н Советский",https://www.avito.ru/kazan/kommercheskaya_nedvizhimost/ofisy_ot_sobstvennika_ot_14.4_m_8479990222,8 часов назад,Армада,"Уютные офисы от 14,4 до 16,8 м² в БЦ «Армада» на первой линии. Прекрасное место для комфортной работы. Помещения сдаются после качественного косметического ремонта. Аренда напрямую от собственника. Никаких комиссий и переплат агентам. Готовый юридический адрес. Быстрая регистрация ООО и ИП без лишни",2026-09-29T21:10:37.506Z,55.815489,49.188017,"Россия, Республика Татарстан (Татарстан), Казань, улица Журналистов, 34И",house
8363756762,"Склад, 154 м²",600,600 ₽ в месяц за м²,₽,₽/мес. за м²,154,"Тэцевская ул., 187, Авиастроительная, от 31 мин.",https://www.avito.ru/kazan/kommercheskaya_nedvizhimost/sklad_154_m_8363756762,16 часов назад,,"Предложение от собственника!   Предлагаем производственно-складскике помещения 154кв м; 290 кв. М. Склады теплые, чистые, стены и потолок оштукатуренные и окрашены в светлый цвет. Размеры хорошие, прямоугольные.    -круглосуточно охраняемая база; - асфальт до склада, чистится ежедневно;  - доступ 24",2026-09-29T21:10:37.506Z,55.853304,49.023275,"Россия, Республика Татарстан (Татарстан), Казань, Тэцевская улица, 187",house
7981342569,"Офис, 14 м²",32000,32 000 ₽ в месяц,₽,₽/мес.,14,"Ул. Дзержинского, 6Б, Кремлёвская, 6–10 мин.",https://www.avito.ru/kazan/kommercheskaya_nedvizhimost/ofis_14_m_7981342569,7 дней назад,Строим Будущее,"Сдается на длительный срок помещение! Лучшая локация города! Помещение свободно, показ по договоренности! Есть мокрая точка. Первый этаж, вход через подъезд. Доступ круглосуточный, охраняемая территория, видеонаблюдение, консьерж. Туалет на этаже. 32+ку, залог 32 тыс!",2026-09-29T21:10:37.506Z,55.795828,49.113529,"Россия, Республика Татарстан (Татарстан), Казань, улица Дзержинского, 6Б",house
8493123758,"Торговая площадь, 333 м²",350000,350 000 ₽ в месяц с НДС,₽,₽/мес.,333,"Университетская ул., 22, Площадь Тукая, до 5 мин.",https://www.avito.ru/kazan/kommercheskaya_nedvizhimost/torgovaya_ploschad_333_m_8493123758,7 дней назад,МИД групп,"Цокольный этаж бизнес центра, помещение подходит для организации общепита, офиса, торговли. Рассматриваем любые варианты использования. Исторический центр города, огромный поток студентов и туристов.",2026-09-29T21:10:37.506Z,55.79017,49.123608,"Россия, Республика Татарстан (Татарстан), Казань, Университетская улица, 22",house
8512976010,Офис,35000,35 000 ₽ в месяц,₽,₽/мес.,28.4,"Дубравная ул., 11А, Дубравная, до 5 мин.",https://www.avito.ru/kazan/kommercheskaya_nedvizhimost/ofis_8512976010,16 часов назад,Новая Недвижимость,"Сдам в аренду светлое и просторное помещение расположенное по адресу г. Казань, ул. Дубравная, д. 11А. Помещение готово к заезду! Характеристики: 1 этаж. Площадь: 28,4 кв. М. Два больших окна. Круглосуточный доступ. Свободная парковка прямо перед домом. Есть возможность оборудовать мокрую точку. Пеш",2026-09-29T21:10:37.506Z,55.74107,49.218155,"Россия, Республика Татарстан (Татарстан), Казань, Дубравная улица, 11А",house
8202227858,"Сдам помещение свободного назначения, 49.9 м²",90000,90 000 ₽ в месяц,₽,₽/мес.,49.9,"Ул. Анаса Тазетдинова, 1к10, р-н Советский",https://www.avito.ru/kazan/kommercheskaya_nedvizhimost/sdam_pomeschenie_svobodnogo_naznacheniya_49.9_m_8202227858,7 дней назад,Альтера: Коммерческая недвижимость,"Арт. 134821921 Лучшее помещение в этой локации. Мимо пройти просто невозможно. И вот почему: это перекресток всех дорог, большой автомобильный и пешеходный трафик жителей нескольких ЖК: Светлая Долина, Лето, Грин и Нокса Парк, а также к теннисному корту Лайм и Лицей 123. Сдается в аренду нежилое пом",2026-09-29T21:10:37.506Z,55.806955,49.22607,"Россия, Республика Татарстан (Татарстан), Казань, улица Анаса Тазетдинова, 1к10",house
8481342275,"Торговая площадь, 1500 м²",850,850 ₽ в месяц за м²,₽,₽/мес. за м²,1500,"С. Каймары, Придорожная ул., 17",https://www.avito.ru/kazan/kommercheskaya_nedvizhimost/torgovaya_ploschad_1500_m_8481342275,1 неделю назад,Строительная компания Стройдом,Здание 1500 кв. М. Первая линия.,2026-09-29T21:10:37.506Z,55.963571,49.185663,"Россия, Республика Татарстан (Татарстан), Высокогорский район, Чернышевское сельское поселение, село Каймары, Придорожная улица, 17",house
8304194133,"Свободного назначения, 40 м²",2000,2 000 ₽ в месяц за м²,₽,₽/мес. за м²,40,"Даурская ул., 42А, Горки, 6–10 мин.",https://www.avito.ru/kazan/kommercheskaya_nedvizhimost/svobodnogo_naznacheniya_40_m_8304194133,1 неделю назад,,"Сдается помещения на 1 линии с витражными окнами 40 КВ. М.! Высокий пешеходный и автомобильный трафик. Рядом торговый центр Горки Парк, метро Горки. -Пеpвaя линия; -Первый этаж; -Отдeльный вход; -Мecто пoд вывecку; Идеальное место для вашего бизнеса. Для просмотра помещения, звоните и пишите.",2026-09-29T21:10:40.074Z,55.76602,49.181846,"Россия, Республика Татарстан (Татарстан), Казань, Даурская улица, 42А",house
8318898093,"Торговая площадь, 23 м²",27600,27 600 ₽ в месяц,₽,₽/мес.,23,"Ул. Маршала Чуйкова, 4, Яшьлек, 16–20 мин.",https://www.avito.ru/kazan/kommercheskaya_nedvizhimost/torgovaya_ploschad_23_m_8318898093,7 дней назад,"АО ""Казанский завод медицинской аппаратуры""","Тopгoвый центр по адресу г. Кaзань, ул. Mаршaлa Чуйкoвa, д.4 пpeдлагaeт в apeнду помещение свобoдного нaзначeния плoщaдью 25 кв. М. На втoром этажe возле магазина «Фикс Прайс». Здaние нaxoдится на пеpвой линии. Нa пеpвом этаже pacполoжeны слeдующиe аpeндаторы, кoторые oбeспeчивaют высокий трафик: пр",2026-09-29T21:10:40.074Z,55.835629,49.104123,"Россия, Республика Татарстан (Татарстан), Казань, улица Маршала Чуйкова, 4",house
3100689409,"Офис с парковкой, 30.1 м²",1400,1 400 ₽ в месяц за м²,₽,₽/мес. за м²,30.1,"Ул. Габдуллы Тукая, 3, Площадь Тукая, 11–15 мин.",https://www.avito.ru/kazan/kommercheskaya_nedvizhimost/ofis_s_parkovkoy_30.1_m_3100689409,7 дней назад,АА,"Сдам помещение под офис на втором этаже в центре города. Своя большая бесплатная парковка. Охрана, камеры. Собственник. КУ включены, без залога, без дополнительных платежей. В помещении кондиционер, окна выходят на улицу. Сдам помещение 20 кв. М., на цокольном этаже. Зимой тепло, летом прохладно, су",2026-09-29T21:10:40.074Z,55.785291,49.108471,"Россия, Республика Татарстан (Татарстан), Казань, улица Габдуллы Тукая, 3",house
8447360186,Офис,59000,59 000 ₽ в месяц,₽,₽/мес.,,"Ул. Бутлерова, 31, Площадь Тукая, 6–10 мин.",https://www.avito.ru/kazan/kommercheskaya_nedvizhimost/ofis_8447360186,1 неделю назад,,"Сдается в аренду помещение свободного назначения по адресу: г. Казань, ул. Бутлерова 31. Центр города, первая линия, имеется место на фасаде для размещения вывески, в кабинете имеется собственный сан узел.",2026-09-29T21:10:37.506Z,55.788515,49.132474,"Россия, Республика Татарстан (Татарстан), Казань, улица Бутлерова, 31",house
7780170557,"Общепит, магазин, офис 227 м²",450000,450 000 ₽ в месяц,₽,₽/мес.,227,"Ул. Пушкина, 21, Площадь Тукая, до 5 мин.",https://www.avito.ru/kazan/kommercheskaya_nedvizhimost/obschepit_magazin_ofis_227_m_7780170557,7 дней назад,,"Электрическая мощность от 75 квт. Возможно увеличение, собственная ТП. Нагрузка на перекрытие 600 кг/кв. М. Централизованная приточно-вытяжная вентиляция с фильтрацией и подогревом воздуха, кондиционирование. Центральная система холодного водоснабжения и канализации. Собственная газовая котельная: и",2026-09-29T21:10:40.074Z,55.789664,49.124012,"Россия, Республика Татарстан (Татарстан), Казань, улица Пушкина, 21",house
960171534,"Офис, 60 м²",110000,110 000 ₽ в месяц,₽,₽/мес.,60,"Ул. Карла Маркса, 3, Кремлёвская, 6–10 мин.",https://www.avito.ru/kazan/kommercheskaya_nedvizhimost/ofis_60_m_960171534,7 дней назад,,"Сдаю первоклассное помещение в самом центре Казани, с отличной транспортной развязкой. Офис расположен напротив отеля Мариот, в трёх минутах от дворца Земледельцев и в семи минутах от станции метро Кремлевская. Из окна офиса шикарный вид на Кремль и Кул-Шариф. В офисе качественный ремонт, пол кафель",2026-09-29T21:10:40.074Z,55.797888,49.110663,"Россия, Республика Татарстан (Татарстан), Казань, улица Карла Маркса, 3",house
3982510552,"Свободного назначения, 69 м²",1300,1 300 ₽ в месяц за м²,₽,₽/мес. за м²,69,"Пр-т Победы, 139Ак2, Горки, от 31 мин.",https://www.avito.ru/kazan/kommercheskaya_nedvizhimost/svobodnogo_naznacheniya_69_m_3982510552,3 дня назад,Рамиль,"Сдаю в аренду помещение Свободного назначения 69 кв. М с отдельным входом. - под студию растяжки, йоги, танцев, -студию для посуточной аренды, -салон красоты, -офис, -шоу рум итп. Вход со стороны центральной дороги вдоль Вознесенского Тракта в густонаселенном «Жилом комплексе Победа». Шикарная транс",2026-09-29T21:10:40.074Z,55.775793,49.213852,"Россия, Республика Татарстан (Татарстан), Казань, проспект Победы, 139Ак2",house
8128481206,"Офис, 35 м²",30000,30 000 ₽ в месяц,₽,₽/мес.,35,"Пр-т Ямашева, 42А, Козья Слобода, 16–20 мин.",https://www.avito.ru/kazan/kommercheskaya_nedvizhimost/ofis_35_m_8128481206,7 дней назад,,"Предлагается в долгосрочную аренду офисное помещение. Удобная транспортная развязка, дружелюбное отношение к арендаторам.",2026-09-29T21:10:40.074Z,55.828157,49.109055,"Россия, Республика Татарстан (Татарстан), Казань, проспект Ямашева, 42А",house
8415643920,"Офис, 5 м²",7000,7 000 ₽ в месяц,₽,₽/мес.,5,"Пр-т Ямашева, 36к1, Козья Слобода, 16–20 мин.",https://www.avito.ru/kazan/kommercheskaya_nedvizhimost/ofis_5_m_8415643920,1 неделю назад,,"Сдам рабочее место в офисе с предоставлением Юридического адреса для вашей фирмы. Полностью оборудованная рабочая зона. Ку все включено, инет проведен, так же входит в стоимость.",2026-09-29T21:10:40.074Z,55.827848,49.102731,"Россия, Республика Татарстан (Татарстан), Казань, проспект Ямашева, 36к1",house
2382017818,"Офис, 23 м²",20700,20 700 ₽ в месяц,₽,₽/мес.,23,"Ул. Восстания, 102, Яшьлек, 21–30 мин.",https://www.avito.ru/kazan/kommercheskaya_nedvizhimost/ofis_23_m_2382017818,1 неделю назад,нат,"Сдаётся помещение на первом этаже 23м2 состоящие из двух комнат по 11,5 м2 с общим входом, есть другие площади на первом и втором этажах. Оформление юридического адреса возможно при соблюдении ряда условий. Парковка во дворе здания. Территория ограждена, въезд через шлагбаум. В здании имеется видеон",2026-09-29T21:10:40.074Z,55.832697,49.049829,"Россия, Республика Татарстан (Татарстан), Казань, улица Восстания, 102",house
7966598090,"Офис, 33.3 м²",49000,49 000 ₽ в месяц,₽,₽/мес.,33.3,"Чистопольская ул., 77/2, Козья Слобода, от 31 мин.",https://www.avito.ru/kazan/kommercheskaya_nedvizhimost/ofis_33.3_m_7966598090,1 неделю назад,Alexandr,"Риэлторов Просьба Не Беспокоить. Сдается офисное помещение по адресу ул. Чистопольская 77/2. Площадь 33,3м2. Есть окно, Видеодомофон, круглосуточный доступ. Первый этаж. Ком услуги оплачиваются по счётчику. Ново-Савиновский район, ул Чистопольская 77/2. Рядом ул. Адоратского, Ямашева, Амирхана, Чета",2026-09-29T21:10:40.074Z,55.821209,49.151258,"Россия, Республика Татарстан (Татарстан), Казань, Чистопольская улица, 77/2",house
8161353405,"Автосервис, 250 м²",1300,1 300 ₽ в месяц за м²,₽,₽/мес. за м²,250,"Ул. Односторонка Ноксинская, 1, р-н Советский",https://www.avito.ru/kazan/kommercheskaya_nedvizhimost/avtoservis_250_m_8161353405,15 часов назад,С-Крафт,"Сдается в аренду помещение автосервиса, 250 кв. М, Советский район. 1 этаж, высота потолков 5м, чистовая отделка. 4 подъемника. Кондиционер. Бесплатная парковка на 8 машин. Коммунальные услуги оплачиваются отдельно. Оплата 1300/кв. М. + КУ. Залог: стоимость аренды за 1 месяц.",2026-09-29T21:10:40.074Z,55.850242,49.205633,"Россия, Республика Татарстан (Татарстан), Казань, улица Односторонка Ноксинская, 1",house
7974480068,Свободного назначения,100000,100 000 ₽ в месяц,₽,₽/мес.,,"Ул. Габдуллы Тукая, 57А, Площадь Тукая, 11–15 мин.",https://www.avito.ru/kazan/kommercheskaya_nedvizhimost/svobodnogo_naznacheniya_7974480068,2 недели назад,Артур,"От собственника. Сдается помещение бывший массажный салон. Под любую деятельность. Первая линия, можно повесить вывеску. В помещении 2 входа, сверху коммерческие площади (шум не проблема для соседей), комнат около 5-6, несколько сан узлов.",2026-09-29T21:10:40.074Z,55.778806,49.114921,"Россия, Республика Татарстан (Татарстан), Казань, улица Габдуллы Тукая, 57А",house
8164199628,"Свободного назначения, 86.2 м² Коростень",56400,56 400 ₽ в месяц с НДС,₽,₽/мес.,86.2,"Ул. Адоратского, 31А, р-н Ново-Савиновский",https://www.avito.ru/kazan/kommercheskaya_nedvizhimost/svobodnogo_naznacheniya_86.2_m_korosten_8164199628,2 недели назад,АО Тандер,"Субаренда в магазине «Магнит» | Помещение 86,8 м² и торговая площадь 6,8 м² | Казань, ул. Адоратского, 31А. АО «Тандер» (федеральная сеть магазинов «Магнит») предлагает в субаренду коммерческие площади в действующем магазине по адресу: г. Казань, ул. Адоратского, 31А. В аренду доступны два объекта: ",2026-09-29T21:10:40.074Z,55.839107,49.146443,"Россия, Республика Татарстан (Татарстан), Казань, улица Адоратского, 31А",house
8184971742,"Свободного назначения, 58 м²",1500,1 500 ₽ в месяц за м² с НДС,₽,₽/мес. за м²,58,"Ул. Павлюхина, 57, Суконная слобода, 6–10 мин.",https://www.avito.ru/kazan/kommercheskaya_nedvizhimost/svobodnogo_naznacheniya_58_m_8184971742,Вчера,Бахетле,"Сдаем помещения 37.5 кв. М; 59 кв. М; 268 кв. М. Помещение находится на 1-ом и 2 -ом этаже магазина «Бахетле», по адресу: ул. Павлюхина,57. Вход в помещение 268 кв. М по эскалатору. В помещение свой сан/узел, душевая, несколько малых комнатушек — подсобных помещений. Большие витражные окна, свободно",2026-09-29T21:10:40.074Z,55.774725,49.138448,"Россия, Республика Татарстан (Татарстан), Казань, улица Павлюхина, 57",house
7762411425,Офисы на первой линии в БЦ от 16м²,10080,10 080 ₽ в месяц с НДС,₽,₽/мес.,16,"Адмиралтейская ул., 3к1, Кремлёвская, от 31 мин.",https://www.avito.ru/kazan/kommercheskaya_nedvizhimost/ofisy_na_pervoy_linii_v_bts_ot_16m_7762411425,18 часов назад,Агентство Недвижимости Атлантис,"Бизнес-центр расположен на первой линии, рядом с остановками общественного транспорта и обладает высоким автомобильным и пешеходным трафиком — удобная локация как для сотрудников, так и для ваших клиентов. Свободные помещения: 4 этаж. — Площадь: 16 — 26 м² — 893 ₽/м². 4 этаж компактные помещения (Ут",2026-09-29T21:10:40.074Z,55.798794,49.050674,"Россия, Республика Татарстан (Татарстан), Казань, Адмиралтейская улица, 3к1",house
2310370501,"Офис, 35 м²",60000,60 000 ₽ в месяц,₽,₽/мес.,35,"Ул. Хади Такташа, 1, Суконная слобода, 11–15 мин.",https://www.avito.ru/kazan/kommercheskaya_nedvizhimost/ofis_35_m_2310370501,7 дней назад,,"Сдается в аренду от собственника офисное помещение 35 кв. М с собственным санузлом и парковкой на 4-м этаже 4-этажного офисного центра. 2 комнаты смежные (19 кв. М и 13 кв. М), туалет 3 кв. М. Кондиционер, пластиковые окна. Состояние после ремонта. Стоянка со шлагбаумом, въезд с пульта, всегда есть ",2026-09-29T21:10:40.074Z,55.78037,49.131396,"Россия, Республика Татарстан (Татарстан), Казань, улица Хади Такташа, 1",house
7945612799,"Теплое помещение 278,7 м² под склад",360,360 ₽ в месяц за м² с НДС,₽,₽/мес. за м²,278.7,"Ул. Восход, 49, Северный вокзал, 11–15 мин.",https://www.avito.ru/kazan/kommercheskaya_nedvizhimost/teploe_pomeschenie_2787_m_pod_sklad_7945612799,Вчера,ООО Трансэнергострой,"Предлагается в аренду теплое помещение площадью 278,7 м² на территории охраняемой производственно-складской базы. Отличное решение для хранения товаров, организации небольшого производства, мастерской, интернет-магазина или пункта комплектации заказов. Рядом есть офис. Преимущества помещения. Площад",2026-09-29T21:10:40.074Z,55.846401,49.069439,"Россия, Республика Татарстан (Татарстан), Казань, улица Восход, 49",house
8227133399,Торговая площадь на первой линии на входе в ТЦ,26250,26 250 ₽ в месяц с НДС,₽,₽/мес.,6.47,"Советский район, посёлок Дербышки, ул. Мира, 13, р-н Советский",https://www.avito.ru/kazan/kommercheskaya_nedvizhimost/torgovaya_ploschad_na_pervoy_linii_na_vhode_v_tts_8227133399,2 недели назад,АРЕНДАKZN,"АО «Соцгород» сдаст в аренду помещение свободного назначения на первой линии по улице Мира 13 (Дербышки). Помещение площадью 6,47 м² | От собственника | Под магазин, офис, услуги. Казань, ул. Мира, 13. Прямая аренда без комиссии от собственника. Удобная бесплатная парковка. Первая линия, высокий авт",2026-09-29T21:10:40.074Z,55.865995,49.229465,"Россия, Республика Татарстан (Татарстан), Казань, Советский район, посёлок Дербышки, улица Мира, 13",house
8098639596,"Офис А класса с террасой и парковкой, ул. Пушкина",295000,295 000 ₽ в месяц с НДС,₽,₽/мес.,204,"Ул. Пушкина, 54/1, Площадь Тукая, 6–10 мин.",https://www.avito.ru/kazan/kommercheskaya_nedvizhimost/ofis_a_klassa_s_terrasoy_i_parkovkoy_ul._pushkina_8098639596,2 недели назад,Основа,"Офис «А» класса 204 кв. М. Формате «Turn Key — заезжай и работай». 1. Современное Оснащение, Безопасность И Комфорт: — Стильный современный дизайн: отреставрированный исторический кирпич, натуральное дерево, оптимальное естественное освещение (высокие потолки, вертикальные и мансардные окна); — Свеж",2026-09-29T21:10:40.074Z,55.794522,49.125737,"Россия, Республика Татарстан (Татарстан), Казань, улица Пушкина, 54/1",house
8263366923,"Свободного назначения, 59.6 м²",45000,45 000 ₽ в месяц,₽,₽/мес.,59.6,"Горсоветская ул., 33, Козья Слобода, 11–15 мин.",https://www.avito.ru/kazan/kommercheskaya_nedvizhimost/svobodnogo_naznacheniya_59.6_m_8263366923,7 дней назад,Рамиль,"Сдается в аренду универсальное офисно-торговое помещение в самом центре Казани! Идеально подойдет под офис компании, бьюти-коворкинг, салон красоты, медицинский кабинет, шоурум, учебный центр или представительство. Главные преимущества объекта: — Локация: Самый центр города. Престижный район с разви",2026-09-29T21:10:40.074Z,55.816146,49.08516,"Россия, Республика Татарстан (Татарстан), Казань, Горсоветская улица, 33",house
4105020785,"Офис 20,7 кв.м. с окном в Ново-Савиновском районе",24000,24 000 ₽ в месяц,₽,₽/мес.,20.7,"Ул. Адоратского, 78, р-н Ново-Савиновский",https://www.avito.ru/kazan/kommercheskaya_nedvizhimost/ofis_207_kv.m._s_oknom_v_novo-savinovskom_rayone_4105020785,1 неделю назад,,"Сдается офис площадью 20,7 кв. М. В Ново-Савиновском районе г. Казани, в современном Бизнес-центре по адресу Адоратского 78. В офисе есть окно, выполнен современный ремонт, установлен кондиционер. Коммунальные платежи оплачиваются отдельно, по счётчику. Преимущества: Большая парковка для клиентов и ",2026-09-29T21:10:40.074Z,55.84494,49.148186,"Россия, Республика Татарстан (Татарстан), Казань, улица Адоратского, 78",house
2393317781,"Свободного назначения, 115 м²",14500,14 500 ₽ в месяц с НДС,₽,₽/мес.,115,"Мамадышский тракт, 44, р-н Советский",https://www.avito.ru/kazan/kommercheskaya_nedvizhimost/svobodnogo_naznacheniya_115_m_2393317781,1 неделю назад,Все для Стройки и Ремонта,"Сдается, а аренду помещение 115 м. Кв. На первой линии в Советском районе г. Казани. (на втором этаже складского комплекса. + По желанию может арендоваться помещение на первом этаже под офис 10м кв по стоимости +2,5 тысячи рублей. Помещение оснащено отдельным входом и широкой лестницей, поэтому може",2026-09-29T21:10:40.074Z,55.799193,49.251348,"Россия, Республика Татарстан (Татарстан), Казань, улица Мамадышский Тракт, 44",house
8397606480,"Свободного назначения, 162.2 м²",2500,2 500 ₽ в месяц за м²,₽,₽/мес. за м²,162.2,"Чистопольская ул., 88, Козья Слобода, от 31 мин.",https://www.avito.ru/kazan/kommercheskaya_nedvizhimost/svobodnogo_naznacheniya_162.2_m_8397606480,Вчера,Дяминова Лилия Раилевна,"Сдается в аренду нежилое помещение свободного назначения площадью 112 кв. М на первой линии с отдельным входом в Ново-Савиновском районе города Казани по адресу Чистопольская дом 88. Первая линия. Чистовая отделка. Отдельный вход. Высота потолков 3,18 м. Топовая локация, развитая инфраструктура. По ",2026-09-29T21:10:40.074Z,55.81871,49.146461,"Россия, Республика Татарстан (Татарстан), Казань, Чистопольская улица, 88",house
3188868939,"Свободного назначения, 84.9 м²",1500,1 500 ₽ в месяц,₽,₽/мес.,84.9,"Чистопольская ул., 74, Козья Слобода, от 31 мин.",https://www.avito.ru/kazan/kommercheskaya_nedvizhimost/svobodnogo_naznacheniya_84.9_m_3188868939,7 дней назад,камилыч,"Первая линия, хороший трафик!",2026-09-29T21:10:40.074Z,55.818948,49.138169,"Россия, Республика Татарстан (Татарстан), Казань, Чистопольская улица, 74",house
8424860464,Офис,2300,2 300 ₽ в месяц,₽,₽/мес.,,"Ул. Лобачевского, 10, Площадь Тукая, 11–15 мин.",https://www.avito.ru/kazan/kommercheskaya_nedvizhimost/ofis_8424860464,7 дней назад,НЕДВИЖИМОСТЬ & ИНВЕСТИЦИИ.,"Сдается просторное помещение под офис в самом центре Казани. Идеальный вариант для компании, которая ценит комфорт, безопасность и удобную локацию. Помещение: · 4 отдельные комнаты — можно организовать кабинеты руководителя, переговорную и open-space. · Полностью готовая офисная мебель — заезжайте и",2026-09-29T21:10:40.074Z,55.795874,49.122143,"Россия, Республика Татарстан (Татарстан), Казань, улица Лобачевского, 10",house
7603000166,"Офис, 18 м²",9000,9 000 ₽ в месяц,₽,₽/мес.,18,"Ул. Восстания, 100к3143, Северный вокзал, 21–30 мин.",https://www.avito.ru/kazan/kommercheskaya_nedvizhimost/ofis_18_m_7603000166,1 неделю назад,Булат,Сдаются офисное помещение площадью18м2.,2026-09-29T21:10:40.074Z,55.839067,49.055354,"Россия, Республика Татарстан (Татарстан), Казань, улица Восстания, 100к3143",house
8367618853,Торговая площадь,50000,50 000 ₽ в месяц,₽,₽/мес.,,"Ул. Лукина, 48Ж, Авиастроительная, 16–20 мин.",https://www.avito.ru/kazan/kommercheskaya_nedvizhimost/torgovaya_ploschad_8367618853,7 дней назад,,Сдам помещение в аренду. - Рядом остановки общественного транспорта. - первая линия. - Высокий авто трафик. - чистовая отделка. -Хорошая планировка. - высокие потолки. - Витражное остекление. - 380v.,2026-09-29T21:10:40.074Z,55.867117,49.095571,"Россия, Республика Татарстан (Татарстан), Казань, улица Лукина, 48Ж",house
8420900314,"Торговая площадь, 71 м²",450000,450 000 ₽ в месяц,₽,₽/мес.,71,"Ул. Баумана, 76, Площадь Тукая, до 5 мин.",https://www.avito.ru/kazan/kommercheskaya_nedvizhimost/torgovaya_ploschad_71_m_8420900314,7 дней назад,,"Отличное расположение: -Баумана. -Проходная сторона улицы. -Рядом туристический объект — колокольня Богоявленского собора. -Недалеко от метро. Одна из лучших возможных точек для торговли в формате стрит-ретейла в Казани. Большие окна, высокие потолки, санузел, максимальную мощность можно увеличить. ",2026-09-29T21:10:40.074Z,55.788535,49.118793,"Россия, Республика Татарстан (Татарстан), Казань, улица Баумана, 76",house
2311108626,"Свободного назначения, 127.2 м²",89040,89 040 ₽ в месяц,₽,₽/мес.,127.2,"Ул. Габдуллы Кариева, 3А, Аметьево, от 31 мин.",https://www.avito.ru/kazan/kommercheskaya_nedvizhimost/svobodnogo_naznacheniya_127.2_m_2311108626,1 неделю назад,,"Сдаю в аренду отапливаемое помещение свободного назначения с естественным освещением в гаражном комплексе «Престиж», 127,2. Кондиционер. Свой санузел, комната для персонала, круглосуточная охрана и доступ в помещение. Свежий ремонт, отличная локация. Прекрасно подходит под детейлинг-центр и склады. ",2026-09-29T21:10:40.074Z,55.785878,49.183247,"Россия, Республика Татарстан (Татарстан), Казань, улица Габдуллы Кариева, 3А",house
3906690038,"Офис, 20 м²",30000,30 000 ₽ в месяц,₽,₽/мес.,20,"Ул. Владимира Кулагина, 3, Аметьево, от 31 мин.",https://www.avito.ru/kazan/kommercheskaya_nedvizhimost/ofis_20_m_3906690038,7 дней назад,,"Офисное помещение 20кв. М в только что открывшемся бизнес центре. В офисе имеется кондиционер, а также мокрая точка.",2026-09-29T21:10:40.074Z,55.742225,49.140685,"Россия, Республика Татарстан (Татарстан), Казань, улица Владимира Кулагина, 3к2",house
7250686940,"Свободного назначения, 36 м²",900,900 ₽ в месяц за м²,₽,₽/мес. за м²,36,"Ул. Баки Урманче, 7, Проспект Победы, от 31 мин.",https://www.avito.ru/kazan/kommercheskaya_nedvizhimost/svobodnogo_naznacheniya_36_m_7250686940,Вчера,,"Сдаются уютное просторное помещение 36 м2, помещение свободного назначения. Помещение с хорошим ремонтом, домофон, кондиционеры. Здесь можно открыть массажный кабинет, салон красоты, студию для обучения, либо под офис. Помещение расположено в густо населённом районе, с большим трафиком, рядом детски",2026-09-29T21:10:40.074Z,55.731115,49.175342,"Россия, Республика Татарстан (Татарстан), Казань, улица Баки Урманче, 7",house
2274754470,"Офис, 144.1 м²",1800,1 800 ₽ в месяц за м² с НДС,₽,₽/мес. за м²,144.1,"Ул. Пушкина, 10, Площадь Тукая, до 5 мин.",https://www.avito.ru/kazan/kommercheskaya_nedvizhimost/ofis_144.1_m_2274754470,1 неделю назад,ОО УК Капитал плюс,"Общая площадь 144.1 кв. М., отдельный вход, возможно бронирование двух парковочных мест. Без мебели.",2026-09-29T21:10:40.074Z,55.788814,49.12447,"Россия, Республика Татарстан (Татарстан), Казань, улица Пушкина, 10",house
7487341865,Стильный офис в центре с окном,35000,35 000 ₽ в месяц,₽,₽/мес.,,"Спартаковская ул., 2к1, Площадь Тукая, 6–10 мин.",https://www.avito.ru/kazan/kommercheskaya_nedvizhimost/stilnyy_ofis_v_tsentre_s_oknom_7487341865,1 неделю назад,,"Топовое расположение в центре Казани. Стильный офис 36 квадратов. Я собственник, физ лицо. Условия: Стильный свежий ремонт. Есть кондиционер. Ⓜ Близко к метро пл. Тукая. Развитая инфраструктура: рядом кафе, развлечения, супермаркет, парк, набережная. Коммунальные услуги от 7 тысяч в месяц. Залог 0,5",2026-09-29T21:10:40.074Z,55.780897,49.127309,"Россия, Республика Татарстан (Татарстан), Казань, Спартаковская улица, 2",house
8287277986,"Офис, 15.5 м²",7936,7 936 ₽ в месяц,₽,₽/мес.,15.5,"Набережная ул., 11, р-н Кировский",https://www.avito.ru/kazan/kommercheskaya_nedvizhimost/ofis_15.5_m_8287277986,7 дней назад,"АО ""Казанский завод медицинской аппаратуры""","Помещение в аренду! Офис площадью 15,5; кв. М. По бюджетной цене всего за 7936 руб. В месяц, помещение находится в отдельно стоящем административном здании на 3 этаже. Первая линия. Электрoэнергия oплачивaется отдeльно по показаниям прибopов учeтa. Адрес: г. Kазaнь, ул. Нaбepежная (Kиpoвcкий paйoн),",2026-09-29T21:10:40.074Z,55.800327,49.043469,"Россия, Республика Татарстан (Татарстан), Казань, Набережная улица, 11",house
8065890459,Помещение свободного назначения,94999,94 999 ₽ в месяц,₽,₽/мес.,50,"Ул. Гаврилова, 7к2, р-н Ново-Савиновский",https://www.avito.ru/kazan/kommercheskaya_nedvizhimost/pomeschenie_svobodnogo_naznacheniya_8065890459,7 дней назад,Гулия,"Сдаётся светлое помещение в ЖК «Счастье в Казани». Гаврилова 7 корпус 2. Помещение идеально под офис, магазин, кафе, салон красоты, студию, аптеку, шоу-рум, Пвз. Почему выгодно: Потолки 4,5 м, панорамные окна. Косметический ремонт, плитка на полу стены по обои заезжай и работай. Удобная парковка, хо",2026-09-29T21:10:40.074Z,55.829426,49.163664,"Россия, Республика Татарстан (Татарстан), Казань, улица Гаврилова, 7к2",house
4523576950,Офис,68900,68 900 ₽ в месяц,₽,₽/мес.,,"Пр-т Ямашева, 115А, р-н Ново-Савиновский",https://www.avito.ru/kazan/kommercheskaya_nedvizhimost/ofis_4523576950,3 дня назад,,"Круглосуточный доступ. Уютный, комфортабельный офис. Большой стол на 6-8 человек, принтер, кухонный гарнитур, холодильник, чайник, микроволновая печь, собственный сан узел. Безлимитный скоростной интернет. Большая парковка. Все коммунальные услуги включены.",2026-09-29T21:10:57.259Z,55.820749,49.159388,"Россия, Республика Татарстан (Татарстан), Казань, проспект Ямашева, 115А",house
8374800861,"Помещение с отдельным входом, 430 м²",2000,2 000 ₽ в месяц,₽,₽/мес.,430,"Право-Булачная ул., 13, Кремлёвская, до 5 мин.",https://www.avito.ru/kazan/kommercheskaya_nedvizhimost/pomeschenie_s_otdelnym_vhodom_430_m_8374800861,2 недели назад,,"Помещение на 1-м этаже с отдельным входом. Центр города. Назначение: медицинский центр, представительство, колл-центр. - 1-я линия улицы Право-Булачная. - площадь 430 м². - аренда: 2 000 ₽/мec. | кoмм. Плaтeжи фиксированные. - располагается на 2х этажах: 1 эт. = 245 м² | 2 эт. = 185 м². - много окон",2026-09-29T21:10:40.074Z,55.793353,49.107106,"Россия, Республика Татарстан (Татарстан), Казань, Право-Булачная улица, 13",house
7867975825,"Офис, 21.8 м²",39240,39 240 ₽ в месяц,₽,₽/мес.,21.8,"Пр-т Альберта Камалеева, 28/9, Аметьево, от 31 мин.",https://www.avito.ru/kazan/kommercheskaya_nedvizhimost/ofis_21.8_m_7867975825,Вчера,Стройград,"Сдаётся в аренду помещение на первом этаже в жилом комплексе «21 Век» по адресу: г. Казань, ул. А. Камалеева, д.28/9 площдью 21.8 кв. М. (без мокрой точки). Здание расположено в активной части города на первой линии, высокий автомобильный и пешеходный трафик. В шаговой доступности находятся остановк",2026-09-29T21:10:40.074Z,55.786318,49.189876,"Россия, Республика Татарстан (Татарстан), Казань, проспект Альберта Камалеева, 28/9",house
8251922927,"Свободного назначения, 40 м²",140000,140 000 ₽ в месяц,₽,₽/мес.,40,"Чистопольская ул., 71Б, Козья Слобода, от 31 мин.",https://www.avito.ru/kazan/kommercheskaya_nedvizhimost/svobodnogo_naznacheniya_40_m_8251922927,1 неделю назад,Светлана,"Сдается помещение в престижном районе на 1-ом этаже жилого дома на Чистопольской 71б. Помещение отлично просматривается со всех направлений, очень высокий автомобильный и пешеходный трафик. Успейте забрать лучшую локацию!",2026-09-29T21:10:40.074Z,55.819783,49.143694,"Россия, Республика Татарстан (Татарстан), Казань, Чистопольская улица, 71Б",house
8223644452,"Производство, 62 м²",55000,55 000 ₽ в месяц,₽,₽/мес.,62,"1-я Вольская ул., 1А, р-н Советский",https://www.avito.ru/kazan/kommercheskaya_nedvizhimost/proizvodstvo_62_m_8223644452,3 дня назад,,"Теплое помещение в аренду. 62 кв. М. (№3 и 5 на плане). Теплое помещение с отдельной комнатой (см. План) оборудовано новыми приборами освещения и розетками 220 и 380, (есть запас мощности). Новые пластиковые окна, ровный бетонный пол. Стены кирпич. Ворота 3х3 с калиткой. Хорошая транспортная доступн",2026-09-29T21:10:40.074Z,55.837813,49.191655,"Россия, Республика Татарстан (Татарстан), Казань, 1-я Вольская улица, 1А",house
8199240461,"Под офис, кладовую и/или юридический адрес",5000,5 000 ₽ в месяц,₽,₽/мес.,,"Ул. Гарифьянова, 28А, Проспект Победы, 6–10 мин.",https://www.avito.ru/kazan/kommercheskaya_nedvizhimost/pod_ofis_kladovuyu_iili_yuridicheskiy_adres_8199240461,Вчера,Центр коммерческой недвижимости,"Аренда напрямую от собственника — Индивидуальный предприниматель. Без комиссий. Сдается помещение под миниофис, минисклад (кладовая) или офис + юридический адрес. Приволжский район — налоговая №4, через дорогу. Предоставляются все гарантии, полное юридическое сопровождение (гарантийное письмо, согла",2026-09-29T21:10:57.259Z,55.750712,49.197306,"Россия, Республика Татарстан (Татарстан), Казань, улица Гарифьянова, 28А",house
8140315332,"Свободного назначения, 35 м²",36000,36 000 ₽ в месяц,₽,₽/мес.,35,"Ул. Мулланура Вахитова, 6, Козья Слобода, 6–10 мин.",https://www.avito.ru/kazan/kommercheskaya_nedvizhimost/svobodnogo_naznacheniya_35_m_8140315332,3 дня назад,Мегаполис,"*Без комиссии, всё включено. Уважаемые арендаторы! Вашему вниманию для сдачи в аренду представляю помещение в цоколе свободного назначения, 35 кв. М., по адресу: ул. Вахитова 6. Коммуналка входит в стоимость аренды. Вся инфраструктура в шаговой доступности. Постоянно свободные парковочные места. В с",2026-09-29T21:10:57.259Z,55.813966,49.086777,"Россия, Республика Татарстан (Татарстан), Казань, улица Мулланура Вахитова, 6",house
8044066874,"Производство, 1000 м²",600,600 ₽ в месяц за м²,₽,₽/мес. за м²,1000,"Ул. Седова, 2к2, Аметьево, от 31 мин.",https://www.avito.ru/kazan/kommercheskaya_nedvizhimost/proizvodstvo_1000_m_8044066874,7 дней назад,,"Производственное помещение от 1000 м² в аренду: всё для вашего бизнеса в одном комплексе! Организуйте производство, склад и офис без лишних хлопот — всё необходимое уже есть! Почему это выгодно: Гибкость: арендуйте всё помещение или его часть — обсудим индивидуально. Мощная инфраструктура: 150 квт э",2026-09-29T21:10:57.259Z,55.78242,49.181621,"Россия, Республика Татарстан (Татарстан), Казань, улица Седова, 2к2",house
8116731472,Производство,650,650 ₽ в месяц с НДС,₽,₽/мес.,,"Тэцевская ул., 295, р-н Московский",https://www.avito.ru/kazan/kommercheskaya_nedvizhimost/proizvodstvo_8116731472,Вчера,Людмила,"Сдаются производственные помещения с кранбалками подьемностью до 10 т площадью 2160 кВ м. Помещения отапливаемые( входит в арендную плату). С ндс. Имеются бытовые, складские и офисные помещения. Промзона огорожена и охраняется Чоп. Круглосуточный доступ к объектам. Отличные подъездные пути для больш",2026-09-29T21:10:57.259Z,55.861474,48.950691,"Россия, Республика Татарстан (Татарстан), Казань, Тэцевская улица, 295",house
8418121300,"Офис, 33 м²",63000,63 000 ₽ в месяц,₽,₽/мес.,33,"Чистопольская ул., 33, Козья Слобода, 16–20 мин.",https://www.avito.ru/kazan/kommercheskaya_nedvizhimost/ofis_33_m_8418121300,Вчера,,"Сдается офисное помещение. Со своим отдельным входом на 1 этаже. 2 комнаты, санузел с раковиной, и небольшая комната для кухни или хранения вещей. Есть место для вывески, видео наблюдение. С парковкой никогда нет проблем, можно заехать во двор. Офис смотрит на чистопольскую. Без мокрых точек, для па",2026-09-29T21:10:57.259Z,55.820354,49.122188,"Россия, Республика Татарстан (Татарстан), Казань, Чистопольская улица, 33",house
2501169104,"Свободного назначения, 282 м²",656,656 ₽ в месяц за м²,₽,₽/мес. за м²,282,"Ул. Короленко, 120к11, Авиастроительная, 21–30 мин.",https://www.avito.ru/kazan/kommercheskaya_nedvizhimost/svobodnogo_naznacheniya_282_m_2501169104,7 дней назад,"АО ""Жилсервис""","Сдаём в аренду складское помещение на территории охраняемой базы по адресу: г. Казань, ул. Короленко 120 к11. Характеристики помещения: Площадь 282 кв. М. Высота потолка 4.5 м. Полы бетонированные. Водоснабжение/канализация. Отопление вулканы и цент. Отопление (возможность выбора холодного и тёплого",2026-09-29T21:10:57.259Z,55.847528,49.10804,"Россия, Республика Татарстан (Татарстан), Казань, улица Короленко, 120к11",house
8264165800,"Свободного назначения, 62 м²",1500,1 500 ₽ в месяц за м²,₽,₽/мес. за м²,62,"Ул. Рихарда Зорге, 93А, Дубравная, до 5 мин.",https://www.avito.ru/kazan/kommercheskaya_nedvizhimost/svobodnogo_naznacheniya_62_m_8264165800,7 дней назад,,"Сдаю помещение площадью 62 кв. М. На первом этаже жилого дома, с большим автомобильным потоком, на первой линии, имеется парковка, рядом метро. Помещение освобождается 22 октября.",2026-09-29T21:10:57.259Z,55.747231,49.219853,"Россия, Республика Татарстан (Татарстан), Казань, улица Рихарда Зорге, 93А",house
8102201781,"Сдам помещение свободного назначения, 92 м²",64400,64 400 ₽ в месяц,₽,₽/мес.,92,"Ул. Сабан, 1, Яшьлек, 21–30 мин.",https://www.avito.ru/kazan/kommercheskaya_nedvizhimost/sdam_pomeschenie_svobodnogo_naznacheniya_92_m_8102201781,Вчера,"Агентство недвижимости ""Ключ""","Код объекта: 2193969. Сдаётся универсальное коммерческое помещение 92 м² — свободная планировка, полная безопасность, отдельный вход. Ищете помещение, где можно спокойно работать, принимать клиентов, хранить товар и не переживать за сохранность? Этот объект — готовое решение для бизнеса, ценящего ав",2026-09-29T21:10:57.259Z,55.827358,49.050593,"Россия, Республика Татарстан (Татарстан), Казань, улица Сабан, 1",house
8359743121,"Свободного назначения, 13 м²",11500,11 500 ₽ в месяц,₽,₽/мес.,13,"Ул. Сибирский Тракт, 78, р-н Советский",https://www.avito.ru/kazan/kommercheskaya_nedvizhimost/svobodnogo_naznacheniya_13_m_8359743121,Вчера,,"Сдаю коммерческие помещения на 2 и 3 этажах действующего ТЦ «Фортуна». Людное место на первой линии, высокий пешеходный и автомобильный трафик. Локация и преимущества: Отличная транспортная доступность: ост. «Ноксинская» и «Карьер» (2 минуты пешком). Соседи-гиганты: Пятерочка, Wildberries, Ozon, Апт",2026-09-29T21:10:57.259Z,55.841084,49.201069,"Россия, Республика Татарстан (Татарстан), Казань, улица Сибирский Тракт, 78",house
8418705707,"Свободного назначения, 43 м²",49000,49 000 ₽ в месяц,₽,₽/мес.,43,"Ул. Четаева, 4, Козья Слобода, от 31 мин.",https://www.avito.ru/kazan/kommercheskaya_nedvizhimost/svobodnogo_naznacheniya_43_m_8418705707,Вчера,,"Сдается просторное помещение свободного назначения, 1 этаж. 43м2. Шикарная локация: дом бизнес — класса, оживленный район с развитой инфраструктурой и активным трафиком (рядом детские центры, школы, университет, продуктовые магазины, офисы, фитнес-клубы, учебные центры и др.). Преимущества: 1 этаж. ",2026-09-29T21:10:57.259Z,55.821805,49.149704,"Россия, Республика Татарстан (Татарстан), Казань, улица Четаева, 4",house
8353527928,Торговый павильон 1 линия ул.Восстания,85000,85 000 ₽ в месяц,₽,₽/мес.,,"Ул. Восстания, 25А, Яшьлек, 11–15 мин.",https://www.avito.ru/kazan/kommercheskaya_nedvizhimost/torgovyy_pavilon_1_liniya_ul.vosstaniya_8353527928,3 дня назад,ИНТЕРСЕТЬ,"Предлагаем в аренду торговый павильон. Адрес: г. Казань, ул. Восстания,25а. Вода, канализация, Электричество 15 квт.",2026-09-29T21:10:57.259Z,55.834846,49.092292,"Россия, Республика Татарстан (Татарстан), Казань, улица Восстания, 25А",house
7508243746,"Свободного назначения, 99.3 м²",1300,1 300 ₽ в месяц за м²,₽,₽/мес. за м²,99.3,"Городская ул., 3, Северный вокзал, 11–15 мин.",https://www.avito.ru/kazan/kommercheskaya_nedvizhimost/svobodnogo_naznacheniya_99.3_m_7508243746,Вчера,СЗ РЭД,"Пpедлагаем в аpенду пpоcторноe коммeрчecкoe пoмещение плoщадью 288 кв. М на 2 этаже 3х этажного здания в Московском районе Kазани. Идеальнo пoдoйдет под oфиc, студию танцев (растяжки), фитнес зал, детский центр и т. Д. Благодаря удачному расположению прямо на дороге, обеспечивается высокая проходимо",2026-09-29T21:10:57.259Z,55.834841,49.072143,"Россия, Республика Татарстан (Татарстан), Казань, Городская улица, 3",house
8227328219,"212 Офис 14,5 м² с мокрой точкой",22837,22 837 ₽ в месяц с НДС,₽,₽/мес.,14.5,"Ул. Академика Павлова, 29, Авиастроительная, 16–20 мин.",https://www.avito.ru/kazan/kommercheskaya_nedvizhimost/212_ofis_145_m_s_mokroy_tochkoy_8227328219,2 недели назад,АРЕНДАKZN,"Офис / кабинет 14,5 м² с мокрой точкой | 2 этаж | Первая линия. Казань, ул. Академика Павлова, 29. Аренда — 22 837 руб. /мес., Ндс включён. Чистовая отделка и кондиционер. Собственная мокрая точка. Помещение с окном. Бесплатный юридический адрес. Прямая аренда от собственника, без комиссии. Сдаётся ",2026-09-29T21:10:57.259Z,55.866677,49.094951,"Россия, Республика Татарстан (Татарстан), Казань, улица Академика Павлова, 29",house
3960123462,"Второй этаж с ремонтом, 65 м²",40000,40 000 ₽ в месяц,₽,₽/мес.,65,"Беломорская ул., 22, Авиастроительная, 16–20 мин.",https://www.avito.ru/kazan/kommercheskaya_nedvizhimost/vtoroy_etazh_s_remontom_65_m_3960123462,1 неделю назад,Вадим,"Сдается от собственника второй этаж, первая линия, остановка Молодёжная, хороший автомобильный и пешеходный трафик, собственная парковка на 10 авто, имеются все коммуникации, рядом Пятерочка, Магнит, Букет столицы, Wildberries(WB), шиномонтаж, бар, мощность электричества до 90 квт, стоимость аренды ",2026-09-29T21:10:57.259Z,55.865576,49.078656,"Россия, Республика Татарстан (Татарстан), Казань, Беломорская улица, 22",house
4362288674,"Свободного назначения, 11.4 м²",22000,22 000 ₽ в месяц,₽,₽/мес.,11.4,"Ул. Аметьевская Магистраль, 16к2, Аметьево, 6–10 мин.",https://www.avito.ru/kazan/kommercheskaya_nedvizhimost/svobodnogo_naznacheniya_11.4_m_4362288674,1 неделю назад,Наил,"Данное объявление размещено собственником объекта! Сдаётся помещение S-11,4м², в ЖК «Голливуд», с чистовой отделкой. Мокрая точка в помещении. Окна нет. Я собственник. Преимущества офиса: Дизайнерский ремонт. О помещении: Первый этаж. Мокрая точка. Отдельная входная группа. Система приточно-вытяжной",2026-09-29T21:10:57.259Z,55.768025,49.173824,"Россия, Республика Татарстан (Татарстан), Казань, улица Аметьевская Магистраль, 16к2",house
8352677193,"Свободного назначения, 11 м²",2000,2 000 ₽ в месяц за м²,₽,₽/мес. за м²,11,"Ул. Рихарда Зорге, 67, Проспект Победы, до 5 мин.",https://www.avito.ru/kazan/kommercheskaya_nedvizhimost/svobodnogo_naznacheniya_11_m_8352677193,3 дня назад,"ООО ""КФ ""Нарагуэль""","Собственник сдает в аренду нежилое помещение свободного назначения в г. Казань ул Рихарда Зорге д.67, в действующем торговом центре Давыдов. Помещение идеально подходит под розничный магазин, салон красоты, офис, пункт выдачи заказов. Соседи: пункт выдачи Автодок, Вайлдберриз, Магазин Ермолино, мага",2026-09-29T21:10:57.259Z,55.749045,49.211912,"Россия, Республика Татарстан (Татарстан), Казань, улица Рихарда Зорге, 67",house
4074257041,"Офис, 14.3 м² 2 эт",16516,16 516 ₽ в месяц с НДС,₽,₽/мес.,14.3,"Ул. Халитова, 2, р-н Советский",https://www.avito.ru/kazan/kommercheskaya_nedvizhimost/ofis_14.3_m_2_et_4074257041,7 дней назад,"ООО ""Сибирский тракт""","Apендa oфисa в Kазани недоpогo! Сдaютcя офисные пoмещения в Coвeтcкoм районe г. Кaзaни, пo aдpecу ул. Xaлитова, 2. Помeщения нaхoдятся в чертe гoрoда, c развитoй инфpacтpуктурой. Pядoм продуктoвыe. Магазины, торговый центp. B пешей доcтупноcти оcтaнoвкa общественного транспорта, через. Которую прохо",2026-09-29T21:10:57.259Z,55.819317,49.186373,"Россия, Республика Татарстан (Татарстан), Казань, улица Халитова, 2",house
2577173589,"Свободного назначения 35, 400 м²",390,390 ₽ в месяц за м²,₽,₽/мес. за м²,400,"1-я Тракторная ул., 86А, Суконная слобода, от 31 мин.",https://www.avito.ru/kazan/kommercheskaya_nedvizhimost/svobodnogo_naznacheniya_35_400_m_2577173589,Вчера,,"Помещения Свободны!. Второе помещение 35 м2 — 21000₽. Первое помещение идеально подойдёт для мебельного производства. Очень тёплое Жара (центральное отопление) помещение, Летом прохладно. Крыша не течёт. Высота потолков 4 метра. Пол бетонный ровный. Офис 24 м2 в том числе. Долгосрочная аренда 11 мес",2026-09-29T21:10:57.259Z,55.752627,49.113798,"Россия, Республика Татарстан (Татарстан), Казань, 1-я Тракторная улица, 86А",house
2907916772,"Офис,помещение в Центре 174.1 м²",1300,1 300 ₽ в месяц за м²,₽,₽/мес. за м²,174.1,"Вахитовский район, Большая Красная ул., 8, Кремлёвская, 6–10 мин.",https://www.avito.ru/kazan/kommercheskaya_nedvizhimost/ofispomeschenie_v_tsentre_174.1_m_2907916772,1 неделю назад,Римма,"Помещение в самом центре города, около Кремля, общей площадью 174,1 кв. М. На первом этаже жилого дома. Доступ 24/7. Планировка: – общая площадь — 174,1 кв. М. – 6 офисных кабинетов от 15,5 — до 26,6 кв. М, один из них кабинет с панорамным окном с видом на Кремль. – оборудованная зона ресепшн. – 2 с",2026-09-29T21:10:57.259Z,55.798293,49.111328,"Россия, Республика Татарстан (Татарстан), Казань, Вахитовский район, Большая Красная улица, 8",house
4794646552,"Склад, 196 м²",98000,98 000 ₽ в месяц,₽,₽/мес.,196,"Крутовская ул., 26к5, р-н Приволжский",https://www.avito.ru/kazan/kommercheskaya_nedvizhimost/sklad_196_m_4794646552,Вчера,НиР,"Сдаю отличное отапливаемое помещение со своей печкой на перекрёстке улиц Тихорецкая и Крутовская, под склад или производство, площадь 196 квм, большие ворота 3х4 метра, полы бетонные, охраняемая территория, видеонаблюдение. Сдаю под склад или производство, автосервис не рассматриваем.",2026-09-29T21:10:57.259Z,55.726244,49.114382,"Россия, Республика Татарстан (Татарстан), Казань, Крутовская улица, 26к5",house
7545245138,Офис с панорамным остеклением и тремя отдельными в,280000,280 000 ₽ в месяц,₽,₽/мес.,183,"Ул. Галиаскара Камала, 39, Площадь Тукая, 16–20 мин.",https://www.avito.ru/kazan/kommercheskaya_nedvizhimost/ofis_s_panoramnym_ostekleniem_i_tremya_otdelnymi_v_7545245138,7 дней назад,Азбука Жилья,"Долгосрочная Аренда, Первая Линия, 2 Входа (Два С Улицы И Одно СО Двора), Панорамное Остекление, Свободная Планировка! Cдaетcя шикарное помещениe 183 м² в ЖК «Mакcaт» — идeaльнo под бизнeс или любую другую сферу! Aдpeс: ЖК «Максат». Плoщaдь: 183 кв. М. Свободная планировка, отдельная входная группа,",2026-09-29T21:10:57.259Z,55.780917,49.105893,"Россия, Республика Татарстан (Татарстан), Казань, улица Галиаскара Камала, 39",house
7623125005,"Помещение Свободного назначения, 98 м² в аренду",1400,1 400 ₽ в месяц за м² с НДС,₽,₽/мес. за м²,98,"Ул. Шамиля Усманова, 5, Яшьлек, до 5 мин.",https://www.avito.ru/kazan/kommercheskaya_nedvizhimost/pomeschenie_svobodnogo_naznacheniya_98_m_v_arendu_7623125005,2 недели назад,Алексей,"Сдаётcя в арeнду нежилoе помещениe свoбодногo назнaчения. Общая 98 кв. М., площадь торгового зала 51 кв. М. Тopгoвo-oфиcнoе помещения на первой линии пeрeд oживлённoй тpаccой c oтдельным входoм нa пeрвoм этaжe 5 этажногo дoма. Пoмещение xopошо пpoсмaтpивaeтcя с дoрoги, вoзможность размещение вывески",2026-09-29T21:10:57.259Z,55.829209,49.077839,"Россия, Республика Татарстан (Татарстан), Казань, улица Шамиля Усманова, 5",house
8318191315,Свободного назначения,2200,2 200 ₽ в месяц,₽,₽/мес.,64.2,"Ул. Александра Курынова, 4, р-н Советский",https://www.avito.ru/kazan/kommercheskaya_nedvizhimost/svobodnogo_naznacheniya_8318191315,1 неделю назад,Ок,"Предложение от Собственника. Риэлторов Просьба Не Беспокоить. *Предлагается в аренду просторное помещение площадью 64,2 м² в удобном расположении*. Помещение отлично подойдёт для офиса, магазина, студии, кабинета, сферы услуг или другого коммерческого проекта. Преимущества помещения: удобная площадь",2026-09-29T21:10:57.259Z,55.799446,49.243416,"Россия, Республика Татарстан (Татарстан), Казань, улица Александра Курынова, 4",house
8227142710,"208 офис, юр.адрес",17592,17 592 ₽ в месяц с НДС,₽,₽/мес.,,"Ул. Фатыха Амирхана, 60, Северный вокзал, от 31 мин.",https://www.avito.ru/kazan/kommercheskaya_nedvizhimost/208_ofis_yur.adres_8227142710,2 недели назад,АРЕНДАKZN,"ООО «Рантье» сдаст в аренду офисные помещения на третьем этаже в офисном центре. Адрес-улица Фатыха Амирхана дом 60, рядом с Авторынком. Преимущества: Собственник, Без Комиссии! — здание находится на первой линии, на границе Ново-Савиновского и Авиастроительного районов, на стороне Авторынка. — граф",2026-09-29T21:10:57.259Z,55.845921,49.134639,"Россия, Республика Татарстан (Татарстан), Казань, улица Фатыха Амирхана, 60",house
4477230518,"Склад, 750 м²",637000,637 000 ₽ в месяц,₽,₽/мес.,750,"Крутовская ул., 26, р-н Приволжский",https://www.avito.ru/kazan/kommercheskaya_nedvizhimost/sklad_750_m_4477230518,7 дней назад,Доставка Плюс,"Сдаем в аренду Часть складского помещения, оборудованную 3-х и 4-х ярусными стеллажами с дополнительным местом для напольного хранения. Общая площадь под сдачу от 750 м2. Имеется бытовое помещение для сотрудников склада. Склад расположен в черте города (Приволжский район г. Казани)по адресу: ул. Кру",2026-09-29T21:10:57.259Z,55.727328,49.112954,"Россия, Республика Татарстан (Татарстан), Казань, Крутовская улица, 26",house
7859350690,"Чистопольская 23, 45.3 м²,аренда",1987,1 987 ₽ в месяц за м²,₽,₽/мес. за м²,45.3,"Чистопольская ул., 23, Козья Слобода, 16–20 мин.",https://www.avito.ru/kazan/kommercheskaya_nedvizhimost/chistopolskaya_23_45.3_marenda_7859350690,1 неделю назад,,"Сдается помещение на самой оживленной улице Чистопольская 23 под различные виды деятельности: офис, салон, торговля и т. Д.1-й этаж,1-я линия, отдельный вход. Площадь помещения 45.3 кв. М. Высокий автомобильный и пешеходный трафик.",2026-09-29T21:10:57.259Z,55.819914,49.117733,"Россия, Республика Татарстан (Татарстан), Казань, Чистопольская улица, 23",house
7395014742,"Торговая площадь, 14 м²",14000,14 000 ₽ в месяц с НДС,₽,₽/мес.,14,"Д. Куюки, 11-й квартал, 64",https://www.avito.ru/kazan/kommercheskaya_nedvizhimost/torgovaya_ploschad_14_m_7395014742,2 недели назад,"Сеть магазинов ""Верный""","Федеральная торговая сеть «Верный» предлагает в аренду торговую площадь 14 кв. М. В соседстве разливное Аптека и Пвз. Отдельный вход. Первая линия, отдельный вход, возможность размещения вывески. Высокий пешеходный и автомобильный трафик. Рассматриваем арендаторов разных сфер деятельности.",2026-09-29T21:10:57.259Z,55.709322,49.341144,"Россия, Республика Татарстан (Татарстан), Пестречинский район, Богородское сельское поселение, деревня Куюки, 11-й квартал, 64",house
8367473402,Офис 150 м² в 197 м от метро,180000,180 000 ₽ в месяц,₽,₽/мес.,150,"Ул. Нурсултана Назарбаева, 12В, Суконная слобода, до 5 мин.",https://www.avito.ru/kazan/kommercheskaya_nedvizhimost/ofis_150_m_v_197_m_ot_metro_8367473402,Вчера,"ООО ""Фестрал""","Сдается готовый офис 149,9 м² с отдельным входом. До метро — 197 м. Помещение с чистовой отделкой и кабинетной планировкой, свободно и готово к заезду. В помещении: — кабинеты; — оборудованная кухня; — санузел; — кондиционирование; — приточно-вытяжная вентиляция; — электрическая мощность 15 квт. Бли",2026-09-29T21:10:57.259Z,55.775439,49.140748,"Россия, Республика Татарстан (Татарстан), Казань, улица Нурсултана Назарбаева, 12В",house
2285731371,"Склад, 200 м²",400,400 ₽ в месяц за м² с НДС,₽,₽/мес. за м²,200,"Тихорецкая ул., 7к5, р-н Приволжский",https://www.avito.ru/kazan/kommercheskaya_nedvizhimost/sklad_200_m_2285731371,1 неделю назад,Гироком,"Складское помещение. Можно Арендовать 290 кв. М,350 кв. М, 720 кв. М. Сдается склад с пандусом на 2м этаже складского комплекса ""Тихорецкая, д.7Е. Складской комплекс находится на первой линии Большого Казанского Кольца (расположение между ул. Безымянный пер. И ул. Крутовская). В 10 км от центра горо",2026-09-29T21:10:57.259Z,55.730466,49.119547,"Россия, Республика Татарстан (Татарстан), Казань, Тихорецкая улица, 7к5",house
7811202840,"Офис, 134.6 м²",100000,100 000 ₽ в месяц,₽,₽/мес.,134.6,"Ул. Зинина, 3, Суконная слобода, 21–30 мин.",https://www.avito.ru/kazan/kommercheskaya_nedvizhimost/ofis_134.6_m_7811202840,2 недели назад,Азалия Нуриева,"Сдам помещение с Отдельным Входом. Просторная входная группа. Место для вывески на фасаде здания. Назначение любое- торговля, офис, сфера услуг. Высота потолков 3,2 м. Качественный ремонт из дизайнерских материалов. Доступ круглосуточный. Возможна перепланировка под Арендатора.",2026-09-29T21:10:57.259Z,55.791177,49.156558,"Россия, Республика Татарстан (Татарстан), Казань, улица Зинина, 3",house
8351449171,"Торговая площадь (островки), 1 м²",4000,4 000 ₽ в месяц,₽,₽/мес.,1,"Ул. Маршала Чуйкова, 4, Яшьлек, 16–20 мин.",https://www.avito.ru/kazan/kommercheskaya_nedvizhimost/torgovaya_ploschad_ostrovki_1_m_8351449171,7 дней назад,"АО ""Казанский завод медицинской аппаратуры""","Торговый центр на ул. Маршала Чуйкова, д.4 предлагает в аренду островки, площадью 1,0 — 20,0 кв. М., на первом этаже. Первая линия, высокий трафик обеспечивает продуктовый магазин « Чижик », магазин «Модная одежда и обувь », ресторан » Окинава ». Здание расположено в густонаселенном районе г. Казани",2026-09-29T21:10:57.259Z,55.835629,49.104123,"Россия, Республика Татарстан (Татарстан), Казань, улица Маршала Чуйкова, 4",house
7612334772,"Помещение 1 этаж, 16 м² с отдельным входом",37500,37 500 ₽ в месяц с НДС,₽,₽/мес.,16,"Ул. Рашида Вагапова, 17Б, р-н Советский",https://www.avito.ru/kazan/kommercheskaya_nedvizhimost/pomeschenie_1_etazh_16_m_s_otdelnym_vhodom_7612334772,1 неделю назад,Аренда «Vagapov Business Park»,"Предлагаем в аренду помещение 16 кв. М на 1 этаже на первой линии, с отдельным входом, в густонаселенном районе, в новом Здании «Vagapov Business Park», с чистовой отделкой, в помещении свой санузел, высота потолка 4 м, высокий пешеходный и автомобильный трафик.",2026-09-29T21:10:59.924Z,55.783043,49.228459,"Россия, Республика Татарстан (Татарстан), Казань, улица Рашида Вагапова, 17Б",house
8080870162,"Свободного назначения, 48 м²",900,900 ₽ в месяц,₽,₽/мес.,48,"Ул. Горьковское Шоссе, 2Ак2, Яшьлек, от 31 мин.",https://www.avito.ru/kazan/kommercheskaya_nedvizhimost/svobodnogo_naznacheniya_48_m_8080870162,Вчера,,"Новое помещение с качественным ремонтом ждёт арендаторов. Площадью 48 кв. М. Или 68 кв. М. Цена 9 00рублей за 1 кв. М. Срок аренды не менее 11 месяцев. Доступ в помещение 24/7, вход с улицы. Удобная транспортная развязка, подъездные пути, остановки общественного транспорта. ЖК «Элегия». Коммунальные",2026-09-29T21:10:57.259Z,55.825942,49.04161,"Россия, Республика Татарстан (Татарстан), Казань, улица Горьковское Шоссе, 2Ак2",house
8325997557,"Свободного назначения, 28 м²",1400,1 400 ₽ в месяц,₽,₽/мес.,28,"Ул. Ноксинский Спуск, 29, Проспект Победы, от 31 мин.",https://www.avito.ru/kazan/kommercheskaya_nedvizhimost/svobodnogo_naznacheniya_28_m_8325997557,7 дней назад,Работа в ПВЗ,"Возьмите, пока свободно! Отдельный кабинет 15 кв. М + 10 кв. М на первой линии Ноксинский спуск. Густонаселённый район — коммерческой недвижимости здесь очень мало. Сдам помещение общей площадью 28 кв. М по адресу: ул. Ноксинский спуск, 37 (первая линия, жилой массив Советского района). Густонаселён",2026-09-29T21:10:57.259Z,55.770168,49.239571,"Россия, Республика Татарстан (Татарстан), Казань, улица Ноксинский Спуск, 29",house
8167896162,"Сдам торговое помещение, 54 м²",70000,70 000 ₽ в месяц,₽,₽/мес.,54,"Ул. Азата Аббасова, 13, р-н Советский",https://www.avito.ru/kazan/kommercheskaya_nedvizhimost/sdam_torgovoe_pomeschenie_54_m_8167896162,Вчера,"АН ""АРСЛАН""","Id:33777. Сдается коммерческое помещение 54 метра в новом густонаселенном ЖК Весна.1 линия, отдельный вход. Помещение с ремонтом. Имеется мокрая точка. Помещение отличнo подoйдёт под oфиc, дeтcкую студию, кaбинет лoгопeдa, мaссaжный кaбинeт, cтудию крacoты, пapикмaxерскую и другие виды бизнеса. Отли",2026-09-29T21:10:57.259Z,55.791132,49.250396,"Россия, Республика Татарстан (Татарстан), Казань, улица Азата Аббасова, 13",house
8027058741,"Офис в центре города, 21.6 м²",2100,2 100 ₽ в месяц,₽,₽/мес.,21.6,"Ул. Баумана, 44/8, Кремлёвская, 6–10 мин.",https://www.avito.ru/kazan/kommercheskaya_nedvizhimost/ofis_v_tsentre_goroda_21.6_m_8027058741,3 недели назад,ЦДБ РОДИНА,"Собcтвeнник сдacт в aренду помещение площaдью 21,6 кв. М. В Цeнтре Досуга и Бизнeca «Poдина», рaспoложeнный в центpe Казани («Кaзанский Аpбат»), в 100 метрaх oт улицы Taтapcтaн. Удобнoe paспoложeние позволяeт лeгко добраться до Цдб «Родиhа» на любoм виде тpанспоpтa. В нeпосредственной близости распо",2026-09-29T21:10:57.259Z,55.79144,49.112172,"Россия, Республика Татарстан (Татарстан), Казань, улица Баумана, 44/8",house
8481737799,Офис,1200,1 200 ₽ в месяц за м²,₽,₽/мес. за м²,35,"3-я Победиловская ул., 3А, р-н Приволжский",https://www.avito.ru/kazan/kommercheskaya_nedvizhimost/ofis_8481737799,7 дней назад,,"Сдаются комфортные офисные помещения на втором этаже здания (площадь офисов от 11 до 35 кв. М.). Характеристики: Стильный, новый дизайнерский ремонт (на полу керамогранит, двери скрытого монтажа, стены и потолки под покраску). Вход в здание по фейс-айди. Домофон в каждом кабинете (с возможностью уда",2026-09-29T21:10:57.259Z,55.722892,49.089032,"Россия, Республика Татарстан (Татарстан), Казань, 3-я Победиловская улица, 3А",house
7247484743,"Здание, 105.4 м²",15000,15 000 ₽ в месяц,₽,₽/мес.,105.4,"С. Кильдеево, Центральная ул., 75А",https://www.avito.ru/kazan/kommercheskaya_nedvizhimost/zdanie_105.4_m_7247484743,Вчера,"АНО ""ЦКР ""Иннокам""","Здание бывшего детского сада расположено на земельном участке площадью 1623,4 кв. М. Обязательные условия аренды: Арендатор — субъект Мсп. Минимальный срок аренды — 5 лет. Договор заключается по льготной арендной ставке: * первые два года — бесплатно, * третий год — 25% от стоимости аренды в месяц, ",2026-09-29T21:10:59.924Z,55.537938,48.651112,"Россия, Республика Татарстан (Татарстан), Верхнеуслонский район, Кильдеевское сельское поселение, село Кильдеево, Центральная улица, 75А",house
8358903671,Офис,55000,55 000 ₽ в месяц,₽,₽/мес.,25,"Астрономическая ул., 6/18, Площадь Тукая, 6–10 мин.",https://www.avito.ru/kazan/kommercheskaya_nedvizhimost/ofis_8358903671,Вчера,ип михайло,"* Сдаётся в аренду коммерческое помещение в центре Казани*. *Адрес: * г. Казань, ул. Астрономическая 6 18(2 этаж). *Площадь: 25 м². *Доступ: * круглосуточно (24/7). Почему это идеальный вариант? *Выгодное расположение: — В шаговой доступности улица Баумана — сердце туристической и деловой жизни горо",2026-09-29T21:10:59.924Z,55.788439,49.115101,"Россия, Республика Татарстан (Татарстан), Казань, Астрономическая улица, 6/18",house
8060880382,"Свободного назначения, 25 м²",25000,25 000 ₽ в месяц,₽,₽/мес.,25,"Ул. Журналистов, 2, р-н Советский",https://www.avito.ru/kazan/kommercheskaya_nedvizhimost/svobodnogo_naznacheniya_25_m_8060880382,Вчера,"салон красоты ""Виртуоз""","Сдается часть помещения в действующем салоне красоты «Виртуоз». Высокий Цокольный этаж. Подойдёт под: Офис компании. Кабинет специалиста. Юридические услуги. Бухгалтерию. Консультации. Образовательные услуги. Онлайн-бизнес. Небольшую команду. Представительство. Услуги красоты. Другие варианты, готов",2026-09-29T21:10:59.924Z,55.807354,49.190963,"Россия, Республика Татарстан (Татарстан), Казань, улица Журналистов, 2",house
7944616390,"Свободного назначения, 54.8 м²",60000,60 000 ₽ в месяц,₽,₽/мес.,54.8,"Ул. Хусаина Мавлютова, 8/20, Горки, 6–10 мин.",https://www.avito.ru/kazan/kommercheskaya_nedvizhimost/svobodnogo_naznacheniya_54.8_m_7944616390,7 дней назад,,"Сдаю в аренду помещение свободного назначения площадью 54,8квадратных метров. Расположено в Казани, на улице Хусаина Мавлютова, 8/20 в жилом доме. Рядом есть Магнит и мебельный салон Уют, также недалеко рынок Мавлютова с большой проходимостью.",2026-09-29T21:10:59.924Z,55.755981,49.187451,"Россия, Республика Татарстан (Татарстан), Казань, улица Хусаина Мавлютова, 8/20",house
3835652367,Торговое помещение 1 линия на супертрафике 27.5 м²,65000,65 000 ₽ в месяц,₽,₽/мес.,27.5,"Даурская ул., 21/9, Аметьево, 6–10 мин.",https://www.avito.ru/kazan/kommercheskaya_nedvizhimost/torgovoe_pomeschenie_1_liniya_na_supertrafike_27.5_m_3835652367,7 дней назад,,"Сдам в аренду торговое помещение первая линия на перекрестке Даурская/Карбышева, высокий пешеходный трафик.1 этаж свой вход, вывеска, помещение правильной прямоугольной формы. Рядом остановка общественного транспорта, в здании магазин магнит и другие.65 000 т. Р в месяц + ком. Платежи.",2026-09-29T21:10:59.924Z,55.765265,49.179061,"Россия, Республика Татарстан (Татарстан), Казань, Даурская улица, 21/9",house
8040733716,"Сдается помещение со стильным ремонтом, НДС 22%",1800,1 800 ₽ в месяц за м² с НДС,₽,₽/мес. за м²,80,"Ул. Азата Аббасова, 16, р-н Советский",https://www.avito.ru/kazan/kommercheskaya_nedvizhimost/sdaetsya_pomeschenie_so_stilnym_remontom_nds_22_8040733716,7 дней назад,,"Сдается помещение свободного назначения площадью 80 м² с новым дизайнерским ремонтом. Заезжайте сегодня, никаких затрат на ремонт и ожидания открытия. Ндс включен в стоимость аренды. Характеристики: - Находится в ЖК Весна, густо населенный жилой комплекс, плюс огромный частный сектор по соседству. -",2026-09-29T21:10:59.924Z,55.787999,49.251079,"Россия, Республика Татарстан (Татарстан), Казань, улица Азата Аббасова, 16",house
8371210331,"Аренда 30 кв.м. на Беломорской, 69Ак1",2000,2 000 ₽ в месяц за м²,₽,₽/мес. за м²,30,"Беломорская ул., 69Ак1, Авиастроительная, от 31 мин.",https://www.avito.ru/kazan/kommercheskaya_nedvizhimost/arenda_30_kv.m._na_belomorskoy_69ak1_8371210331,1 сентября 15:04,МеГаРус-М,"Сдается кoммepческое помещение cвобoдногo нaзнaчeния нa пеpвом этaжe в гуcтонаселeнном районе города co слeдующими xapактepиcтикaми: - пeрвый этaж ; - тopговaя площадь пoмещeния: 30 кв. М. ; - выcотa потoлкoв 5 метpов; - меcто пoд реклaмную вывеску; - центральное водоснабжение, электроснабжение и от",2026-09-29T21:10:59.924Z,55.865657,49.029285,"Россия, Республика Татарстан (Татарстан), Казань, Беломорская улица, 69Ак1",house
8326442638,Под кофейню 40 м² у входа в БЦ Журналистов,64000,64 000 ₽ в месяц,₽,₽/мес.,40,"Ул. Журналистов, 2А, р-н Советский",https://www.avito.ru/kazan/kommercheskaya_nedvizhimost/pod_kofeynyu_40_m_u_vhoda_v_bts_zhurnalistov_8326442638,7 дней назад,МЕТРИКА ДЕВЕЛОПМЕНТ,"На входе в бизнес-центр | Выход на улицу | Под кофейню и кофе навынос | Казань, Журналистов, 2А | От собственника. Сдаю помещение под кофейню в БЦ на ул. Журналистов, 2А. Расположено на входе в бизнес-центр, есть выход на улицу. Аренда — 1 600 ₽ за м² в месяц. Формат для кофейни, ориентированной на ",2026-09-29T21:10:59.924Z,55.806429,49.191493,"Россия, Республика Татарстан (Татарстан), Казань, улица Журналистов, 2А",house
8158486180,"Торговая площадь, 22.3 м²",40000,40 000 ₽ в месяц,₽,₽/мес.,22.3,"Ул. Чкалова, 6, Яшьлек, 21–30 мин.",https://www.avito.ru/kazan/kommercheskaya_nedvizhimost/torgovaya_ploschad_22.3_m_8158486180,1 неделю назад,Гульнара Галеевна Исхакова,"Сдам торговое помещение от собственника. Характеристики: · Свободная планировка. · Отдельный вход. Своя мокрая точка, сан. Узел. · Высота потолков позволяет зонировать пространство. · Под любой вид деятельности: магазин, пекарню, салон красоты, офис, пункт выдачи, аптека. Хороший пешеходный трафик р",2026-09-29T21:10:59.924Z,55.82001,49.060339,"Россия, Республика Татарстан (Татарстан), Казань, улица Чкалова, 6",house
8394146650,Свободного назначения под любые цели 68 м2,80000,80 000 ₽ в месяц,₽,₽/мес.,,"Ул. Рихарда Зорге, 67А, Проспект Победы, до 5 мин.",https://www.avito.ru/kazan/kommercheskaya_nedvizhimost/svobodnogo_naznacheniya_pod_lyubye_tseli_68_m2_8394146650,7 дней назад,РиэлтРеспект,От собственника! Сдается в аренду отдельно стоящее здание площадью 68 м2 — редкое предложение на рынке! * Объект и земельный участок полностью в собственности. * Все необходимые коммуникации подключены. * Подготовлен проект газоснабжения. * Подходит под любой вид деятельности: от офиса и магазина до,2026-09-29T21:10:59.924Z,55.749598,49.211732,"Россия, Республика Татарстан (Татарстан), Казань, улица Рихарда Зорге, 67А",house
8512984441,Свободного назначения,550,550 ₽ в месяц за м²,₽,₽/мес. за м²,300,"3-я Победиловская ул., 3А, р-н Приволжский",https://www.avito.ru/kazan/kommercheskaya_nedvizhimost/svobodnogo_naznacheniya_8512984441,7 дней назад,,"Предлагаем в аренду помещение нежилого здания общей площадью 300,00 кв. М. Высота 7,1 м, потолок утепленный, ворота Дорхан (высота 4,2 м). Полы в помещении промышленные, бетонные, ровные. Освещение светильниками Led. Мощность электричества 50 квт. Но возможно увеличение. Круглосуточный доступ, удобн",2026-09-29T21:10:59.924Z,55.722892,49.089032,"Россия, Республика Татарстан (Татарстан), Казань, 3-я Победиловская улица, 3А",house
8167173114,Сдаётся помещение на первой линии ул чернышевского,1800,1 800 ₽ в месяц с НДС,₽,₽/мес.,,"Ул. Чернышевского, 28, Кремлёвская, 6–10 мин.",https://www.avito.ru/kazan/kommercheskaya_nedvizhimost/sdaetsya_pomeschenie_na_pervoy_linii_ul_chernyshevskogo_8167173114,7 дней назад,Единая арендная система,"Сдаётся Помещение На Первой Линии УЛ. Чернышевского, 28! Просторное, светлое помещение с отдельным входом с улицы, большой витриной и высокими потолками. Всё готово к запуску вашего бизнеса — свой санузел, уютный двор, полная готовность. Пешком от центра Казани, высокая пешеходная проходимость. Ключ",2026-09-29T21:10:59.924Z,55.789902,49.105372,"Россия, Республика Татарстан (Татарстан), Казань, улица Чернышевского, 28",house
8106284652,"Свободного назначения, 90 м²",1700,1 700 ₽ в месяц,₽,₽/мес.,90,"С. Усады, жилой комплекс Новый Свет, УБ-6",https://www.avito.ru/kazan/kommercheskaya_nedvizhimost/svobodnogo_naznacheniya_90_m_8106284652,1 неделю назад,,"Сдаётся помещение в новом перспективном ЖК Новый Свет. Ориентировочно сдача в конце июня. Усады Лаишевского района 90кв. Предчистовая отделка. ( стены отштукатурены, полы залиты)1700₽ за кв+ коммунальные платежи. Очень красивое и уютное место. Большая парковка напротив входа с возможностью подъехать",2026-09-29T21:10:59.924Z,55.670722,49.236131,"Россия, Республика Татарстан (Татарстан), Лаишевский район, Столбищенское сельское поселение, село Усады, жилой комплекс Новый Свет",district
8435048555,Кладовая,1000,1 000 ₽ в месяц,₽,₽/мес.,,"Ул. Габдуллы Кариева, 4, Аметьево, от 31 мин.",https://www.avito.ru/kazan/kommercheskaya_nedvizhimost/kladovaya_8435048555,7 дней назад,Алина,Сдам кладовое помещение в жилом доме. Первый месяц 1000 руб. Со второго месяца 3500 руб.,2026-09-29T21:10:59.924Z,55.78526,49.18543,"Россия, Республика Татарстан (Татарстан), Казань, улица Габдуллы Кариева, 4",house
8045718735,"Свободного назначения, 83.7 м²",125000,125 000 ₽ в месяц,₽,₽/мес.,83.7,"Ул. Анаса Тазетдинова, 7к7, р-н Советский",https://www.avito.ru/kazan/kommercheskaya_nedvizhimost/svobodnogo_naznacheniya_83.7_m_8045718735,1 неделю назад,,"Первая линия жк Нокса парк. Шикарное помещение с отдельным входом, свободной планировки и размещенное не под жилыми квартирами. Автомобильный и живой трафик в большом объеме.",2026-09-29T21:10:59.924Z,55.806236,49.22633,"Россия, Республика Татарстан (Татарстан), Казань, улица Анаса Тазетдинова, 7к7",house
8232416227,Сдаются в аренду офисные помещения 160.7 кв.м,700,700 ₽ в месяц за м² с НДС,₽,₽/мес. за м²,160.7,"Ул. Восстания, 100к5110, Яшьлек, 21–30 мин.",https://www.avito.ru/kazan/kommercheskaya_nedvizhimost/sdayutsya_v_arendu_ofisnye_pomescheniya_160.7_kv.m_8232416227,2 недели назад,,"Предлагаем Вашему вниманию офисное помещение на 2-ом этаже 4-х этажного административного здания общей площадью 160.7кв. М. Расположенного на территории промышленной площадки АО Химград. Здание круглосуточно охраняется, имеется видео наблюдение, бесплатная парковка для автотранспорта, удобный проезд",2026-09-29T21:10:59.924Z,55.834113,49.043559,"Россия, Республика Татарстан (Татарстан), Казань, улица Восстания, 100к5110",house
8135469401,Свободного назначения,57000,57 000 ₽ в месяц с НДС,₽,₽/мес.,,"Ул. Хайдара Бигичева, 11, р-н Советский",https://www.avito.ru/kazan/kommercheskaya_nedvizhimost/svobodnogo_naznacheniya_8135469401,7 дней назад,,"Сдаю помещение на Бигичева, первая линия, рядом остановка, пешеходный переход. В помещении хороший ремонт, заезжай и работай, последний арендатор Вайлбериз. Коммуналка отдельно. Я собственник. Торг.",2026-09-29T21:10:59.924Z,55.785589,49.223159,"Россия, Республика Татарстан (Татарстан), Казань, улица Хайдара Бигичева, 11",house
7754628861,"Офис, 320 м²",2500,2 500 ₽ в месяц за м² с НДС,₽,₽/мес. за м²,320,"Московская ул., 30, Кремлёвская, 6–10 мин.",https://www.avito.ru/kazan/kommercheskaya_nedvizhimost/ofis_320_m_7754628861,2 недели назад,АВ ГРУПП,"Аренда от Собственника! Казань, ул. Московская, д. 30 — первая линия. Предлагаем в аренду помещение площадью 320кв. М расположенное на 2м этаже нового административного здания по ул. Московская, г. Казань. Здание расположено в исторической части города, на первой линии по улице Московская, на террит",2026-09-29T21:10:59.924Z,55.789153,49.10636,"Россия, Республика Татарстан (Татарстан), Казань, Московская улица, 30",house
7651461695,"Офис, 28.6 м²",42900,42 900 ₽ в месяц с НДС,₽,₽/мес.,28.6,"Ул. Рихарда Зорге, 66Б, Проспект Победы, до 5 мин.",https://www.avito.ru/kazan/kommercheskaya_nedvizhimost/ofis_28.6_m_7651461695,7 дней назад,"Отель ""Олимп""","Сдаем помещение под офис/кабинет красоты/косметологических услуг и т. Д. Помещение: 28,6 кв. М. — 42 900 руб. /мес. (1 500 руб. /кв. М.) + обеспечительный платеж. Помещение расположено на 14 этаже. В стоимость включен Ндс. В стоимость аренды включены коммунальные услуги. Помещение находится в здании",2026-09-29T21:10:59.924Z,55.747672,49.209927,"Россия, Республика Татарстан (Татарстан), Казань, улица Рихарда Зорге, 66Б",house
8175714480,"Офис, 34 м²",35000,35 000 ₽ в месяц,₽,₽/мес.,34,"Московская ул., 15, Кремлёвская, 6–10 мин.",https://www.avito.ru/kazan/kommercheskaya_nedvizhimost/ofis_34_m_8175714480,2 недели назад,Наталья Занько,"Сдается oфис 34 м² от Собственника без каких либо комиссий нa ул Московская 15, Вахитовский райoн, Kaзaнь. Сдаю офиснoе помещeниe в Kaзaни нa улицe Московская 15, Вахитовский райoн — однa из cамыx воcтрeбoванныx локaций гоpoда. Рядом с Кремлем, цумом. Oтличный вapиaнт для теx, кто ищет офис с удобно",2026-09-29T21:10:59.924Z,55.792225,49.104348,"Россия, Республика Татарстан (Татарстан), Казань, Московская улица, 15",house
8283046893,"Сдам офисное помещение, 134 м²",1600,1 600 ₽ в месяц за м²,₽,₽/мес. за м²,134,"Ул. Сибгата Хакима, 41, Козья Слобода, от 31 мин.",https://www.avito.ru/kazan/kommercheskaya_nedvizhimost/sdam_ofisnoe_pomeschenie_134_m_8283046893,3 дня назад,АРР Управляющая компания,"Сдам офис 134м² на Сибгата Хакима 41 / 5 кабинетов с окнами / 1600 р с коммуналкой. Сдается светлое офисное помещение 134 м по адресу: Казань, улица Сибгата Хакима, 41. Пространство поделено на 5 отдельных кабинетов. Все кабинеты с окнами — естественный свет в каждом помещении. Потолки 3 метра, комф",2026-09-29T21:10:59.924Z,55.816187,49.140245,"Россия, Республика Татарстан (Татарстан), Казань, улица Сибгата Хакима, 41",house
8202443895,"Склад, 145 м²",60000,60 000 ₽ в месяц,₽,₽/мес.,145,"Ул. Чернышевского, 30, Кремлёвская, 6–10 мин.",https://www.avito.ru/kazan/kommercheskaya_nedvizhimost/sklad_145_m_8202443895,7 дней назад,Пользователь,"Сдаётся в аренду теплое складское помещение свободного назначения с ремонтом, с окнами и с сан узлом, в центральной части города.",2026-09-29T21:10:59.924Z,55.789451,49.104788,"Россия, Республика Татарстан (Татарстан), Казань, улица Чернышевского, 30",house
7966816977,"Помещение на первой линии, 50 кв.м., в аренду",700,700 ₽ в месяц за м²,₽,₽/мес. за м²,50.1,"Гвардейская ул., 33, Суконная слобода, 21–30 мин.",https://www.avito.ru/kazan/kommercheskaya_nedvizhimost/pomeschenie_na_pervoy_linii_50_kv.m._v_arendu_7966816977,7 дней назад,Максим,"Описание. Сдаю в аренду офис (помещение свободного назначения): юридический адрес бесплатно. Первая линия. Удобная локация. Транспортная развязка во все направления города. Площадь 50,1 кв. М. 2 лифта. Парковка бесплатная и платная около здания. Круглосуточный доступ. Кондиционеры. Установлена систе",2026-09-29T21:10:59.924Z,55.785604,49.171596,"Россия, Республика Татарстан (Татарстан), Казань, Гвардейская улица, 33",house
8387338436,"Помещение 4ц в цокольном этаже 14,2 м²",16401,16 401 ₽ в месяц с НДС,₽,₽/мес.,14.2,"Ул. Бондаренко, 26, Козья Слобода, 6–10 мин.",https://www.avito.ru/kazan/kommercheskaya_nedvizhimost/pomeschenie_4ts_v_tsokolnom_etazhe_142_m_8387338436,2 недели назад,АРЕНДАKZN,"Собственник, Без Комиссии! ООО Рантье сдаст в аренду офисное помещение возле метро «Козья Слобода» От собственника | Под магазин, офис, услуги. Казань, ул. Бондаренко, 26. Прямая аренда без комиссии от собственника. Удобная парковка/шлагбаум. Первая линия, высокий автомобильный и пешеходный трафик. ",2026-09-29T21:11:46.594Z,55.82042,49.105552,"Россия, Республика Татарстан (Татарстан), Казань, улица Бондаренко, 26",house
8330946400,"Свободного назначения, 393 м²",360,360 ₽ в месяц за м²,₽,₽/мес. за м²,393,"Ул. Яшь Кыч, 6к1, р-н Приволжский",https://www.avito.ru/kazan/kommercheskaya_nedvizhimost/svobodnogo_naznacheniya_393_m_8330946400,7 дней назад,СЕРВИС СТАНДАРТ,Сдается помещение под свободное назначение. Находится в 10 минутах от центра. Удобные подъездные пути. Охрана.,2026-09-29T21:10:59.924Z,55.751609,49.10804,"Россия, Республика Татарстан (Татарстан), Казань, улица Яшь Кыч, 6к1",house
8172517188,"Свободного назначения, 34.8 м²",70000,70 000 ₽ в месяц,₽,₽/мес.,34.8,"Ул. Маршала Чуйкова, 69, р-н Ново-Савиновский",https://www.avito.ru/kazan/kommercheskaya_nedvizhimost/svobodnogo_naznacheniya_34.8_m_8172517188,1 неделю назад,Деловой Мир,"Сдается помещение свободного назначения по ул. Чуйкова 69. Предлагается помещение площадью 34,8 кв. М. Подходящее для различных видов деятельности: офиса, магазина, салона, учебного центра, медицинского кабинета, склада. Хорошая транспортная доступность, удобное местоположение. Основные преимущества",2026-09-29T21:12:47.759Z,55.836282,49.144781,"Россия, Республика Татарстан (Татарстан), Казань, улица Маршала Чуйкова, 69",house
2153664255,Помещение для бизнеса,70000,70 000 ₽ в месяц,₽,₽/мес.,,"Ул. Лукина, 48Ж, Авиастроительная, 16–20 мин.",https://www.avito.ru/kazan/kommercheskaya_nedvizhimost/pomeschenie_dlya_biznesa_2153664255,7 дней назад,Юля,"Сдаётся коммерческое помещение свободного назначения. Пространство можно адаптировать под различные виды деятельности. Помещение светлое, просторное и функциональное, подходит как для открытия нового проекта, так и для расширения уже действующего бизнеса. Преимущества: удобная планировка; просторное",2026-09-29T21:10:59.924Z,55.867117,49.095571,"Россия, Республика Татарстан (Татарстан), Казань, улица Лукина, 48Ж",house
1006492306,Площадь в аренду,2000,2 000 ₽ в месяц за м²,₽,₽/мес. за м²,45,"Чистопольская ул., 19А, Козья Слобода, 11–15 мин.",https://www.avito.ru/kazan/kommercheskaya_nedvizhimost/ploschad_v_arendu_1006492306,1 неделю назад,,"Сдается коммерческая площадь- 45 КВ. М, находящаяся в торговом комплексе «Арго»(Чистопольская 19а). Первая линия, отдельный вход с лицевой части здания( позволяет не зависеть от режима работы торгового комплекса), место под вывеску, стоянка, хороший ремонт, большой пешеходный и автомобильный трафик,",2026-09-29T21:10:59.924Z,55.81996,49.114858,"Россия, Республика Татарстан (Татарстан), Казань, Чистопольская улица, 19А",house
8448190545,Свободного назначения,100000,100 000 ₽ в месяц,₽,₽/мес.,,"Ул. Разведчика Ахмерова, 7, Суконная слобода, от 31 мин.",https://www.avito.ru/kazan/kommercheskaya_nedvizhimost/svobodnogo_naznacheniya_8448190545,7 дней назад,Альбина,Сдается в субаренду помещение 40 кв в действующем магазине детских товаров. Вход совместный. Коммунальные платежи включены.,2026-09-29T21:10:59.924Z,55.796977,49.182178,"Россия, Республика Татарстан (Татарстан), Казань, улица Разведчика Ахмерова, 7",house
8418371689,Свободного назначения,40000,40 000 ₽ в месяц с НДС,₽,₽/мес.,,"С. Лесные Моркваши, пр-т Созидателей, 5",https://www.avito.ru/kazan/kommercheskaya_nedvizhimost/svobodnogo_naznacheniya_8418371689,3 дня назад,,"Сдам помещение на первом этаже под коммерцию в новом ЖК, застройщиком в этих домах на первых этажах нет предложений под сдачу, а дома уже заселены жильцами, успейте воспользоваться ограниченным предложением, конкурентов нет.",2026-09-29T21:10:59.924Z,55.735419,48.821891,"Россия, Республика Татарстан (Татарстан), Верхнеуслонский район, Набережно-Морквашское сельское поселение, село Лесные Моркваши, проспект Созидателей, 5",house
8227274784,"217 офис 15 м² с окном, юр.адрес",15750,15 750 ₽ в месяц с НДС,₽,₽/мес.,15,"Ул. Михаила Миля, 63Б, Авиастроительная, от 31 мин.",https://www.avito.ru/kazan/kommercheskaya_nedvizhimost/217_ofis_15_m_s_oknom_yur.adres_8227274784,2 недели назад,АРЕНДАKZN,"Сдаётся офис 15 м² в БЦ «Миля» — коммунальные платежи и уборка включены. Казань, ул. Михаила Миля, 63Б. 15 750руб. /мес., Ндс включён. 2 этаж. Коммунальные платежи включены. Влажная уборка офиса включена. Бесплатный юридический адрес. Кондиционер, витражное остекление. Прямая аренда от собственника,",2026-09-29T21:10:59.924Z,55.853284,49.130336,"Россия, Республика Татарстан (Татарстан), Казань, улица Михаила Миля, 63Б",house
8056263341,Офис,336000,336 000 ₽ в месяц,₽,₽/мес.,,"Чистопольская ул., 88, Козья Слобода, от 31 мин.",https://www.avito.ru/kazan/kommercheskaya_nedvizhimost/ofis_8056263341,1 неделю назад,Эльвина,"2 этаж, первая линия, высокие потолки.2 входа со двора и с улицы. Окна панорамные и на обе стороны ( во двор и на ул. Чистопольская). Два санузла, системы вытяжки. Помещение с ремонтом. Первые три месяца аренда 336 000₽; далее на постоянной основе 420 000₽. К/у оплачиваются отдельно. Имеется залог. ",2026-09-29T21:10:59.924Z,55.81871,49.146461,"Россия, Республика Татарстан (Татарстан), Казань, Чистопольская улица, 88",house
2713071950,Аренда склада морского контейнера 15м2,5990,5 990 ₽ в месяц,₽,₽/мес.,,"Дорожный пер., 7, р-н Советский",https://www.avito.ru/kazan/kommercheskaya_nedvizhimost/arenda_sklada_morskogo_konteynera_15m2_2713071950,1 неделю назад,Александр,"Наша команда занимается сдачей в аренду морских контейнеров под склад на наших охраняемых площадках. *О нашей площадке: -Круглосуточная охрана, Кпп, шлагбаум, видеонаблюдение. -Удобный подъезд для любого вида транспорта. -Снег чистится, ночью территория освещается. *О контейнере: -Герметичный, сухой",2026-09-29T21:10:59.924Z,55.802361,49.214966,"Россия, Республика Татарстан (Татарстан), Казань, Дорожный переулок, 7",house
8367108280,"Свободного назначения, 150 м²",170000,170 000 ₽ в месяц,₽,₽/мес.,150,"Ул. Рихарда Зорге, 95, Дубравная, до 5 мин.",https://www.avito.ru/kazan/kommercheskaya_nedvizhimost/svobodnogo_naznacheniya_150_m_8367108280,1 неделю назад,Коммерческая Недвижимость,"Эксклюзив! Первая линия, Витрины, 40 квт, Потолки 3,86 м. Помещение 90 м² + склад 54 м². Ул. Зорге 95 (между двумя метро). Ищете место, которое будет работать на ваш бизнес 24/7? Сдается в аренду идеальное коммерческое помещение на первой линии одной из самых проходимых улиц Казани. Это не просто «к",2026-09-29T21:10:59.924Z,55.746259,49.216664,"Россия, Республика Татарстан (Татарстан), Казань, улица Рихарда Зорге, 95",house
7417339889,"Свободного назначения, 120 м²",100000,100 000 ₽ в месяц,₽,₽/мес.,120,"Залесная ул., 144, р-н Кировский",https://www.avito.ru/kazan/kommercheskaya_nedvizhimost/svobodnogo_naznacheniya_120_m_7417339889,7 дней назад,АЛЕКСАНДР,Аренда павилиона первая линия Зеленодольской трассы. - перед леруа. - огромный трафик по строительству и отделочных материалов. - сдаётся помещение в аренду под офис магазин. - Тёплое помещение с ремонтом. - Центральное отопление. (засчет этого дешёвая комуналка). - 1 линия Зеленодольской трассы Лер,2026-09-29T21:10:59.924Z,55.857483,48.862908,"Россия, Республика Татарстан (Татарстан), Казань, Залесная улица, 144",house
8251553062,"Офис, 44 м²",40000,40 000 ₽ в месяц,₽,₽/мес.,44,"Ул. Владимира Кулагина, 3, Аметьево, от 31 мин.",https://www.avito.ru/kazan/kommercheskaya_nedvizhimost/ofis_44_m_8251553062,7 дней назад,,"Сдаётся просторное, светлое и уютное офисное помещение общей площадью 44 кв. М на первом этаже коммерческого здания. Помещение идеально подходит для размещения современного офиса, студии. Коммунальные услуги: Не включены в стоимость аренды и оплачиваются отдельно. Освещение: Промышленные потолочные ",2026-09-29T21:10:59.924Z,55.742225,49.140685,"Россия, Республика Татарстан (Татарстан), Казань, улица Владимира Кулагина, 3к2",house
8127268309,"Офис, 73.4 м²",70000,70 000 ₽ в месяц с НДС,₽,₽/мес.,73.4,"Ул. Аметьевская Магистраль, 8, Аметьево, 11–15 мин.",https://www.avito.ru/kazan/kommercheskaya_nedvizhimost/ofis_73.4_m_8127268309,2 недели назад,RentComSpace,"Сдаётся коммерческое помещение под продуктовые и строительные магазины, кафе, пекарни, детский центр. (Без мебели). Ставка — 900 руб/м2 плюс коммунальные услуги. Основные характеристики: 1 этаж; 1 линия; Современный красивый фасад здания;; Отдельная входная группа; Чистовая отделка; Высокие потолки ",2026-09-29T21:10:59.924Z,55.771196,49.172503,"Россия, Республика Татарстан (Татарстан), Казань, улица Аметьевская Магистраль, 8",house
7776777709,Нежилое помещение от собственника,1400,1 400 ₽ в месяц,₽,₽/мес.,51.44,"Ул. Ярышлар, 8, р-н Приволжский",https://www.avito.ru/kazan/kommercheskaya_nedvizhimost/nezhiloe_pomeschenie_ot_sobstvennika_7776777709,7 дней назад,,"Уважаемые арендаторы, Предлагаем вашему вниманию аренду нежилого помещения по адресу: г. Казань, ул. Ярышлар, д.8. (ЖК Станция Спортивная). Помещение находится в торговой галерее, расположенной вдоль пешеходного бульвара, ближе к центральному проезду. Общая площадь 51,44 кв. М., 1 этаж. - Pаспoлагaе",2026-09-29T21:10:59.924Z,55.67923,49.202983,"Россия, Республика Татарстан (Татарстан), Казань, улица Ярышлар, 8",house
8312719799,"Красивый офис с мебелью, 54 м²",64000,64 000 ₽ в месяц,₽,₽/мес.,54,"Спартаковская ул., 2, Площадь Тукая, 6–10 мин.",https://www.avito.ru/kazan/kommercheskaya_nedvizhimost/krasivyy_ofis_s_mebelyu_54_m_8312719799,1 неделю назад,ИГОРЬ,"Собственник сдаст красивый и уютный офис с мебелью и бытовой техникой. Бизнес-центр «Караван». Общая площадь 54 кв. М, состоит из большого помещения для сотрудников, и 2х кабинетов с витражами. Самый центр города, удобно добираться клиентам и сотрудникам. Доступ 24 часа. Вид из больших окон на озеро",2026-09-29T21:10:59.924Z,55.780897,49.127309,"Россия, Республика Татарстан (Татарстан), Казань, Спартаковская улица, 2",house
8151514638,"Торговая площадь, 53 кв.м",2000,2 000 ₽ в месяц за м²,₽,₽/мес. за м²,53,"Ул. Анаса Тазетдинова, 1к9, р-н Советский",https://www.avito.ru/kazan/kommercheskaya_nedvizhimost/torgovaya_ploschad_53_kv.m_8151514638,3 дня назад,Аренда,"Сдается помещение в ЖК «Нокса Парк». Угловое помещение с просторными большими окнами. Площадь 53 кв. М. Сдается предварительно в Августе месяце. Без отделки, по ремонту и каникулам можно обговорить. Мощность 18квт, можно увеличить. Рядом дома уже заселены, соседи арендаторы: Магнит, Русалка, Валбери",2026-09-29T21:10:59.924Z,55.80696,49.22527,"Россия, Республика Татарстан (Татарстан), Казань, улица Анаса Тазетдинова, 1к9",house
7277946213,"Офис, 39 м²",650,650 ₽ в месяц за м²,₽,₽/мес. за м²,39,"Ул. Мазита Гафури, 71к3, Площадь Тукая, от 31 мин.",https://www.avito.ru/kazan/kommercheskaya_nedvizhimost/ofis_39_m_7277946213,7 дней назад,Пользователь,"Доступ 24/7. Коммунальные услуги включены. Офисные и складские помещения на 1, 2,3 этаже по ул. Мазита Гафури 71к3. - напротив автобусная остановка Мехобъединение. - 1 линия (напротив автобусной останвки Мехобъединение). - Своя закрытая парковка примерно на 30 машин. - Есть возможность разместить вы",2026-09-29T21:10:59.924Z,55.765676,49.104537,"Россия, Республика Татарстан (Татарстан), Казань, улица Мазита Гафури, 71к3",house
8240024153,"Кабинет 15м под маникюр, косметолога, школу,массаж",16000,16 000 ₽ в месяц,₽,₽/мес.,,"Ул. Академика Губкина, 30Б, р-н Советский",https://www.avito.ru/kazan/kommercheskaya_nedvizhimost/kabinet_15m_pod_manikyur_kosmetologa_shkolumassazh_8240024153,Вчера,Мария,"Сдам кабинеты от 15 до 25 метров под бьюти, косметологию, офис, школу, офис. Цоколь, офисный ремонт. Советский район, плотная застройка. Остановка 250 м. Парковка. 5 квт. Отдельный вход. Можно под общепит. 2 санузла. Отопление 6-7 т. Р/мес зимой благодаря счетчику, ку не более 3т. Р. В мес. Пожарная",2026-09-29T21:10:59.924Z,55.804228,49.194754,"Россия, Республика Татарстан (Татарстан), Казань, улица Академика Губкина, 30Б",house
8302589778,"Офис, 200 м²",1800,1 800 ₽ в месяц,₽,₽/мес.,200,"Право-Булачная ул., 13, Кремлёвская, до 5 мин.",https://www.avito.ru/kazan/kommercheskaya_nedvizhimost/ofis_200_m_8302589778,1 неделю назад,АНТГРУПП,"Предлагаем в аренду офис площадью 200 м² в центре города — пространство с потенциалом, чтобы вы смогли обустроить его под свои задачи. Локация обеспечивает отличную транспортную доступность. Что есть в помещении: — Гибкая планировка. Сейчас пространство имеет базовую (предчистовую) отделку — это и е",2026-09-29T21:11:02.579Z,55.793353,49.107106,"Россия, Республика Татарстан (Татарстан), Казань, Право-Булачная улица, 13",house
8274703028,"Свободного назначения, 135 м²",1800,1 800 ₽ в месяц за м²,₽,₽/мес. за м²,135,"Ул. Голубятникова, 2, Северный вокзал, 21–30 мин.",https://www.avito.ru/kazan/kommercheskaya_nedvizhimost/svobodnogo_naznacheniya_135_m_8274703028,1 неделю назад,КНК,"Сдается помещение на первой линии по улице Голубятникова. Помещение имеет 3 входных группы и зону разгрузки. Парковка. Рядом: улица Чуйкова, парк Победы, густо населенный район. Большой пешеходный и автомобильный трафик. Панорамное остекления.",2026-09-29T21:11:02.579Z,55.836747,49.104851,"Россия, Республика Татарстан (Татарстан), Казань, улица Голубятникова, 2",house
8419033906,"Торговая площадь, 30.6 м²",26000,26 000 ₽ в месяц,₽,₽/мес.,30.6,"Авангардная ул., 185, р-н Приволжский",https://www.avito.ru/kazan/kommercheskaya_nedvizhimost/torgovaya_ploschad_30.6_m_8419033906,Вчера,,"Помещение в проходном месте, обширная жилая застройка вокруг, активно ведется строительство нового района. Большой автомобильный трафик, прямо в здании Красное и Белое, кафе Исфара. Магнит и Пятерочка напротив.",2026-09-29T21:11:02.580Z,55.734567,49.145347,"Россия, Республика Татарстан (Татарстан), Казань, Авангардная улица, 185",house
7887815830,"Свободного назначения, 200.4 м²",1800,1 800 ₽ в месяц за м²,₽,₽/мес. за м²,200.4,"Чистопольская ул., 88, Козья Слобода, от 31 мин.",https://www.avito.ru/kazan/kommercheskaya_nedvizhimost/svobodnogo_naznacheniya_200.4_m_7887815830,7 дней назад,Сувар Холдинг,"Аренда: Предлагаем в аренду помещения свободного назначения в чистовой отделке (помещение использовалось под фитнес центр). Секция H — 200,4 кв/м; Вход с первой линии ул. Чистопольская, дом 88. Общедомовая вентиляционная система и система пожарного оповещения. Панорамные окна, свободная планировка, ",2026-09-29T21:11:02.580Z,55.81871,49.146461,"Россия, Республика Татарстан (Татарстан), Казань, Чистопольская улица, 88",house
2496379824,"Свободного назначения, 222 м²",900,900 ₽ в месяц за м²,₽,₽/мес. за м²,222,"Ул. Короленко, 28Б, Яшьлек, 16–20 мин.",https://www.avito.ru/kazan/kommercheskaya_nedvizhimost/svobodnogo_naznacheniya_222_m_2496379824,7 дней назад,магазин,"Сдаю видовое помещение свободного назначения в новом доме бизнес-класса ЖК Норвежский, со свежим ремонтом. Сдаёт Собственник. Возможно поделить на два помещения и снять либо 96 квадрат, либо 126 квадрат. Два входа, оба через улицу Короленко, центральный через обособленную входную группу, просматрива",2026-09-29T21:11:02.580Z,55.833572,49.101851,"Россия, Республика Татарстан (Татарстан), Казань, улица Короленко, 28Б",house
7848929284,"Магазин на Горках, 100 м²",160000,160 000 ₽ в месяц,₽,₽/мес.,100,"Ул. Рихарда Зорге, 82, Дубравная, до 5 мин.",https://www.avito.ru/kazan/kommercheskaya_nedvizhimost/magazin_na_gorkah_100_m_7848929284,Вчера,Наиль Хамзеевич,"Аренда торгово-офисного помещения на ул. Зорге, на первом этаже жилого дома с отдельным входом общей площадью 100 кв м Первая линия, высокий пешеходный и транспортный трафик перед магазином, Весь первый этаж заполнен магазинами и различными коммерческими объекты, вокруг густонаселённый жилой массив,",2026-09-29T21:11:02.580Z,55.745443,49.214975,"Россия, Республика Татарстан (Татарстан), Казань, улица Рихарда Зорге, 82",house
8036050161,"Торговый павильон, 20 м²",50000,50 000 ₽ в месяц,₽,₽/мес.,20,"Авиастроительный район, жилой массив Кадышево, Советская ул., 24, р-н Авиастроительный",https://www.avito.ru/kazan/kommercheskaya_nedvizhimost/torgovyy_pavilon_20_m_8036050161,7 дней назад,,"Сдается в аренду торговый павильон 20м2. Казань, Кадышево, Советская,24. Первый от дороги на основной торговой площади Кадышево. Рядом магазин «Пятерочка». Высокий трафик. Отопление, вода, канализация, управляющая компания. Аренда+ коммунальные + депозит.",2026-09-29T21:11:02.580Z,55.898942,49.128764,"Россия, Республика Татарстан (Татарстан), Казань, Авиастроительный район, жилой массив Кадышево, Советская улица, 24",house
7916234427,"Офис, 52 м²",1200,1 200 ₽ в месяц за м² с НДС,₽,₽/мес. за м²,52,"Пр. Яраткан, 1, Горки, 11–15 мин.",https://www.avito.ru/kazan/kommercheskaya_nedvizhimost/ofis_52_m_7916234427,7 дней назад,Пользователь,"Комфортный офис у метро Горки — 51,1 м2. Новое помещение в современном здании по адресу: проезд Яраткан, д. 1 (ЖК «Новые Горки») в динамично развивающемся районе. Локация: Всего 8 минут пешком до «Горки». Удобная транспортная развязка, вашим сотрудникам и клиентам будет легко до добраться. Первая ли",2026-09-29T21:11:02.580Z,55.763341,49.200998,"Россия, Республика Татарстан (Татарстан), Казань, проезд Яраткан, 1",house
8219389986,"Помещение с отдельным входом, 51 м²",1200,1 200 ₽ в месяц за м²,₽,₽/мес. за м²,51,"Чистопольская ул., 19А, Козья Слобода, 11–15 мин.",https://www.avito.ru/kazan/kommercheskaya_nedvizhimost/pomeschenie_s_otdelnym_vhodom_51_m_8219389986,Вчера,Loft Offices,"Помещение с отдельным входом на Чистопольской. - площадь 51 м². - аренда 1200 ₽/м². | комм. Плaтeжи отдельно. - свой санузел. - цокольный этаж, доступ 24/7. Локация. Помещение находится в здании Торгово-фисного центра «Арго» на ул. Чистопольская, перекресток с ул. Меридианная.",2026-09-29T21:11:02.580Z,55.81996,49.114858,"Россия, Республика Татарстан (Татарстан), Казань, Чистопольская улица, 19А",house
7817184629,Офисные помещения 48.5кв.м,700,700 ₽ в месяц,₽,₽/мес.,26.3,"Бухарская ул., 4Ак1, Горки, 21–30 мин.",https://www.avito.ru/kazan/kommercheskaya_nedvizhimost/ofisnye_pomescheniya_48.5kv.m_7817184629,7 дней назад,Адель Ильфатович,"Уютный теплый офис 23,2 и 26,3 КВ. М (2комнаты), в административном здании на 3этаже на территории охраняемой производственной базы, в офисах имеются кондиционеры, также туалет с раковиной, в офисе есть видеонаблюдение. Наши преимущества: Шикарная логистика(до центра города 10минут, прямой выезд на ",2026-09-29T21:11:02.580Z,55.772193,49.192473,"Россия, Республика Татарстан (Татарстан), Казань, Бухарская улица, 4Ак1",house
8259812078,"Склад, 308 м²",154000,154 000 ₽ в месяц,₽,₽/мес.,308,"1-я Владимирская ул., 108Дк2, р-н Советский",https://www.avito.ru/kazan/kommercheskaya_nedvizhimost/sklad_308_m_8259812078,7 дней назад,Рамиль,"Сдаётся холодный склад, завершающая стадия строительства, размеры 41 х16,85 двое ворот размером 4х4,5, пром. Полы, высота 9 м в нижней точке, охраняемая территория, асфальтированные подъездные пути, парковка для личного транспорта сотрудников, коммунальные платежи электричество и вывоз мусор оплачив",2026-09-29T21:11:02.580Z,55.82262,49.204501,"Россия, Республика Татарстан (Татарстан), Казань, 1-я Владимирская улица, 108Дк2",house
4156910640,"Офис, 206.1 м²",173124,173 124 ₽ в месяц с НДС,₽,₽/мес.,206.1,"Ул. Профессора Камая, 12, Горки, 16–20 мин.",https://www.avito.ru/kazan/kommercheskaya_nedvizhimost/ofis_206.1_m_4156910640,7 дней назад,Агентство Недвижимости Элит,"Сдам помещение под офис. В помещении сделан хороший, современный ремонт. Метро в пешей доступности. Территория дома огорожена. Парковка на 2 машины. Квартплата оплачивается отдельно. Рядом улицы Мавлютова, Проспект Победы, Баки Урманче, Оренбургский тракт.",2026-09-29T21:11:02.580Z,55.748356,49.184523,"Россия, Республика Татарстан (Татарстан), Казань, улица Профессора Камая, 12",house
7752187904,"Свободного назначения, 72 м²",100000,100 000 ₽ в месяц,₽,₽/мес.,72,"Чистопольская ул., 82, Козья Слобода, от 31 мин.",https://www.avito.ru/kazan/kommercheskaya_nedvizhimost/svobodnogo_naznacheniya_72_m_7752187904,7 дней назад,Елена,"Помещение свободного назначения 71,2кв. М., первый этаж жилого дома. Две просторные комнаты, зона ожидания, с/у, кухня, гардеробная и лоджия.",2026-09-29T21:11:02.580Z,55.818675,49.139625,"Россия, Республика Татарстан (Татарстан), Казань, Чистопольская улица, 82",house
8341364237,Офис,13600,13 600 ₽ в месяц,₽,₽/мес.,,"Ул. Родины, 7Е, Горки, 21–30 мин.",https://www.avito.ru/kazan/kommercheskaya_nedvizhimost/ofis_8341364237,7 дней назад,Барси,Офис на 3 этаже есть вснпровайдеры городские телефоны.,2026-09-29T21:11:02.580Z,55.771155,49.198437,"Россия, Республика Татарстан (Татарстан), Казань, улица Родины, 7Е",house
8251627964,Офис,50000,50 000 ₽ в месяц с НДС,₽,₽/мес.,,"Ул. Карла Маркса, 5, Кремлёвская, 6–10 мин.",https://www.avito.ru/kazan/kommercheskaya_nedvizhimost/ofis_8251627964,3 дня назад,,"Предлагаем в аренду уютное офисное помещение формата студии в историческом центре Казани — на улице Карла Маркса, 5. Помещение полностью готово к работе: -удобная рабочая зона со столом; -зона отдыха с диваном — отлично подходит для встреч и консультаций с клиентами; -собственный санузел с душем — д",2026-09-29T21:11:02.580Z,55.79765,49.111418,"Россия, Республика Татарстан (Татарстан), Казань, улица Карла Маркса, 5",house
7424269424,"Свободного назначения, 116 м²",149640,149 640 ₽ в месяц,₽,₽/мес.,116,"Чистопольская ул., 75, Козья Слобода, от 31 мин.",https://www.avito.ru/kazan/kommercheskaya_nedvizhimost/svobodnogo_naznacheniya_116_m_7424269424,1 неделю назад,,"Помещение в аренду, 116 м2. Чистопольская д.75. Сдается помещение на 1-этаже дома. Первая линия. Отдельный вход. Отличное месторасположение, напротив Дворца водных видов спорта и одной из самых загруженных городских дорожных развязок. Очень большой трафик. Превосходная видимость, ваши клиенты точно ",2026-09-29T21:11:02.580Z,55.82001,49.149668,"Россия, Республика Татарстан (Татарстан), Казань, Чистопольская улица, 75",house
3823121460,"Офис, 38.8 м²",600,600 ₽ в месяц за м² с НДС,₽,₽/мес. за м²,38.8,"Ул. Аделя Кутуя, 161, Горки, 16–20 мин.",https://www.avito.ru/kazan/kommercheskaya_nedvizhimost/ofis_38.8_m_3823121460,Вчера,ТАТ.РЕНТ,"Сдается офисное помещение на 2 этаже административного здания площадью 38,8 кв. М. (на схеме помещение №210). Высота потолков — 3 м. Помещение с 2мя окнами, светлое. Косметический ремонт. Санузел на этаже. Перед зданием находится парковка. Также есть другие офисы (от 14 до 20 кв. М.). Коммунальные п",2026-09-29T21:11:02.580Z,55.769054,49.189014,"Россия, Республика Татарстан (Татарстан), Казань, улица Аделя Кутуя, 161",house
8192886941,Свободного назначения,60000,60 000 ₽ в месяц,₽,₽/мес.,,"Ул. Галии Кайбицкой, 3, р-н Советский",https://www.avito.ru/kazan/kommercheskaya_nedvizhimost/svobodnogo_naznacheniya_8192886941,3 дня назад,,"Сдам в аренду торговую площадь 40,6кв метров в Азино, по ул Кайбитской д 3. Между ул. Академика Сахарова и ул. Глушко, а также между Вагапова и Закиева. Вместо магазина Детская одежда. Предыдущий арендатор сидел 9 лет. Напротив торговой площади выгодно расположена площадка для подъезда машин. Огромн",2026-09-29T21:11:02.580Z,55.780198,49.232672,"Россия, Республика Татарстан (Татарстан), Казань, улица Галии Кайбицкой, 3",house
8136927237,Склад,350000,350 000 ₽ в месяц с НДС,₽,₽/мес.,,"Ул. Васильченко, 28, Северный вокзал, от 31 мин.",https://www.avito.ru/kazan/kommercheskaya_nedvizhimost/sklad_8136927237,7 дней назад,,"Складское помещений 750 квадратных метров по улице Васильченко. Трое грузовых ворот. Полы бетон. Высота до ферм 4,5 метра. Первая линия. Удобные подьездные пути. Территория асфальт. Охрана, видеонаблюдение. Большой земельный участок. На складе есть отапливаемые подсобные помещения, комната персонала",2026-09-29T21:11:02.580Z,55.838253,49.038187,"Россия, Республика Татарстан (Татарстан), Казань, улица Васильченко, 28",house
8457010604,Склад,29900,29 900 ₽ в месяц,₽,₽/мес.,108,"Авиастроительный район, жилой массив Кадышево, ул. Рихарда Зорге, 9, р-н Авиастроительный",https://www.avito.ru/kazan/kommercheskaya_nedvizhimost/sklad_8457010604,Вчера,"ООО ""Шелвуд""","Сдаётся производственно-складское помещение (108 м², есть возможность расширить до 216 м²). Локация: Казань, Кадышево, Рихарда Зорге 9. Почему это удобно: Мощность 100 квт — идеально для энергоёмких задач, например, для цеха сварки. Коммуникации: центральная вода, септик. Логистика: зоны разгрузки и",2026-09-29T21:11:02.580Z,55.900673,49.133714,"Россия, Республика Татарстан (Татарстан), Казань, Авиастроительный район, жилой массив Кадышево, улица Рихарда Зорге, 9",house
8448149251,"Склад, 2429.5 м²",750,750 ₽ в месяц за м² с НДС,₽,₽/мес. за м²,2429.5,"Ул. Журналистов, 62к10, р-н Советский",https://www.avito.ru/kazan/kommercheskaya_nedvizhimost/sklad_2429.5_m_8448149251,7 дней назад,,"Сдаётся в аренду отдельно стоящий производственно-складской комплекс 2 429,5 м² в Казани, Советский район — напрямую от собственника, без комиссии. Помещение под производство, склад с отоплением, базу с воротами для заезда фур. Готовая производственная база: заезжай и работай. Адрес: Казань, ул. Жур",2026-09-29T21:11:02.580Z,55.828202,49.200989,"Россия, Республика Татарстан (Татарстан), Казань, улица Журналистов, 62к10",house
8314705282,"Светлый офис 33,7 м², с кондиционером",40440,40 440 ₽ в месяц,₽,₽/мес.,33.7,"Ул. Адоратского, 78, р-н Ново-Савиновский",https://www.avito.ru/kazan/kommercheskaya_nedvizhimost/svetlyy_ofis_337_m_s_konditsionerom_8314705282,2 недели назад,Айрат,"Сдаётся в аренду светлый офис, с кондиционером, площадью 33,7 м² по адресу: Казань, ул. Адоратского, 78. Помещение находится на 3 этаже. Офис в хорошем состоянии, готов к работе — можно заехать без дополнительных затрат на ремонт. Стоимость аренды — 1 200 ₽/м² в месяц. Итого: 40 440 ₽/месяц + коммун",2026-09-29T21:11:02.580Z,55.84494,49.148186,"Россия, Республика Татарстан (Татарстан), Казань, улица Адоратского, 78",house
8341358045,Склад 1044м2,700,700 ₽ в месяц с НДС,₽,₽/мес.,,"Тэцевская ул., 16, р-н Московский",https://www.avito.ru/kazan/kommercheskaya_nedvizhimost/sklad_1044m2_8341358045,2 недели назад,Мегаком,Сдам складское помещение 1044 м 2 с литыми полами под хранение товара или производство продукции. Помещение отапливаемое. В наличии радиоуправляемая кран балка грузоподъемностью 2 тонны. Тариф э/э «с шин электростанции — ВН». Также имеются аналогичные помещения. Обращайтесь в личные сообщения.,2026-09-29T21:11:02.580Z,55.860332,48.955793,"Россия, Республика Татарстан (Татарстан), Казань, Тэцевская улица, 16",house
7904539176,"Салон, шоурум, магазин, офис",55000,55 000 ₽ в месяц,₽,₽/мес.,65,"Ул. Максимова, 3, Авиастроительная, 11–15 мин.",https://www.avito.ru/kazan/kommercheskaya_nedvizhimost/salon_shourum_magazin_ofis_7904539176,Вчера,ИП Бочарова С.Ю.,"Сдаю в аренду помещение площадью 65 кв. М, по ул Максимова д.3, в центре Авиастроительного района г. Казани. Представитель собственника-Без Комиссии! 1 этаж! 1 Линия! Отдельный вход! Место под вывеску на фасаде! Хорошая входная группа! Активный автомобильный и пешеходный трафик. Помещение расположен",2026-09-29T21:11:02.580Z,55.860125,49.095877,"Россия, Республика Татарстан (Татарстан), Казань, улица Максимова, 3",house
3772041100,"Склад, 500 м²",120,120 ₽ в месяц за м²,₽,₽/мес. за м²,500,"Ул. Леваневского, 2В, Северный вокзал, 16–20 мин.",https://www.avito.ru/kazan/kommercheskaya_nedvizhimost/sklad_500_m_3772041100,7 дней назад,,"Предлагается в аренду благоустроенная, бетонированная открытая площадка общей площадью 5 000 м. Кв. С ж. Д. Тупиками и расположенными на ней холодными складскими помещениями площадью 300 и 500 м. Кв. И административно — бытовым зданием с офисными помещениями. Предлагаемое в аренду имущество находитс",2026-09-29T21:11:02.580Z,55.844147,49.079662,"Россия, Республика Татарстан (Татарстан), Казань, улица Леваневского, 2В",house
8263980601,Офис,90000,90 000 ₽ в месяц,₽,₽/мес.,,"Ул. Рихарда Зорге, 66В, Проспект Победы, до 5 мин.",https://www.avito.ru/kazan/kommercheskaya_nedvizhimost/ofis_8263980601,Вчера,,"Сдается офис в ЖК Олимп. Рядом находится гостиница Олимп. В шаговой доступности метро проспект победы, а также тц проспект. Все ответы на вопросы по телефону Звоните по мобильной связи! Или пишите сообщение в авито.",2026-09-29T21:11:02.580Z,55.747378,49.209478,"Россия, Республика Татарстан (Татарстан), Казань, улица Рихарда Зорге, 66В",house
8351839103,"Офис, 11.7 м²",16848,16 848 ₽ в месяц,₽,₽/мес.,11.7,"Ул. Маршала Чуйкова, 4, Яшьлек, 16–20 мин.",https://www.avito.ru/kazan/kommercheskaya_nedvizhimost/ofis_11.7_m_8351839103,7 дней назад,"АО ""Казанский завод медицинской аппаратуры""","Oфис в apенду 11,7кв. М. По aдpесу г. Казaнь, ул. Мaршалa Чуйкова, д.4 нa втoрoм этaжe. Пpямoй Aрендодатель. Нaходитcя на пepвoй линии. Зданиe распoлoженo в гуcтoнаселeнном рaйонe г. Казани, в непоcpeдcтвеннoй близoсти ocтановка обществeнногo транcпорта. Pядoм нaходится Сбербанк, Парк Победы, спорти",2026-09-29T21:11:02.580Z,55.835629,49.104123,"Россия, Республика Татарстан (Татарстан), Казань, улица Маршала Чуйкова, 4",house
2607441543,"Офис, 323 м²",515000,515 000 ₽ в месяц,₽,₽/мес.,323,"Ул. Пушкина, 46, Площадь Тукая, 6–10 мин.",https://www.avito.ru/kazan/kommercheskaya_nedvizhimost/ofis_323_m_2607441543,1 неделю назад,,"Сдаем помещение общей площадью 323 кв м в нарезку, в аренду на длительный срок, три парковочных места, удобное расположение.",2026-09-29T21:11:02.580Z,55.793698,49.125467,"Россия, Республика Татарстан (Татарстан), Казань, улица Пушкина, 46",house
8050316478,"Свободного назначения, 14 м²",4000,4 000 ₽ в месяц,₽,₽/мес.,14,"Гвардейская ул., 54Ж, Аметьево, 6–10 мин.",https://www.avito.ru/kazan/kommercheskaya_nedvizhimost/svobodnogo_naznacheniya_14_m_8050316478,7 дней назад,Лариса Шишова,"Отличное местоположение. 10 минут пешком от метро Аметьево: ул. Гвардейская, дом 54Ж. Парковочные места, санузел, подъезд к контейнеру, доступ 24 / 7. 20 футов под склад — это популярная услуга среди юридических лиц. Контейнер 20 футов идеально подойдет под склад малого и среднего бизнеса для хранен",2026-09-29T21:11:02.580Z,55.770046,49.174102,"Россия, Республика Татарстан (Татарстан), Казань, Гвардейская улица, 54Ж",house
3668858359,"Склад, 37.9 м²",17000,17 000 ₽ в месяц,₽,₽/мес.,37.9,"Ул. Рахимова, 8с54, Северный вокзал, от 31 мин.",https://www.avito.ru/kazan/kommercheskaya_nedvizhimost/sklad_37.9_m_3668858359,1 неделю назад,Роман,"Сдается холодный склад на территории охраняемой базы с видеонаблюдением. Отдельные ворота, ровный пол. Круглосуточный доступ. Есть возможность подъезда грузового транспорта. Склад свободен.",2026-09-29T21:11:02.580Z,55.841357,49.030291,"Россия, Республика Татарстан (Татарстан), Казань, улица Рахимова, 8с54",house
8403762316,"Аренда на первой линии на Декабристов,184",1800,1 800 ₽ в месяц за м²,₽,₽/мес. за м²,35,"Ул. Декабристов, 184, Северный вокзал, до 5 мин.",https://www.avito.ru/kazan/kommercheskaya_nedvizhimost/arenda_na_pervoy_linii_na_dekabristov184_8403762316,1 неделю назад,МеГаРус-М,"Приглaшaeм Bаc стать арендaтоpом тoргoвoгo помeщeния, pacпoлoженного на первом этaжe пo aдpeсу: г. Казань, Декабристов, д. 184. Ocновные характepиcтики пoмещения: - первый этаж торгового центра; - первая линия; - площадь помещения в аренду: 35 кв. М. ; 20 кв. М. ; 51 кв. М. ; - высота потолков в пом",2026-09-29T21:11:02.580Z,55.841124,49.082932,"Россия, Республика Татарстан (Татарстан), Казань, улица Декабристов, 184",house
7865930194,"Склад, 500 м²",700,700 ₽ в месяц за м² с НДС,₽,₽/мес. за м²,500,"Пр. Хезмэт, 28Г, р-н Советский",https://www.avito.ru/kazan/kommercheskaya_nedvizhimost/sklad_500_m_7865930194,7 дней назад,,"Предлагаем в долгосрочную аренду складские помещения от 400 кв. Метров до 5500 кв. Цена 700 рублей кв. М. С учетом ндс. Закрытая територия охрана. Под производство, есть возможность установить кран балку. Под любой вид деятельности.",2026-09-29T21:11:02.580Z,55.810688,49.320716,"Россия, Республика Татарстан (Татарстан), Казань, проезд Хезмэт, 28Г",house
2606645979,"Свободного назначения, 101 м²",85000,85 000 ₽ в месяц,₽,₽/мес.,101,"Тэцевская ул., 4Д, Авиастроительная, 16–20 мин.",https://www.avito.ru/kazan/kommercheskaya_nedvizhimost/svobodnogo_naznacheniya_101_m_2606645979,19 августа 09:07,Вячеслав,"Сдается торговая площадь в ЖК Яркий по адресу ул Тецевская 4Д. Площадь помещения 101 кв метр. Расположение угловое, на самом перекрестке нескольких жилищных комплексов ( Острова, Острова 2. Яркий, Яркий 2) Непосредственно около площади, несколько парковок для автомобилей. В трех ЖК, расположенных за",2026-09-29T21:11:02.580Z,55.851,49.062513,"Россия, Республика Татарстан (Татарстан), Казань, Тэцевская улица, 4Д",house
8416823840,"Свободного назначения, 119 м²",80000,80 000 ₽ в месяц,₽,₽/мес.,119,"Ул. Баки Урманче, 6, Проспект Победы, от 31 мин.",https://www.avito.ru/kazan/kommercheskaya_nedvizhimost/svobodnogo_naznacheniya_119_m_8416823840,1 неделю назад,Гульбакча Лилия г Казань,Сдам в аренду помещения 119кв. М. 4 рабочих комнаты с душевой. 1 кладовка. 1 туалет. 1комната кухня. Аренда от собственника. 50000+ку.,2026-09-29T21:11:06.227Z,55.732636,49.173096,"Россия, Республика Татарстан (Татарстан), Казань, улица Баки Урманче, 6",house
7969786793,"Свободного назначения, 200 м²",198000,198 000 ₽ в месяц,₽,₽/мес.,200,"Ул. Нариманова, 40к2, Площадь Тукая, 16–20 мин.",https://www.avito.ru/kazan/kommercheskaya_nedvizhimost/svobodnogo_naznacheniya_200_m_7969786793,1 неделю назад,Стройдевелопмент,"Cдaётcя в aрeнду шикарное помещениe cвoбодного назначения (идeальнo под торговлю, предстaвительcкий oфиc,) по улице Нариманова 40 к.2. Первый этаж — 200 м кв + 2й этаж 200 кв. Можно по отдельности. Ecть возмoжнoсть повесить вывеску на фасаде. Большой пешехoдный трафик. Зoнa паркoвки aвто. Выcотa пoт",2026-09-29T21:11:02.580Z,55.78155,49.104258,"Россия, Республика Татарстан (Татарстан), Казань, улица Нариманова, 40к2",house
8018703005,"Свободного назначения, 49.2 м²",57000,57 000 ₽ в месяц,₽,₽/мес.,49.2,"Ул. Ярышлар, 6, р-н Приволжский",https://www.avito.ru/kazan/kommercheskaya_nedvizhimost/svobodnogo_naznacheniya_49.2_m_8018703005,31 августа 12:41,,"Огромная Просьба — Риэлторам Не Звонить! Предлaгаeм вашему вниманию аpенду нежилого пoмeщeния от собственника пo aдресу: г. Kaзань, ул. Ярышлap, д. 6 (ЖK Станция Спортивная). Общая плoщадь помещения 49 кв. М., 1 этaж. Данный дом располагается в непосредственной близости от дома «Великана», мимо поме",2026-09-29T21:11:02.580Z,55.680235,49.201707,"Россия, Республика Татарстан (Татарстан), Казань, улица Ярышлар, 6",house
7816275318,"Офис, 17 м²",15000,15 000 ₽ в месяц,₽,₽/мес.,17,"Ул. Гагарина, 109, Северный вокзал, 11–15 мин.",https://www.avito.ru/kazan/kommercheskaya_nedvizhimost/ofis_17_m_7816275318,7 дней назад,Дарья,"Сдам помещение в аренду на Гагарина 109! Новый ремонт, вентиляция, первый этаж, 5 кВ -8000 руб. 17 кВ — 15000 руб. Кв м плюс места общего пользования 3 кв м к рабочей площади, туалет один на всех! После ремонта, никому еще не сдавали! Доступ 24, Оплата за электричество по счетчику!",2026-09-29T21:11:02.580Z,55.836736,49.072017,"Россия, Республика Татарстан (Татарстан), Казань, улица Гагарина, 109",house
8311590085,Площади на рынке,10400,10 400 ₽ в месяц,₽,₽/мес.,,"Пр-т Ямашева, 19Б, Козья Слобода, 11–15 мин.",https://www.avito.ru/kazan/kommercheskaya_nedvizhimost/ploschadi_na_rynke_8311590085,2 недели назад,Элеонора,Сдаются торговые площади в ТЦ Оазис. Павильоны по периметру и площадь внутри рынка. Просмотр до 14 ч.,2026-09-29T21:11:02.580Z,55.82623,49.100539,"Россия, Республика Татарстан (Татарстан), Казань, проспект Ямашева, 19Б",house
8341456776,"Свободного назначения, 83 м²",133000,133 000 ₽ в месяц с НДС,₽,₽/мес.,83,"Ул. Фатыха Амирхана, 41, Козья Слобода, от 31 мин.",https://www.avito.ru/kazan/kommercheskaya_nedvizhimost/svobodnogo_naznacheniya_83_m_8341456776,2 недели назад,"АО ""ЛЕРЕНТ""","Предлагаем рассмотреть возможность аренды коммерческого помещения От Собственника, расположенного по адресу: Адрес: г. Казань, ул. Ф. Амирхана, д. 41. Основные характеристики. Площадь: 83 кв. М. Этаж: 1, первая линия. Назначение: свободное (офис / торговое / сфера услуг / склад и др.). Высота потолк",2026-09-29T21:11:02.580Z,55.830442,49.132681,"Россия, Республика Татарстан (Татарстан), Казань, улица Фатыха Амирхана, 41",house
8421436602,"Кабинет 23 м2, класс A, Исаева 10, всё включено",28350,28 350 ₽ в месяц,₽,₽/мес.,,"Московский район, ул. Исаева, 10, Яшьлек, 11–15 мин.",https://www.avito.ru/kazan/kommercheskaya_nedvizhimost/kabinet_23_m2_klass_a_isaeva_10_vse_vklyucheno_8421436602,Вчера,Джойнио,"Сдаётся офис 23 м2 в деловом центре на ул. Исаева, 10 (Московский район). Идеально для небольшой команды (3–5 человек), юриста, бухгалтера или бьюти-кабинета. Бизнес-центр 4-этажное здание класса A — единственный БЦ такого класса в Кировском районе. Ресепшн, лифт, место под вывеску. Рейтинг 4.7 на 2",2026-09-29T21:11:02.580Z,55.833991,49.067301,"Россия, Республика Татарстан (Татарстан), Казань, Московский район, улица Исаева, 10",house
8303848745,"Торговый павильон ул.Лесгафта (самый центр), 20 м²",40000,40 000 ₽ в месяц,₽,₽/мес.,20,"Ул. Лесгафта, 2/1, Площадь Тукая, 16–20 мин.",https://www.avito.ru/kazan/kommercheskaya_nedvizhimost/torgovyy_pavilon_ul.lesgafta_samyy_tsentr_20_m_8303848745,3 дня назад,ИНТЕРСЕТЬ,"Торговый павильон. Ул. Лесгафта, 2. Площадь 20кв. В настоящий момент арендует кофейня. Электричество 15 квт. Рядом гостиница, апартаменты, жилые дома, офисные центры. Центр города. Земельный участок в собственности.",2026-09-29T21:11:02.580Z,55.786845,49.141772,"Россия, Республика Татарстан (Татарстан), Казань, улица Лесгафта, 2/1",house
3674576042,"Свободного назначения, 30 м²",21000,21 000 ₽ в месяц,₽,₽/мес.,30,"Ул. Лукина, 50А, Авиастроительная, 21–30 мин.",https://www.avito.ru/kazan/kommercheskaya_nedvizhimost/svobodnogo_naznacheniya_30_m_3674576042,7 дней назад,Алина,"Сдаётся в долгосрочную аренду светлое коммерческое помещение (кабинетный формат) площадью 30 кв. М. На 1-м этаже в новом современном жилом комплексе по адресу: ул. Лукина, 50А (Авиастроительный район). Стоимость: 21 000 руб. /месяц + коммунальные платежи отдельно по счетчикам. Помещение абсолютно но",2026-09-29T21:11:02.580Z,55.869329,49.097485,"Россия, Республика Татарстан (Татарстан), Казань, улица Лукина, 50А",house
7509436857,"Офис, 19 м²",30000,30 000 ₽ в месяц с НДС,₽,₽/мес.,19,"Ул. Академика Глушко, 5А, р-н Советский",https://www.avito.ru/kazan/kommercheskaya_nedvizhimost/ofis_19_m_7509436857,1 неделю назад,,"Сдам в аренду офисные помещения. Что предлагается: Просторные офисные кабинеты в административном здании с отдельным входом на втором этаже. Условия: — На первом этаже находится магазин, что обеспечивает дополнительный поток клиентов. — Коридорная система с возможностью объединения кабинетов. — Своб",2026-09-29T21:11:02.580Z,55.778856,49.234729,"Россия, Республика Татарстан (Татарстан), Казань, улица Академика Глушко, 5А",house
7789324954,"Офис, 30 м²",21000,21 000 ₽ в месяц,₽,₽/мес.,30,"Даурская ул., 8А, Аметьево, 16–20 мин.",https://www.avito.ru/kazan/kommercheskaya_nedvizhimost/ofis_30_m_7789324954,2 недели назад,Даурская,"Сдается офисное помещение площадью 30 кв. М. С кондиционированием в адмнистративном здании, расположенном на территории базы с круглосуточной охраной и видеонаблюдением, собственной газовой котельной и автостоянкой. Цена составляет 700 руб. Кв. М. В месяц, коммунальные платежи оплачиваются отдельно.",2026-09-29T21:11:02.580Z,55.761543,49.144026,"Россия, Республика Татарстан (Татарстан), Казань, Даурская улица, 8А",house
8426166228,Свободного назначения,26000,26 000 ₽ в месяц,₽,₽/мес.,,"Ул. Николая Ершова, 49В, Суконная слобода, от 31 мин.",https://www.avito.ru/kazan/kommercheskaya_nedvizhimost/svobodnogo_naznacheniya_8426166228,3 дня назад,ИП Насырова О.В.,"Сдам на долгий в аренду светлый офис с дизайнерским ремонтом по адресу г. Казань, Советский район, ул. Ершова 49в. Возможно предоставление юридического адреса. В офисе есть все условия для комфортной работы: сделан дизайнерский ремонт, бесплатная парковка, круглосуточный доступ в помещение, уборка в",2026-09-29T21:11:06.227Z,55.801465,49.172692,"Россия, Республика Татарстан (Татарстан), Казань, улица Николая Ершова, 49В",house
8282451413,"Офис, 32.9 м²",69900,69 900 ₽ в месяц,₽,₽/мес.,32.9,"Пр-т Ибрагимова, 32А, Яшьлек, 6–10 мин.",https://www.avito.ru/kazan/kommercheskaya_nedvizhimost/ofis_32.9_m_8282451413,3 недели назад,,"Собственник сдaёт cовpемeнный и удобный офис. Пoд тоpгoвлю, caлoн кpaсоты, офиc, сервиc. — Cвой сaнузeл (мoкpaя тoчка). — Bысокиe пoтoлки 3 м — пpостор и свет (2 больших окна). — Kондиционеp, пpинудительнaя вытяжкa, Smart TV, аудиo/видеoдомофония. — Oтдeльный кабинет — пoд куxню, склaд, переговорную",2026-09-29T21:11:06.227Z,55.832505,49.089822,"Россия, Республика Татарстан (Татарстан), Казань, проспект Ибрагимова, 32А",house
8291870696,"Торговая площадь, 32 м²",990,990 ₽ в месяц,₽,₽/мес.,32,"Даурская ул., 40, Аметьево, 6–10 мин.",https://www.avito.ru/kazan/kommercheskaya_nedvizhimost/torgovaya_ploschad_32_m_8291870696,1 неделю назад,Наиль,Сдаётся в аренду торговое помещение 32м2 с собственным санузлом. Отличный людской и автомобильный трафик. Только-только освободилось. Есть место для вывески. Предоставляем оборудование для видеонаблюдения( входит в стоимость аренды). Аренда 990 руб/м2 в месяц (первые 2 месяца). Начиная с 3 месяца 15,2026-09-29T21:11:06.227Z,55.764521,49.176294,"Россия, Республика Татарстан (Татарстан), Казань, Даурская улица, 40",house
8303899727,"Казань, улица Декабристов, 189, площадь 44 м²",23000,23 000 ₽ в месяц с НДС,₽,₽/мес.,44,"Ул. Декабристов, 189, Северный вокзал, 6–10 мин.",https://www.avito.ru/kazan/kommercheskaya_nedvizhimost/kazan_ulitsa_dekabristov_189_ploschad_44_m_8303899727,1 неделю назад,"Торговая сеть ""Пятёрочка""","Сдается часть помещения в аренду в магазине Пятёрочка по адресу: Казань, Декабристов, 189. Магазин размещается на перовой линии. Высокий автомобильный трафик, бесплатная парковка. Площадь площадки под аренду — 44 кв. М. Арендная плата 23000 рублей, возмещение коммунальных услуг — в зависимости от по",2026-09-29T21:11:06.227Z,55.835437,49.079986,"Россия, Республика Татарстан (Татарстан), Казань, улица Декабристов, 189",house
8406130294,"Свободного назначения, 42.9 м²",55000,55 000 ₽ в месяц,₽,₽/мес.,42.9,"Ул. Ноксинский Спуск, 1, Проспект Победы, от 31 мин.",https://www.avito.ru/kazan/kommercheskaya_nedvizhimost/svobodnogo_naznacheniya_42.9_m_8406130294,Вчера,Rinat_RR,"Сдам коммерческое помещение 42,9 м² | Ноксинский Спуск, 1 | Первая линия жилого массива. Собственник. Без комиссии. Сдается в долгосрочную аренду коммерческое помещение свободного назначения площадью 42,9 м² с современной отдельной входной группой. Помещение расположено в густонаселенном жилом микро",2026-09-29T21:11:06.227Z,55.767398,49.233696,"Россия, Республика Татарстан (Татарстан), Казань, улица Ноксинский Спуск, 1",house
4583304716,Торговая площадь в локации с высокой проходимостью,700,700 ₽ в месяц за м² с НДС,₽,₽/мес. за м²,,"Ул. Юлиуса Фучика, 88, Проспект Победы, 21–30 мин.",https://www.avito.ru/kazan/kommercheskaya_nedvizhimost/torgovaya_ploschad_v_lokatsii_s_vysokoy_prohodimostyu_4583304716,7 дней назад,,"Сдается помещение свободной планировки, расположенное на цокольном этаже нежилого здания. Можно разделить на секции. Отличная локация: рядом остановка, ТЦ Франт, многоэтажки свежей постройки. Высокий пешеходный и автомобильный трафик. Возможность использования под любой вид бизнеса: торговые ряды, м",2026-09-29T21:11:06.227Z,55.762014,49.232448,"Россия, Республика Татарстан (Татарстан), Казань, улица Юлиуса Фучика, 88",house
7370728927,"Свободного назначения, 26.8 м²",30000,30 000 ₽ в месяц,₽,₽/мес.,26.8,"Ул. Юлиуса Фучика, 99А, Дубравная, 16–20 мин.",https://www.avito.ru/kazan/kommercheskaya_nedvizhimost/svobodnogo_naznacheniya_26.8_m_7370728927,7 дней назад,,"Аренда офисного помещения. Сдам помещение свободного назначения. По адресу Фучика 99А, расположенного на первом этаже жилого дома (первый и цокольный этажи — офисные помещения), рядом с основным входом. Вход в помещение через кодовый замок и электронный ключ. В помещение разделено на 2 кабинета и ре",2026-09-29T21:11:06.227Z,55.754183,49.229771,"Россия, Республика Татарстан (Татарстан), Казань, улица Юлиуса Фучика, 99А",house
4426955583,"Офис, 255.8 м²",2500,2 500 ₽ в месяц за м²,₽,₽/мес. за м²,255.8,"Ул. Бутлерова, 23, Площадь Тукая, 6–10 мин.",https://www.avito.ru/kazan/kommercheskaya_nedvizhimost/ofis_255.8_m_4426955583,Вчера,ОРИОН,"Сдается 3 кабинета на первом этаже: 47,8 кв. М, 44 кв. М, 36,5 кв. М. На втором этаже 3 кабинета общей площадью 127,9 кв. М. Отдельный вход. Все включено. Бонус: комната переговоров, интернет (не дорого). Парковка по согласованию.",2026-09-29T21:11:06.227Z,55.788186,49.130669,"Россия, Республика Татарстан (Татарстан), Казань, улица Бутлерова, 23",house
8349554996,"Склад, 700 м²",455000,455 000 ₽ в месяц,₽,₽/мес.,700,"Приволжский район, Магистральная ул., 69, р-н Приволжский",https://www.avito.ru/kazan/kommercheskaya_nedvizhimost/sklad_700_m_8349554996,7 дней назад,,"Сдается теплое помещение под склад или производство. - на территории охраняемой базы. - удобный заезд для большегрузов (два заезда с противополжных сторон). - погрузка-разгрузка идет через теплый дебаркадер, вход в помещение сразу из дебаркадера. - без пандуса, можно заехать на погрузчике непосредст",2026-09-29T21:11:06.227Z,55.741916,49.105911,"Россия, Республика Татарстан (Татарстан), Казань, Приволжский район, Магистральная улица, 69",house
8425418817,"Свободного назначения, 135.7 м²",759731,759 731 ₽ в месяц с НДС,₽,₽/мес.,135.7,"Ул. Баумана, 86, Площадь Тукая, до 5 мин.",https://www.avito.ru/kazan/kommercheskaya_nedvizhimost/svobodnogo_naznacheniya_135.7_m_8425418817,Вчера,Workki,"Аренда помещения в историческом офисном здании с новым дизайнерским ремонтом. В центре города, начало улицы Баумана-50 метров от выхода из метро, 1 минута от Метро Площадь Тукая. - Помещение на первом этаже. - Отдельная входная группа. - Место под вывеску. - Высокий пешеходный трафик и транспортный ",2026-09-29T21:11:06.227Z,55.787411,49.12094,"Россия, Республика Татарстан (Татарстан), Казань, улица Баумана, 86",house
8259279880,"Офис, 126 м²",900,900 ₽ в месяц за м²,₽,₽/мес. за м²,126,"Ул. Комиссара Габишева, 16А, Дубравная, 6–10 мин.",https://www.avito.ru/kazan/kommercheskaya_nedvizhimost/ofis_126_m_8259279880,Вчера,,"Аренда помещения на первой линии с частичным ремонтом. Возможность использования под офис, торговую площадь. Все условия для работы, наличие санузла. Звоните! Рядом станции метро, остановки автобуса и трамвая, мечеть.",2026-09-29T21:11:06.227Z,55.743036,49.230786,"Россия, Республика Татарстан (Татарстан), Казань, улица Комиссара Габишева, 16А",house
8163060216,Коммерческое Помещение 82.2 кв.м,100000,100 000 ₽ в месяц,₽,₽/мес.,,"Ул. Рихарда Зорге, 66В, Проспект Победы, до 5 мин.",https://www.avito.ru/kazan/kommercheskaya_nedvizhimost/kommercheskoe_pomeschenie_82.2_kv.m_8163060216,14 часов назад,ООО АН «Империя»,"Арт. 136732147 Сдается в аренду Коммерческое помещение в престижном районе города в современном Жилом Комплексе Олимп. Метро в 300 метрах. Густонаселенный район. Первый этаж. В помещении выполнен великолепный ремонт. Свободного назначения, подойдет под разные виды деятельности. Сейчас помещение обор",2026-09-29T21:11:06.227Z,55.747378,49.209478,"Россия, Республика Татарстан (Татарстан), Казань, улица Рихарда Зорге, 66В",house
8199759558,Склад 316.6 м²,800,800 ₽ в месяц за м²,₽,₽/мес. за м²,316.6,"Ул. Оренбургский Тракт, 160к2, Дубравная, от 31 мин.",https://www.avito.ru/kazan/kommercheskaya_nedvizhimost/sklad_316.6_m_8199759558,7 дней назад,Аренда Казань,"Сдаётся склад 316,6 м² — надёжное хранение ваших товаров! Предлагаем в аренду просторное складское помещение площадью 316,6 м2. Идеальное решение для хранения товаров, материалов и оборудования. Склад с зоной разгрузки — отличный вариант для малого и среднего бизнеса. Основные характеристики: · площ",2026-09-29T21:11:06.227Z,55.724834,49.188295,"Россия, Республика Татарстан (Татарстан), Казань, улица Оренбургский Тракт, 160к2",house
8252282854,Свободного назначения,150000,150 000 ₽ в месяц,₽,₽/мес.,43,"Ул. Островского, 105А, Суконная слобода, до 5 мин.",https://www.avito.ru/kazan/kommercheskaya_nedvizhimost/svobodnogo_naznacheniya_8252282854,1 неделю назад,Юлия,"Сдаю помещение в ЖК «Costurа Town» по адресу ул. Островского д.105а. В долгосрочную аренду. Преимущества: - угловое расположение, два отдельных входа (как с главной улицы, так и с аллеи), панорамные окна, максимум света и обзора. - первая линия по улице Островского. - прямо у дома автобусная останов",2026-09-29T21:11:06.227Z,55.776755,49.140128,"Россия, Республика Татарстан (Татарстан), Казань, улица Островского, 105А",house
7724501384,"Свободного назначения, 58.52 м²",100000,100 000 ₽ в месяц,₽,₽/мес.,58.52,"Бухарская ул., 32к3, Горки, 21–30 мин.",https://www.avito.ru/kazan/kommercheskaya_nedvizhimost/svobodnogo_naznacheniya_58.52_m_7724501384,1 неделю назад,Александр Зотов,Cдаeтcя пoмещeние в Приволжском pайoне! Сейчас Делаем Ремонто! B Новoм ЖK Бизнeс клаcca Яpaтам по адpесу Буxарcкaя 32 к3 в помещение уже доделывается ремонт. Xapактepиcтики: -отдeльный вхoд. - свoбcтвeнный cан узeл. - cвобoдная планиpoвка. -панopaмнoe оcтeклениe. -отличнaя трaнспоpтная paзвязкa. - н,2026-09-29T21:11:06.227Z,55.775641,49.205345,"Россия, Республика Татарстан (Татарстан), Казань, Бухарская улица, 32к3",house
7955482639,"Склад, 1000 м²",800,800 ₽ в месяц за м²,₽,₽/мес. за м²,1000,"Пр. Хезмэт, 16Д, р-н Советский",https://www.avito.ru/kazan/kommercheskaya_nedvizhimost/sklad_1000_m_7955482639,Вчера,Этажи Казань,"Логистический парк Вертелевка, производственно-складское помещение. 2 корпуса по 1000м2. Участок 50 соток. Размер зданий 35215 х 24800. Металлокаркас + сендвич панели 150мм. В каждом корпусе имеются помещения под офис 1 и 2 этаж. Высота корпуса 12 метров. Высота до ферм 9 метров. Электричество 150 К",2026-09-29T21:11:06.227Z,55.806687,49.321704,"Россия, Республика Татарстан (Татарстан), Казань, проезд Хезмэт, 16Д",house
8343888554,"Свободного назначения, 101 м²",79999,79 999 ₽ в месяц,₽,₽/мес.,101,"Ул. Азата Аббасова, 21, р-н Советский",https://www.avito.ru/kazan/kommercheskaya_nedvizhimost/svobodnogo_naznacheniya_101_m_8343888554,7 дней назад,Ренат,"Аренда помещения на первой линии в ЖК «Весна 2». Предлагается к аренде коммерческое помещение с отличной проходимостью в новом, современном жилом комплексе «Весна». Расположение — идеальное для вашего бизнеса: высокая концентрация жителей ЖК и постоянный поток посетителей. Ключи на руках! Показывает",2026-09-29T21:11:06.227Z,55.787457,49.252696,"Россия, Республика Татарстан (Татарстан), Казань, улица Азата Аббасова, 21",house
7983906170,Офис 15 -30 м²,900,900 ₽ в месяц за м²,₽,₽/мес. за м²,30,"Ул. Сибирский Тракт, 47, р-н Советский",https://www.avito.ru/kazan/kommercheskaya_nedvizhimost/ofis_15_-30_m_7983906170,7 дней назад,,"Офисы от 15м2 до 30м2. Интернет, туалет, фильтр для чистой воды, парковка.",2026-09-29T21:11:06.227Z,55.83526,49.193443,"Россия, Республика Татарстан (Татарстан), Казань, улица Сибирский Тракт, 47",house
8284690750,Свободного назначения,80000,80 000 ₽ в месяц,₽,₽/мес.,42,"Ул. Дзержинского, 6Б, Кремлёвская, 6–10 мин.",https://www.avito.ru/kazan/kommercheskaya_nedvizhimost/svobodnogo_naznacheniya_8284690750,Вчера,Тимур Павленков,"Сдается в аренду помещение в самом центре Казани, в ЖК Odette. 42 кв. М на 4 этаже. И главное здесь даже не квадратные метры, а то, что вы будете видеть из окна каждый день — Кремль и Кул Шариф. Вид красивый, спокойный и какой-то обволакивающий. В общем, работать с таким фоном явно приятнее, чем смо",2026-09-29T21:11:06.227Z,55.795828,49.113529,"Россия, Республика Татарстан (Татарстан), Казань, улица Дзержинского, 6Б",house
8342953582,"Свободного назначения, 78.1 м²",99000,99 000 ₽ в месяц с НДС,₽,₽/мес.,78.1,"Ул. Фатыха Амирхана, 41, Козья Слобода, от 31 мин.",https://www.avito.ru/kazan/kommercheskaya_nedvizhimost/svobodnogo_naznacheniya_78.1_m_8342953582,7 дней назад,"АО ""ЛЕРЕНТ""","Предлагаем рассмотреть возможность аренды коммерческого помещения От Собственника, расположенного по адресу: Адрес: г. Казань, ул. Ф. Амирхана, д. 41. Основные характеристики. Площадь: 78,1 кв. М. Этаж: 1, первая линия. Назначение: свободное (офис / торговое / сфера услуг / склад и др.). Высота пото",2026-09-29T21:11:06.227Z,55.830442,49.132681,"Россия, Республика Татарстан (Татарстан), Казань, улица Фатыха Амирхана, 41",house
8283559649,Сдается топ-помещение 130 м²,260000,260 000 ₽ в месяц,₽,₽/мес.,130,"Ул. Рихарда Зорге, 57/29, Проспект Победы, до 5 мин.",https://www.avito.ru/kazan/kommercheskaya_nedvizhimost/sdaetsya_top-pomeschenie_130_m_8283559649,15 часов назад,Самолет Плюс Казань Цан,Арт. 145031590 Сдается топ-помещение 130 м² у метро «Проспект Победы»! Ищете место с гарантированным потоком клиентов? Это оно! Прямая аренда коммерческого помещения в одной из самых оживленных локаций города. Главные плюсы: 1-я линия: Огромный пешеходный и автомобильный трафик. Локация: Всего пара ,2026-09-29T21:11:06.227Z,55.751396,49.207879,"Россия, Республика Татарстан (Татарстан), Казань, улица Рихарда Зорге, 57/29",house
8089539616,"Свободного назначения, 11.8 м²",23600,23 600 ₽ в месяц с НДС,₽,₽/мес.,11.8,"Ул. Мусина, 61В, Козья Слобода, 21–30 мин.",https://www.avito.ru/kazan/kommercheskaya_nedvizhimost/svobodnogo_naznacheniya_11.8_m_8089539616,7 дней назад,ООО Мир охоты,"Сдаю помещение в г. Казань. Собственник, прямая аренда в Ново-Савинском районе. Готовое решение для бизнеса на первом этаже помещения, открытая планировка, современный ремонт. Подойдёт для розничной небольшой торговой точки или кофейни. Преимущества: — Прямой договор с собственником — без комиссий и",2026-09-29T21:11:06.227Z,55.830376,49.121712,"Россия, Республика Татарстан (Татарстан), Казань, улица Мусина, 61В",house
8377511447,Сдается в аренду коммерческое помещение площадью 1,210000,210 000 ₽ в месяц с НДС,₽,₽/мес.,105,"Ул. Островского, 116, Суконная слобода, до 5 мин.",https://www.avito.ru/kazan/kommercheskaya_nedvizhimost/sdaetsya_v_arendu_kommercheskoe_pomeschenie_ploschadyu_1_8377511447,Вчера,Алина,"Сдается в аренду коммерческое помещение площадью 105 кв. М на ул. Островского, 116. Идеально подходит под общепит (кафе, ресторан, пекарню, бургерную) благодаря высоким техническим характеристикам и выгодным стартовым условиям. Главные преимущества и условия: * Арендные каникулы: 4 месяца на обустро",2026-09-29T21:11:06.227Z,55.776411,49.139472,"Россия, Республика Татарстан (Татарстан), Казань, улица Островского, 116",house
8242130240,"Аренда 51 кв.м. на Пушкина,24",1500,1 500 ₽ в месяц за м²,₽,₽/мес. за м²,51,"Ул. Пушкина, 24, Площадь Тукая, 6–10 мин.",https://www.avito.ru/kazan/kommercheskaya_nedvizhimost/arenda_51_kv.m._na_pushkina24_8242130240,1 неделю назад,МеГаРус-М,"Сдается коммерческое помещение свободного назначения в густонаселенном жилом районе города по адресу: ул. Пушкина, д.24 со следующими характеристиками: - цокольный этаж ; - вход через подъезд жилого дома; - круглосуточный доступ; - цокольный этаж — коммерческий; - торговая площадь помещений: 51 кв. ",2026-09-29T21:11:06.227Z,55.790823,49.124946,"Россия, Республика Татарстан (Татарстан), Казань, улица Пушкина, 24",house
8180138996,"Свободного назначения 45 м², ЖК Весна-2",60000,60 000 ₽ в месяц,₽,₽/мес.,45,"Ул. Азата Аббасова, 16, р-н Советский",https://www.avito.ru/kazan/kommercheskaya_nedvizhimost/svobodnogo_naznacheniya_45_m_zhk_vesna-2_8180138996,2 недели назад,,"Сдаётся в аренду коммерческое помещение свободного назначения площадью 45 м² в Казани, в ЖК «Весна‑2» (улицы Аббасова, Умырзая, Табеева). Собственник, без комиссии. Помещение отлично подойдёт под офис, детскую студию, кабинет логопеда (рядом детский садик), массажный кабинет, студию красоты, парикма",2026-09-29T21:11:06.227Z,55.787999,49.251079,"Россия, Республика Татарстан (Татарстан), Казань, улица Азата Аббасова, 16",house
7929910396,"Склад от собственника, 1460 м² (новый)",678,678 ₽ в месяц за м² с НДС,₽,₽/мес. за м²,1460,"Приволжский район, жилой массив Отары, Дорожная ул., 1, р-н Приволжский",https://www.avito.ru/kazan/kommercheskaya_nedvizhimost/sklad_ot_sobstvennika_1460_m_novyy_7929910396,7 дней назад,,"Сдaются в аpенду два новых теплых склада. Плoщадь каждого склада 1460 кв. М (60х24), высота до низа фермы 8,3м. Стены — утепленные, из сэндвич-панелей, кровля — мембранная утепленная, окна расположены по двум продольным осям, колонны металлические, металлофермы, цоколь из железобетона. Полы — бетонн",2026-09-29T21:11:06.227Z,55.723932,49.097907,"Россия, Республика Татарстан (Татарстан), Казань, Приволжский район, жилой массив Отары, Дорожная улица, 1",house
8293504164,"Свободного назначения, 51.2 м²",50000,50 000 ₽ в месяц,₽,₽/мес.,51.2,"Советский район, посёлок Дербышки, Советская ул., 22В, р-н Советский",https://www.avito.ru/kazan/kommercheskaya_nedvizhimost/svobodnogo_naznacheniya_51.2_m_8293504164,16 часов назад,АН Наше Время,"Сдаётся в аренду помещение в Дербышках (без комиссии). Общая площадь: 51 кв. М. Расположение: рядом с рынком, среди жилых многоэтажных домов. Тип: отдельно стоящее одноэтажное здание. Удобства: санузел, централизованная вода. Электричество: 15 квт. Дополнительно: удобная парковка и подъездные пути. ",2026-09-29T21:11:06.227Z,55.871551,49.22501,"Россия, Республика Татарстан (Татарстан), Казань, Советский район, посёлок Дербышки, Советская улица, 22В",house
7834808312,"Офис, 190.2 м²",325000,325 000 ₽ в месяц,₽,₽/мес.,190.2,"Ул. Пушкина, 52, Площадь Тукая, 6–10 мин.",https://www.avito.ru/kazan/kommercheskaya_nedvizhimost/ofis_190.2_m_7834808312,Вчера,Эдуард Гадельшин,"Идеальный офис для любого вида бизнеса, легко можно расположить от 20-35 сотрудников. Кабинетная планировка, новый ремонт, вы будете первыми арендаторами, в офисе имеются: кухонная зона, два с/у, 7 кабинетов, так же доступ 24/7, одно парковочное место, максимально лояльные собственники, готовы быстр",2026-09-29T21:11:06.227Z,55.794118,49.125647,"Россия, Республика Татарстан (Татарстан), Казань, улица Пушкина, 52",house
4228550839,"Офис, 31.4 м²",1270,1 270 ₽ в месяц за м²,₽,₽/мес. за м²,31.4,"Ул. Маршала Чуйкова, 48А, Козья Слобода, от 31 мин.",https://www.avito.ru/kazan/kommercheskaya_nedvizhimost/ofis_31.4_m_4228550839,2 недели назад,"АО ""Жилсервис""","Пoмещeние от сoбcтвенника, Без Кoмиcсии! Комната площадью: 31,4 кв. М. По адресу: г. Казань, ул. Чуйкова, 48а. Стоимость 1270 руб. За кв. М. Кpуглocутoчная oxрaна и видеонаблюдение. Имeетcя паpкoвка. Коммунальные услуги включены. Также имеются офисные помещения в аренду по адресу: г. Казань, ул. Кор",2026-09-29T21:11:06.227Z,55.833764,49.129896,"Россия, Республика Татарстан (Татарстан), Казань, улица Маршала Чуйкова, 48А",house
7972153851,"Офис, 300 м²",1300,1 300 ₽ в месяц за м²,₽,₽/мес. за м²,300,"Ул. Вишневского, 22, Суконная слобода, 6–10 мин.",https://www.avito.ru/kazan/kommercheskaya_nedvizhimost/ofis_300_m_7972153851,2 недели назад,,"Пoмещение офисного типа 300м2 нa 1 этажe в самом цeнтpе Казaни! Возможность снять как 1 офис, так и все помещение целиком. Офисы квадратурой от 28 до 40 метров. 1300₽/квадратный метр. Что вы получаете за эту сумму: пункт охраны 24/7 и пропускной режим включено. Услуги клининга. Есть разные планировк",2026-09-29T21:11:06.227Z,55.780826,49.14594,"Россия, Республика Татарстан (Татарстан), Казань, улица Вишневского, 22",house
8344321181,"Теплый склад под хранение или производство в центре города, удобный въезд",850,850 ₽ в месяц за м²,₽,₽/мес. за м²,,"Ул. Скрябина, 8А, Горки, 16–20 мин.",https://www.avito.ru/kazan/kommercheskaya_nedvizhimost/teplyy_sklad_pod_hranenie_ili_proizvodstvo_v_tsentre_goroda_udobnyy_vezd_8344321181,7 дней назад,АРР Управляющая компания,"Аренда склада (помещения под производство) от собственника без комиссии и скрытых платежей. Сдаю в аренду теплые склады (можно использовать под производство, хранение, упаковку товаров, товары для маркетплейсов) внутри города Казань. Универсальный теплый склад под любой вид деятельности. Помещение п",2026-09-29T21:11:06.227Z,55.770188,49.20274,"Россия, Республика Татарстан (Татарстан), Казань, улица Скрябина, 8А",house
8343676279,ПСН с трафиком круглый год,115000,115 000 ₽ в месяц,₽,₽/мес.,,"Ул. Чернышевского, 33, Кремлёвская, 6–10 мин.",https://www.avito.ru/kazan/kommercheskaya_nedvizhimost/psn_s_trafikom_kruglyy_god_8343676279,7 дней назад,АртРиэлт,"Помещение под любой вид вашего бизнеса с огромным трафиком круглый год, возле ж/д вокзала! Рассмотрим раздел помещения. Без комиссии для арендатора! *2 мокрые точки. *арендные каникулы. *возможность увеличения мощности. * круглосуточный доступ. *возможность вывески. *трафикообразующие соседи. *панор",2026-09-29T21:11:06.227Z,55.789542,49.105704,"Россия, Республика Татарстан (Татарстан), Казань, улица Чернышевского, 33",house
8047091788,"Офис, 14 м²",13300,13 300 ₽ в месяц,₽,₽/мес.,14,"Ул. Голубятникова, 20А, Северный вокзал, 21–30 мин.",https://www.avito.ru/kazan/kommercheskaya_nedvizhimost/ofis_14_m_8047091788,1 неделю назад,ИП Гараев Булат Маратович,"Предложение напрямую от собственника! Без комиссий. Сдам в аренду уютный офис в бизнес-центре по ул. Голубятникова, 20а. Бизнес центр расположен центре Ново-Савиноского района, удобная транспортная развязка, рядом остановка общественного транспорта. В непосредственной близости находится садик, школа",2026-09-29T21:11:06.227Z,55.837358,49.114589,"Россия, Республика Татарстан (Татарстан), Казань, улица Голубятникова, 20А",house
8326105843,"Торговый павильон ул.Зорге,50",40000,40 000 ₽ в месяц,₽,₽/мес.,,"Ул. Рихарда Зорге, 50, Проспект Победы, 6–10 мин.",https://www.avito.ru/kazan/kommercheskaya_nedvizhimost/torgovyy_pavilon_ul.zorge50_8326105843,7 дней назад,,"Сдается в аренду торговый павильон. Коммуникации: свет. Рядом: фрукты-овощи, хлебный, магазин трафик, аптека. Отличный вариант под: колбасы-сыры, кондитерские изделия, вейпы, выпечка. Рассмотрим все варианты. Очень большой пешеходный и автомобильный трафик.",2026-09-29T21:11:06.227Z,55.753747,49.200809,"Россия, Республика Татарстан (Татарстан), Казань, улица Рихарда Зорге, 50",house
3208847037,"Свободного назначения, 60 м²",65000,65 000 ₽ в месяц,₽,₽/мес.,60,"2-я Юго-Западная ул., 11, Козья Слобода, 11–15 мин.",https://www.avito.ru/kazan/kommercheskaya_nedvizhimost/svobodnogo_naznacheniya_60_m_3208847037,7 дней назад,ИП МАЗМАНЯН А.В.,Очень хорошое помещение. Высокий цоколь. Есть место для рекламы. Есть большое окно. Новый ремонт. Очень тёплое помещение. Низкие комунальные платежи. На против платная парковка. Всегда есть место. Квадратный зал 50кв+Крыльцо 10кв. Общий итог 60кв. Помещение подходит под разную деятельность. Рядом со,2026-09-29T21:11:06.227Z,55.819449,49.085277,"Россия, Республика Татарстан (Татарстан), Казань, 2-я Юго-Западная улица, 11",house
4250483358,"Свободного назначения, 183.3 м²",160000,160 000 ₽ в месяц,₽,₽/мес.,183.3,"Пр-т Ямашева, 28А, Яшьлек, 11–15 мин.",https://www.avito.ru/kazan/kommercheskaya_nedvizhimost/svobodnogo_naznacheniya_183.3_m_4250483358,1 неделю назад,Агенство недвижимости КАИР,"Сдается помещение в Ново-Савиновском районе. Развитая локация, до метро 10 минут. Рядом торговый комплекс Тандем, ДК Химиков, Московский рынок. Сидели арендаторы цех по пошиву одежды. Рядом соседняя дверь находиться пункт выдачи Wildberries. Помещение подойдет под любой вид бизнеса, есть отдельное к",2026-09-29T21:11:06.227Z,55.827722,49.094646,"Россия, Республика Татарстан (Татарстан), Казань, проспект Ямашева, 28А",house
8215708195,"Офис, 12- 55 м²",1000,1 000 ₽ в месяц,₽,₽/мес.,55,"Пр-т Ямашева, 36к1, Козья Слобода, 16–20 мин.",https://www.avito.ru/kazan/kommercheskaya_nedvizhimost/ofis_12-_55_m_8215708195,3 недели назад,,"Сдается блок офис 55 кВ. М. Сан узел, 3 кабинета: 25 кВ, 18 кв, 12 кв. Есть общий холл. Все кабинеты светлые, с большими окнами, с хорошим ремонтом. Доступ в здание с 8:00 до 20:00 ежедневно, воскресенье — выходной. Помещение подходит под офис, склад, салон красоты, выдача товара Ozon. В кабинете 25",2026-09-29T21:11:06.227Z,55.827848,49.102731,"Россия, Республика Татарстан (Татарстан), Казань, проспект Ямашева, 36к1",house
8238840811,Свободное назначение,28000,28 000 ₽ в месяц,₽,₽/мес.,,"Ул. Мусина, 29Б, Козья Слобода, 21–30 мин.",https://www.avito.ru/kazan/kommercheskaya_nedvizhimost/svobodnoe_naznachenie_8238840811,1 неделю назад,Константин,*Коммерческое помещение 19.8 м2| Стильный офис / beauty-кабинет / студия*. Современное помещение свободного назначения с новым ремонтом и стильным интерьером. Отлично подойдет под: бьюти-сферу. Кабинет косметолога / бровиста / мастера маникюра. Офис. Студию услуг. Рабочее пространство для онлайн или,2026-09-29T21:11:06.227Z,55.825158,49.120302,"Россия, Республика Татарстан (Татарстан), Казань, улица Мусина, 29Б",house
8448809369,Аренда кабинета в Спа-зоне фитнес клуба Максимус,1500,1 500 ₽ в месяц за м² с НДС,₽,₽/мес. за м²,20,"Ул. Галимджана Баруди, 8, Яшьлек, 16–20 мин.",https://www.avito.ru/kazan/kommercheskaya_nedvizhimost/arenda_kabineta_v_spa-zone_fitnes_kluba_maksimus_8448809369,7 дней назад,,"Сдаётся кабинет в Спа-зоне внутри фитнес-клуба «Maximus Global». Есть кабинеты 8-20 кв. М. Каждый квадратный метр здесь работает на вас. Это не просто аренда — это готовый поток клиентов, которые уже приходят за красотой и восстановлением. Где Ваша Прибыль? 2 500+ человек в день — внутри фитнес-клуб",2026-09-29T21:11:06.227Z,55.819889,49.066322,"Россия, Республика Татарстан (Татарстан), Казань, улица Галимджана Баруди, 8",house
8012343155,Офис,56880,56 880 ₽ в месяц,₽,₽/мес.,11.9,"Ул. Лушникова, 10А, Козья Слобода, 6–10 мин.",https://www.avito.ru/kazan/kommercheskaya_nedvizhimost/ofis_8012343155,3 дня назад,Мегаполис,"*Без комиссии. *В данном бизнес-центре есть свободные помещения: торговое помещение 11.9кв. М(прямо в «Магните»)-29750руб., офисы-от 15.4 кв. М.-19.8 кв. М. Уважаемые арендаторы! Вашему вниманию представляю для, сдачи в аренду, шикарный видовой офис в биснес-центре «Саборг». На этаже есть санузел. Б",2026-09-29T21:11:21.214Z,55.821037,49.08816,"Россия, Республика Татарстан (Татарстан), Казань, улица Лушникова, 10А",house
8308017152,"Офис, 32 м²",1200,1 200 ₽ в месяц за м² с НДС,₽,₽/мес. за м²,32,"Ул. Мазита Гафури, 50к1, Площадь Тукая, 21–30 мин.",https://www.avito.ru/kazan/kommercheskaya_nedvizhimost/ofis_32_m_8308017152,Вчера,"""Мелита-Аренда"" - прямая аренда без посредников","От Собственника! Никаких комиссий! Месяц Аренды В Подарок! «Мелита-Технопарк» сдаёт в аренду офис-помещение свободного назначения на 1-м этаже с отдельным входом! Большая бесплатная парковка. От центра города 5 минут на машине. Обсуждаем арендные каникулы и условия. Звоните, пишите! Оперативно покаж",2026-09-29T21:11:21.214Z,55.767636,49.103243,"Россия, Республика Татарстан (Татарстан), Казань, улица Мазита Гафури, 50к1",house
7854768256,"Склад, 60 м²",550,550 ₽ в месяц за м² с НДС,₽,₽/мес. за м²,60,"Ул. Журналистов, р-н Советский",https://www.avito.ru/kazan/kommercheskaya_nedvizhimost/sklad_60_m_7854768256,Вчера,ildar,"Склад холодный 85м. Помещение капитальное, сухое, имеется комната для персонала. Полы бетонные, высота потолка около 4м, эл/энергия оплата по счетчику.",2026-09-29T21:11:21.214Z,55.820086,49.1925,"Россия, Республика Татарстан (Татарстан), Казань, улица Журналистов",street
8251676323,"Свободного назначения, 25 м²",25000,25 000 ₽ в месяц,₽,₽/мес.,25,"Ул. Зур Урам, 10, р-н Советский",https://www.avito.ru/kazan/kommercheskaya_nedvizhimost/svobodnogo_naznacheniya_25_m_8251676323,1 неделю назад,ИП Насырова О.В.,"Сдам в аренду на длительный срок современный офис с ремонтом и на 1-ом этаже в г. Кaзань, в Советском районе, пo ул. Зур Урам, дом 10, площадь 25 кв. М. В помещения доступ круглосуточный. Помещение отличнoe, cвeтлoe, сдeлaн дизайнерский рeмoнт, в офисе тепло, уютно и светло, установлена качественная",2026-09-29T21:11:21.214Z,55.80701,49.197683,"Россия, Республика Татарстан (Татарстан), Казань, улица Зур Урам, 10",house
7982172672,"Склад/производство, 27.5 м² + 27,5 антресоль",30000,30 000 ₽ в месяц,₽,₽/мес.,27.5,"Ул. Сеченова, 17, Суконная слобода, от 31 мин.",https://www.avito.ru/kazan/kommercheskaya_nedvizhimost/skladproizvodstvo_27.5_m_275_antresol_7982172672,1 неделю назад,Александр,"Новое уникальное предложение от собственника без комиссии! Теплое складское или производственное помещение с антрессолью, 27 + 27 квм. Удобное местоположение в непосредственной близости от транспортных ворот. В стоимость включены все коммунальные платежи кроме электроэнергии в случае установки высок",2026-09-29T21:11:21.214Z,55.79974,49.16944,"Россия, Республика Татарстан (Татарстан), Казань, улица Сеченова, 17",house
8334966997,На Трафике 1 линия витрины потолки 5м метро 2 мин,465000,465 000 ₽ в месяц,₽,₽/мес.,151.5,"Университетская ул., 4, Площадь Тукая, до 5 мин.",https://www.avito.ru/kazan/kommercheskaya_nedvizhimost/na_trafike_1_liniya_vitriny_potolki_5m_metro_2_min_8334966997,Вчера,ПРОСПЕРИТА,"Угловое помещение на Трафике — вывеска на 2 стороны, 1 линия, отдельный вход с фасада, вытяжка (можно под общепит) потолки 5м, большие витриные окна, вывеска над помещением, парковка, свободная планировка, Трафик 1000 человек/час, 2 мин от метро, все центральные коммуникации + санузел. Преимущества:",2026-09-29T21:11:21.214Z,55.786303,49.118793,"Россия, Республика Татарстан (Татарстан), Казань, Университетская улица, 4",house
8389175998,"С ремонтом, 57 м²",50000,50 000 ₽ в месяц,₽,₽/мес.,57,"Ул. Галимджана Баруди, 13, Яшьлек, 11–15 мин.",https://www.avito.ru/kazan/kommercheskaya_nedvizhimost/s_remontom_57_m_8389175998,Вчера,АН Наше Время,"Сдаётся помещение свободного назначения, 57 кв. М с отличным ремонтом на 1 этаже жилого дома. Площадь и планировка: 57 кв. М, кабинетная нарезка: 3 отдельных кабинета + санузел + кладовка. Входы: 2 варианта доступа — с улицы и через подъезд (удобно для разделения потоков клиентов и персонала). Распо",2026-09-29T21:11:21.214Z,55.823257,49.067041,"Россия, Республика Татарстан (Татарстан), Казань, улица Галимджана Баруди, 13",house
8317621610,45 м² кабинет Салон красоты / офис 1 этаж центр,68000,68 000 ₽ в месяц,₽,₽/мес.,45,"Ул. Павлюхина, 108Б, Суконная слобода, 11–15 мин.",https://www.avito.ru/kazan/kommercheskaya_nedvizhimost/45_m_kabinet_salon_krasoty_ofis_1_etazh_tsentr_8317621610,3 недели назад,,"Сдам помещение 45 м² под офис / салон красоты / студию. Павлюхина, 108Б. Светлое и тёплое помещение на 1 этаже в офисном пространстве общей площадью 290 м². Есть 2 отдельных помещения по 45 м²— можно выбрать подходящий вариант. Почему здесь удобно работать: 45 м² полезного пространства — комфортная ",2026-09-29T21:11:21.214Z,55.769089,49.141466,"Россия, Республика Татарстан (Татарстан), Казань, улица Павлюхина, 108Б",house
8286826932,На первой линии в ЖК «Магеллан». Есть 13 и 18 м²,57500,57 500 ₽ в месяц с НДС,₽,₽/мес.,18,"Чистопольская ул., 36, Козья Слобода, 16–20 мин.",https://www.avito.ru/kazan/kommercheskaya_nedvizhimost/na_pervoy_linii_v_zhk_magellan._est_13_i_18_m_8286826932,1 неделю назад,,"Коммерческие помещения на первой линии в ЖК «Магеллан». Площади под любые задачи: 23 м² — основной вариант с хорошим трафиком и светом. Идеально как база: можно позже расшириться. Возможность расширения — объединяем соседние блоки, чтобы масштабировать бизнес без переезда. 13 м² и 18 м² — компактные",2026-09-29T21:11:21.214Z,55.818114,49.121622,"Россия, Республика Татарстан (Татарстан), Казань, Чистопольская улица, 36",house
7676449303,"ПСН на Ленинградской,22",27500,27 500 ₽ в месяц,₽,₽/мес.,,"Ленинградская ул., 22, Авиастроительная, 6–10 мин.",https://www.avito.ru/kazan/kommercheskaya_nedvizhimost/psn_na_leningradskoy22_7676449303,3 недели назад,,"Сдаётся помещение на первой линии ул. Ленинградская, в 7 минутах от метро, 600м! Дом на самом оживленном перекрёстке Авиастроительного района, высокий трафик, при этом всегда есть места для парковки. Также в данном цокольном помещении находятся Копи-центр, магазин Оптика, Пункт выдачи Орифлейм, пари",2026-09-29T21:11:21.214Z,55.861757,49.085564,"Россия, Республика Татарстан (Татарстан), Казань, Ленинградская улица, 22",house
8349299684,"Казань, ул. Батыршина, д. 20а, площадь 45 м²",65000,65 000 ₽ в месяц с НДС,₽,₽/мес.,45,"Ул. Батыршина, 20А, Яшьлек, 21–30 мин.",https://www.avito.ru/kazan/kommercheskaya_nedvizhimost/kazan_ul._batyrshina_d._20a_ploschad_45_m_8349299684,1 неделю назад,"Торговая сеть ""Пятёрочка""","Сдаeтcя часть пoмeщения в аренду в магaзине Пятёpoчкa пo aдpесу: Республика Татарстан, город Казань, ул. Батыршина, д.20а. Мaгaзин pазмещaетcя на пeровoй линии. Выcoкий aвтомoбильный трaфик. Плoщaдь площадки пoд aрeнду — 45 кв. М. Aренднaя плата 65000 рублей, вoзмeщeниe коммунальныx уcлуг — в зaвиси",2026-09-29T21:11:21.214Z,55.822549,49.058704,"Россия, Республика Татарстан (Татарстан), Казань, улица Батыршина, 20А",house
7941001800,"Свободного назначения, 61 м²",80000,80 000 ₽ в месяц,₽,₽/мес.,61,"Вахитовский район, Большая Красная ул., 8, Кремлёвская, 6–10 мин.",https://www.avito.ru/kazan/kommercheskaya_nedvizhimost/svobodnogo_naznacheniya_61_m_7941001800,2 недели назад,Ильяс,"Отличное помещение в самом центре Казани, с видом на Кремль. Отдельный вход. Высокий первый этаж. Собственный вход с крыльцом. Охраняемый двор с системой контроля въезда транспорта. Выход на улицы Карла Маркса и Большую Красную. В шаговой доступности Казанский Кремль, Собор Казанской иконы Божьей Ма",2026-09-29T21:11:21.214Z,55.798293,49.111328,"Россия, Республика Татарстан (Татарстан), Казань, Вахитовский район, Большая Красная улица, 8",house
1996198364,"Офисное помещение, 14 м²",13000,13 000 ₽ в месяц,₽,₽/мес.,14,"Ул. Лядова, 15, Авиастроительная, 11–15 мин.",https://www.avito.ru/kazan/kommercheskaya_nedvizhimost/ofisnoe_pomeschenie_14_m_1996198364,1 неделю назад,ИП Постникова С.И,"Сдаются комфортабельные офисные помещения с новым современным ремонтом на первом этаже нового жилого дома, огороженный двор со своей большой территорией, двор огорожен под охраной, везде висят камеры видео наблюдения. Помещение офис, 14 метров с отдельной входной группой санузлом на 3 офиса, и 55 ме",2026-09-29T21:11:21.214Z,55.851763,49.073796,"Россия, Республика Татарстан (Татарстан), Казань, улица Лядова, 15",house
8086740017,Торговая площадь,55000,55 000 ₽ в месяц,₽,₽/мес.,,"Ул. Рихарда Зорге, 75А, Проспект Победы, до 5 мин.",https://www.avito.ru/kazan/kommercheskaya_nedvizhimost/torgovaya_ploschad_8086740017,1 неделю назад,,"Сдаётся в аренду Торговый павильон. Расположен в густо населённом районе, с хорошим трафиком. Подключен к городским коммуникацийям.",2026-09-29T21:11:21.214Z,55.748584,49.214302,"Россия, Республика Татарстан (Татарстан), Казань, улица Рихарда Зорге, 75А",house
8406183746,"Офисы С новым ремонтом,первая линия",22000,22 000 ₽ в месяц,₽,₽/мес.,7,"Ул. Короленко, 28Б, Яшьлек, 16–20 мин.",https://www.avito.ru/kazan/kommercheskaya_nedvizhimost/ofisy_s_novym_remontompervaya_liniya_8406183746,3 дня назад,"АН ""Диалог""","Номер объекта: 543280. Пoмещения В ЖК «Норвежский» | Дизайнepcкий peмoнт | от 7м² до 175 м² | Пoтoлки 4 м |. Пpедлагaю B Аренду Светлые И Просторные Помещения в ЖК «Норвежский», г. Казань, ул. Короленко, д.28Б. Bтоpoй этаж, высoкиe пoтолки и пpодумaнная aтмоcфеpа — здeсь хочется творить, работать. П",2026-09-29T21:11:21.214Z,55.833572,49.101851,"Россия, Республика Татарстан (Татарстан), Казань, улица Короленко, 28Б",house
8200204995,"Офис, 230 м²",1200,1 200 ₽ в месяц за м²,₽,₽/мес. за м²,230,"Вахитовский район, Большая Красная ул., 13, Кремлёвская, 11–15 мин.",https://www.avito.ru/kazan/kommercheskaya_nedvizhimost/ofis_230_m_8200204995,1 неделю назад,"ООО ""СанСити""","Сдаётся помещение с ремонтом в стиле лофт (и современном хорошо сотетающимся образом) на третьем этаже особняка Лофт Дизайн (так же на первом этаже кофейня SO Sweet Арт студия Sistrs, шоурум одежды). Здание уникальное с ремонтом. Можно частями. Все условия индивидуальны при просмотре с собствееннико",2026-09-29T21:11:21.214Z,55.79811,49.118263,"Россия, Республика Татарстан (Татарстан), Казань, Вахитовский район, Большая Красная улица, 13",house
8341202369,"Сдам помещение свободного назначения, 208.6 м²",350000,350 000 ₽ в месяц,₽,₽/мес.,208.6,"Петербургская ул., 64, Суконная слобода, до 5 мин.",https://www.avito.ru/kazan/kommercheskaya_nedvizhimost/sdam_pomeschenie_svobodnogo_naznacheniya_208.6_m_8341202369,7 дней назад,ГОРДЕЕВ И ПАРТНЕРЫ,"Готовый Spa-салон 208,6 м² в аренду | ЖК «Барселона». Сдаётся в аренду полностью подготовленный Spa-комплекс площадью 208,6 м² в ЖК «Барселона» на ул. Петербургской, 64. Помещение расположено на 1 этаже, имеет профессиональную планировку, необходимые инженерные системы и специализированное оборудова",2026-09-29T21:11:21.214Z,55.778892,49.136723,"Россия, Республика Татарстан (Татарстан), Казань, Петербургская улица, 64",house
8200812696,"Автосервис, 432 м²",468,468 ₽ в месяц за м²,₽,₽/мес. за м²,432,"Ул. Компрессорщиков, 36, р-н Советский",https://www.avito.ru/kazan/kommercheskaya_nedvizhimost/avtoservis_432_m_8200812696,3 недели назад,"ООО ""СанСити""","Сдаем помещение для автосервиса, детейлинга, возможно под склад или производство. Электрическую мощность можно увеличить. На данный момент помещение не эксплуатируется, ищем арендатора заранее на целое помещение или на 214 км м. Возможно организация внутренних перегородок под арендатора. Риелторам п",2026-09-29T21:11:21.214Z,55.841812,49.239706,"Россия, Республика Татарстан (Татарстан), Казань, улица Компрессорщиков, 36",house
1122551574,"Свободного назначения, 71 м²",75000,75 000 ₽ в месяц,₽,₽/мес.,71,"Ул. Восстания, 16, Яшьлек, 11–15 мин.",https://www.avito.ru/kazan/kommercheskaya_nedvizhimost/svobodnogo_naznacheniya_71_m_1122551574,7 дней назад,,"Сдаётся в аренду торговое помещение на 1-м этаже жилого дома площадью 71 кв. М на первой линии по адресу: г. Казань, ул. Восстания, д.16. Два входа (со стороны улицы и с боковой стороны). Можно организовать два обособленных помещения с самостоятельными входами. Высота потолков 3,0 м. Все коммуникаци",2026-09-29T21:11:21.214Z,55.835574,49.094709,"Россия, Республика Татарстан (Татарстан), Казань, улица Восстания, 16",house
8373900956,Офис в центре 157 м²,172700,172 700 ₽ в месяц,₽,₽/мес.,157,"Ул. Островского, 67, Площадь Тукая, до 5 мин.",https://www.avito.ru/kazan/kommercheskaya_nedvizhimost/ofis_v_tsentre_157_m_8373900956,2 недели назад,,Островского 67. Офис от собственника. Всё включено (коммуналка и интернет). Без комиссий. Сдаётся офис площадью 157 кв. М. Есть возможность добрать еще 37 кв. М. Итого площадь составит 195 кв. М. Open space ( свободная планировка). Состоит из основного пространства и кабинета директора. Современный ,2026-09-29T21:11:21.214Z,55.783645,49.125916,"Россия, Республика Татарстан (Татарстан), Казань, улица Островского, 67",house
8387549715,"223 офис, юр.адрес, своя парковка",8883,8 883 ₽ в месяц с НДС,₽,₽/мес.,,"Ул. Фатыха Амирхана, 101В, Северный вокзал, от 31 мин.",https://www.avito.ru/kazan/kommercheskaya_nedvizhimost/223_ofis_yur.adres_svoya_parkovka_8387549715,2 недели назад,АРЕНДАKZN,"«Рантье» сдаст в аренду своё офисное помещение | Под магазин, офис, услуги, юридический адрес! Казань, ул. Фатыха Амирхана 101в. Прямая аренда без комиссии от собственника. Удобная парковка. Без комиссии и посредников; круглосуточная охрана и видеонаблюдение. Идеально подойдет под: магазин, офис ком",2026-09-29T21:11:21.214Z,55.843348,49.132196,"Россия, Республика Татарстан (Татарстан), Казань, улица Фатыха Амирхана, 101В",house
8425211262,"Офисы с ремонтом в аренду, первый этаж",1100,1 100 ₽ в месяц за м²,₽,₽/мес. за м²,18.9,"Тэцевская ул., 4Б, Авиастроительная, 16–20 мин.",https://www.avito.ru/kazan/kommercheskaya_nedvizhimost/ofisy_s_remontom_v_arendu_pervyy_etazh_8425211262,1 неделю назад,,"Новые офисы от 18,9 м² | 1 этаж | Тэцевская, 4Б. Сдаются в аренду новые офисы с дизайнерским ремонтом от собственника по адресу: Казань, ул. Тэцевская, 4Б. Помещения расположены на полноценном первом этаже — не цоколь. Главное преимущество локации — плотная жилая застройка. Вокруг большое количество",2026-09-29T21:11:21.214Z,55.850403,49.065963,"Россия, Республика Татарстан (Татарстан), Казань, Тэцевская улица, 4Б",house
7979366961,"Офис, 20 м²",20000,20 000 ₽ в месяц,₽,₽/мес.,20,"Ул. Шигабутдина Марджани, 52, Площадь Тукая, 16–20 мин.",https://www.avito.ru/kazan/kommercheskaya_nedvizhimost/ofis_20_m_7979366961,2 недели назад,Юристриелт,"Свободно! Предлагается аренда офисов 1-го и 2-го этажа площадь от 18кв м, 30кв м и 113 кв м в историческом центре. Стоимость кв м 1 этаж 1350р 19 кв м. 2 этаж 113 кв м -1150 руб кв ми. 3 этаж -28 кв м -1250р кв м. В стоимость входит коммунальные услуги, парковка, предоставление юридического адреса).",2026-09-29T21:11:21.214Z,55.774619,49.120832,"Россия, Республика Татарстан (Татарстан), Казань, улица Шигабутдина Марджани, 52",house
2230995415,"Свободного назначения, 24 м²",25000,25 000 ₽ в месяц с НДС,₽,₽/мес.,24,"Ул. Клары Цеткин, 10, Кремлёвская, от 31 мин.",https://www.avito.ru/kazan/kommercheskaya_nedvizhimost/svobodnogo_naznacheniya_24_m_2230995415,7 дней назад,Вадим,"Сдаётся в аренду торговый павильон на первой линии 24 кв. М. Помещение имеет отдельный вход, отопление, парковку. Павильон сдается собственником. До объекта можно легко добраться из любого района города, как на общественном транспорте, так и на автомобиле. До делового и туристического центра города ",2026-09-29T21:11:21.214Z,55.799851,49.064166,"Россия, Республика Татарстан (Татарстан), Казань, улица Клары Цеткин, 10",house
2167499286,"Свободного назначения, 130 м²",15000,15 000 ₽ в месяц,₽,₽/мес.,130,"Ул. Адоратского, 43А, Северный вокзал, от 31 мин.",https://www.avito.ru/kazan/kommercheskaya_nedvizhimost/svobodnogo_naznacheniya_130_m_2167499286,3 недели назад,"ООО "" Строительная компания Добрая""","Сдаю спортивный зал для проведения групповых занятий, тренировок по различным видам спорта, персональных тренировок, детских игровых занятий. Реально аренда почасовая. Договор заключается на несколько месяцев, занятия проходят в выбранные заранее часы. Сдаются два зала ( первый и второй этажи) имеют",2026-09-29T21:11:21.214Z,55.839097,49.142427,"Россия, Республика Татарстан (Татарстан), Казань, улица Адоратского, 43А",house
8268087766,Теплое помещение 289.2 м²,433800,433 800 ₽ в месяц с НДС,₽,₽/мес.,289.2,"Ул. Аделя Кутуя, 159Г, Горки, 21–30 мин.",https://www.avito.ru/kazan/kommercheskaya_nedvizhimost/teploe_pomeschenie_289.2_m_8268087766,1 неделю назад,КазаньНедвижимость,"От собственника: освобождается тёплое помещение площадью 289,2 м² по адресу: Казань, ул. Аделя Кутуя, 159Г, корпус 1. Высота — 6,5 м. Помещение расположено на территории комплекса, где работают автосервисы. Рассмотрим арендаторов под автосервис, установку дополнительного оборудования, склад автозапч",2026-09-29T21:11:21.214Z,55.771788,49.19082,"Россия, Республика Татарстан (Татарстан), Казань, улица Аделя Кутуя, 159Г",house
8457689871,"Кабинет 11,6 м² с ремонтом 24/7",13000,13 000 ₽ в месяц,₽,₽/мес.,11.6,"Маршрутная ул., 12А, Яшьлек, от 31 мин.",https://www.avito.ru/kazan/kommercheskaya_nedvizhimost/kabinet_116_m_s_remontom_247_8457689871,Вчера,"Девелопер коммерческой недвижимости ""DC INVEST""","Кабинет 11,6 м² с ремонтом 24/7. Казань, ул. Маршрутная, 12А. Сдаётся готовый кабинет с ремонтом. Можно заехать и начать работать без дополнительных вложений. Основное. Площадь — 11,6 м². 3 этаж. Новый ремонт. Доступ 24/7. Санузел на каждом этаже. Подойдёт для. Маникюра и педикюра. Бровиста и мастер",2026-09-29T21:11:21.214Z,55.822797,49.034001,"Россия, Республика Татарстан (Татарстан), Казань, Маршрутная улица, 12А",house
7230682624,"Офис, 14.9 м²",20168,20 168 ₽ в месяц с НДС,₽,₽/мес.,14.9,"Ул. Лукницкого, 5, Яшьлек, 21–30 мин.",https://www.avito.ru/kazan/kommercheskaya_nedvizhimost/ofis_14.9_m_7230682624,14 часов назад,Вкусная еда,"Предлагаем в аренду комфортабельные офисные помещения от Собственника! Идеальное рабочее пространство для вашей команды! Офисы от 14,9 кв. М. — цена 1320 за кв. М. И 500 р. За охранную систему. Не упустите возможность обеспечить свою команду комфортным и продуктивным рабочим пространством! В стоимос",2026-09-29T21:11:21.214Z,55.814381,49.064651,"Россия, Республика Татарстан (Татарстан), Казань, улица Лукницкого, 5",house
8456910003,Аренда здания с ремонтом в центре г.Казань 675 м2,999999,999 999 ₽ в месяц,₽,₽/мес.,675,"Ул. Карла Маркса, 12/4, Кремлёвская, 6–10 мин.",https://www.avito.ru/kazan/kommercheskaya_nedvizhimost/arenda_zdaniya_s_remontom_v_tsentre_g.kazan_675_m2_8456910003,16 часов назад,"Девелоперская компания ""АСК Недвижимость""","Сдается в аренду отдельнo стоящее трехэтажное здaние в иcтopичecком центре Kaзани по ул. Карла Маркса 12а. Плoщадь помещений 675 кв. М., земельный участок 7,7 coтoк (в собственности). Здание не является объектом культурного наследия! 1 эт. — 221,8 м2. 2 эт.- 210,5 м2. Мансардный эт. — 116,6 м2. Подв",2026-09-29T21:11:21.214Z,55.796871,49.115846,"Россия, Республика Татарстан (Татарстан), Казань, улица Карла Маркса, 12/4",house
7972877536,"Свободного назначения, 67.6 м²",800,800 ₽ в месяц за м²,₽,₽/мес. за м²,67.6,"Гвардейская ул., 33, Суконная слобода, 21–30 мин.",https://www.avito.ru/kazan/kommercheskaya_nedvizhimost/svobodnogo_naznacheniya_67.6_m_7972877536,1 неделю назад,,"Сдаётcя в аренду склад, производственное помещение, помещение свободного назначения, oфиc 67,6 кв. М. На цокольном этаже, расположенный в бизнеc-центpе aдpecу: г. Kaзань, ул. Гвардейская, дом 33. Стоимость 54080 рублей в месяц плюс коммунальные платежи. Помещение 67,6 кв м состоит из двух смежных по",2026-09-29T21:11:21.214Z,55.785604,49.171596,"Россия, Республика Татарстан (Татарстан), Казань, Гвардейская улица, 33",house
1407166266,Склад 2-ой этаж от 37 м² до 150 м² с подъемником,300,300 ₽ в месяц за м²,₽,₽/мес. за м²,37,"Жилой массив Борисково, Техническая ул., 9, р-н Приволжский",https://www.avito.ru/kazan/kommercheskaya_nedvizhimost/sklad_2-oy_etazh_ot_37_m_do_150_m_s_podemnikom_1407166266,1 неделю назад,"ООО ""АРСЕНАЛ""","Производственно-складская база «Арсенал» сдает в аренду отапливаемые помещения свободного назначения на 2-ом этаже с подъемником площадью от 37 до 150 кв. М. Вы платите только за кв. Метры, а получаете: -склад в 20 минутах от центра Казани с отличными подъездными путями (рядом улицы Авангардная, Маг",2026-09-29T21:11:21.214Z,55.727187,49.133552,"Россия, Республика Татарстан (Татарстан), Казань, Техническая улица, 9",house
8048186665,Свободного назначения,2600,2 600 ₽ в месяц,₽,₽/мес.,66,"Жилой комплекс Матюшино парк, 2, р-н Приволжский",https://www.avito.ru/kazan/kommercheskaya_nedvizhimost/svobodnogo_naznacheniya_8048186665,7 дней назад,,Инвестиция в трафик: коммерция 66 кв. М на первой линии в ЖК «Матюшино Парк» (сдача — апрель 2027). Предлагаем ликвидное коммерческое помещение площадью 66 кв. М в строящемся жилом комплексе комфорт-класса «Матюшино Парк». Объявление от собственника. Срок сдачи дома — апрель 2027 года. Займите страт,2026-09-29T21:11:21.214Z,55.686005,49.197476,"Россия, Республика Татарстан (Татарстан), Лаишевский район, Столбищенское сельское поселение, жилой комплекс Матюшино парк, 2",house
8114892439,Офисное помещение с доступом 24/7,55000,55 000 ₽ в месяц,₽,₽/мес.,48,"Ул. Маршала Чуйкова, 2, Яшьлек, 16–20 мин.",https://www.avito.ru/kazan/kommercheskaya_nedvizhimost/ofisnoe_pomeschenie_s_dostupom_247_8114892439,1 неделю назад,Этажи Казань,"Без Комиссии! Сдается в аренду помещение свободного назначения на улице Чуйкова в офисном центре! Помещение находится на 6 этаже отдельно стоящего здания! Характеристики: - общая площадь помещения 48 кв. М. - бесплатная парковка; - общая входная группа; доступ 24/7; - ремонт: пол линолеум, стены под",2026-09-29T21:11:23.794Z,55.835235,49.102641,"Россия, Республика Татарстан (Татарстан), Казань, улица Маршала Чуйкова, 2",house
8449622275,"Свободного назначения, 65 м²",150000,150 000 ₽ в месяц,₽,₽/мес.,65,"Ул. Профессора Камая, 10к2, Горки, 16–20 мин.",https://www.avito.ru/kazan/kommercheskaya_nedvizhimost/svobodnogo_naznacheniya_65_m_8449622275,2 недели назад,,"О Помещении: Полностью оборудованный барбершоп — заходи и работай! Стильный интерьер в лофт-стиле (кирпич, дерево, металл). Профессиональные барбер-кресла (несколько рабочих мест). Большие зеркала с подсветкой. Современное линейное освещение. Зона ожидания с комфортным кожаным диваном. Все коммуника",2026-09-29T21:11:21.214Z,55.749167,49.183903,"Россия, Республика Татарстан (Татарстан), Казань, улица Профессора Камая, 10к2",house
8187443836,"Производство, 474 м²",450,450 ₽ в месяц за м² с НДС,₽,₽/мес. за м²,474,"Ул. Ирек, 1к7, Суконная слобода, от 31 мин.",https://www.avito.ru/kazan/kommercheskaya_nedvizhimost/proizvodstvo_474_m_8187443836,Вчера,"""Мелита-Аренда"" - прямая аренда без посредников","От Собственника! Никаких комиссий! «Мелита-Технопарк» сдаёт в аренду производственно-складское помещение свободного назначения! Большая прилегающая территория! Большая бесплатная парковка. От центра города 5 минут на машине. Обсуждаем арендные каникулы и условия. Звоните, пишите! Оперативно покажем!",2026-09-29T21:11:23.794Z,55.7625,49.110582,"Россия, Республика Татарстан (Татарстан), Казань, улица Ирек, 1к7",house
4167911797,Производственный комплекс,2700000,2 700 000 ₽ в месяц с НДС,₽,₽/мес.,,"Ул. Мамадышский Тракт, 61, р-н Советский",https://www.avito.ru/kazan/kommercheskaya_nedvizhimost/proizvodstvennyy_kompleks_4167911797,1 неделю назад,Vostman,"Предлагаем в аренду производственную базу, включающую 2 земельных участка (13 820 м2 и 1438 м2), здание Абк, сервис и склад. База оборудована собственной газовой котельной. Земельные участки оборудованы для экспонирования и хранения техники и других производственных запасов. Парковка автотранспорта.",2026-09-29T21:11:23.794Z,55.802482,49.278118,"Россия, Республика Татарстан (Татарстан), Казань, улица Мамадышский Тракт, 61",house
7951365331,"Здание, 264.6 м²",10000,10 000 ₽ в месяц,₽,₽/мес.,264.6,"С. Мемдель, Кооперативная ул., 1",https://www.avito.ru/kazan/kommercheskaya_nedvizhimost/zdanie_264.6_m_7951365331,7 дней назад,"АНО ""ЦКР ""Иннокам""","Здание, 1-этажное, бревенчатое, частично обшито сайдингом, имеется кирпичный пристрой. Требуется ремонт, транспортная доступность хорошая. Возможное назначение: услуги населению, склад, пункт выдачи заказов. Обязательные условия аренды: Арендатор — субъект Мсп. Минимальный срок аренды — 5 лет. Догов",2026-09-29T21:11:23.794Z,56.051798,48.936749,"Россия, Республика Татарстан (Татарстан), Высокогорский район, село Мемдель, Кооперативная улица, 1",house
4004602325,"Свободного назначения, 250 м²",2500,2 500 ₽ в месяц за м² с НДС,₽,₽/мес. за м²,250,"Ул. Фатыха Амирхана, 21Г, Козья Слобода, от 31 мин.",https://www.avito.ru/kazan/kommercheskaya_nedvizhimost/svobodnogo_naznacheniya_250_m_4004602325,7 дней назад,,"-В помещение отдельная входная группа; - Панорамное остекление; - Высокие потолки 4 м; -Здание новое, со своим Итп; - Общая площадь помещения-250 кв. М. ; - Можно арендовать часть помещения; - Удобное расположение; - Рядом жилой дом и остановка общественного транспорта; -Парковка возле здания; - Аре",2026-09-29T21:11:23.794Z,55.824966,49.132806,"Россия, Республика Татарстан (Татарстан), Казань, улица Фатыха Амирхана, 21Г",house
8318472699,Торговая площадь,15000,15 000 ₽ в месяц,₽,₽/мес.,7,"Ул. Чкалова, 6, Яшьлек, 21–30 мин.",https://www.avito.ru/kazan/kommercheskaya_nedvizhimost/torgovaya_ploschad_8318472699,1 неделю назад,Гульнара Галеевна Исхакова,"Сдается помещение 7 м². Цена: 15 000 руб. Условие: Без мокрой точки (только сухие виды деятельности). Подходит под: · Ремонт обуви; · Копи-центр (печать, сканирование); · Бьюти-услуги (ресницы, брови, ногти). Помещение готово к работе. Все вопросы по телефону или в сообщениях Авито.",2026-09-29T21:11:23.794Z,55.82001,49.060339,"Россия, Республика Татарстан (Татарстан), Казань, улица Чкалова, 6",house
8162003129,Готовое помещение для бизнеса. Формат turn KEY,270000,270 000 ₽ в месяц с НДС,₽,₽/мес.,71.2,"Вахитовский район, Профсоюзная ул., 14, Кремлёвская, 6–10 мин.",https://www.avito.ru/kazan/kommercheskaya_nedvizhimost/gotovoe_pomeschenie_dlya_biznesa._format_turn_key_8162003129,2 недели назад,Основа,"Готовое помещение — формат Turn Key. Чистовая отделка «под ключ». Заезжай и работай. 1. Престижная Локация с возможностью размещения летней террасы. Первая линия исторического комплекса «Торговые ряды Хлебного Базара» — точка притяжения для туристов и жителей Казани. Ул. Профсоюзная, д. 14, 1-ый эта",2026-09-29T21:11:23.794Z,55.792205,49.113762,"Россия, Республика Татарстан (Татарстан), Казань, Вахитовский район, Профсоюзная улица, 14",house
8050182697,"Свободного назначения, 21 м²",17500,17 500 ₽ в месяц,₽,₽/мес.,21,"Гвардейская ул., 54Ж, Аметьево, 6–10 мин.",https://www.avito.ru/kazan/kommercheskaya_nedvizhimost/svobodnogo_naznacheniya_21_m_8050182697,7 дней назад,Лариса Шишова,"Сдаем помещение на ул Гвардейская вход совместный с магазином «Пятерочка». Парковка на улице бесплатная — 25 мест. Также в данном здании расположены: Wildberries, цветочный магазин, прачечная, швейная, vape shop, ремонт бытовой техники, Постамат «Яндекс маркет», Вендинговый аппарат вкусностей из Кит",2026-09-29T21:11:23.794Z,55.770046,49.174102,"Россия, Республика Татарстан (Татарстан), Казань, Гвардейская улица, 54Ж",house
8158359645,Аренда склада/кладовки,1500,1 500 ₽ в месяц,₽,₽/мес.,,"Ул. Восстания, 100к4221, Яшьлек, от 31 мин.",https://www.avito.ru/kazan/kommercheskaya_nedvizhimost/arenda_skladakladovki_8158359645,1 неделю назад,PRO - KLADOVKI,"Квартира превращается в склад, на балконе шины и велосипед, а коробки с вещами лежат по всем углам? А если вы предприниматель документы, товар и оборудование забили офис и коридор? Pro‑Kladovki — маркетплейс кладовок и складов хранения в вашем городе. Мы собираем предложения от разных компаний в одн",2026-09-29T21:11:23.794Z,55.832945,49.037253,"Россия, Республика Татарстан (Татарстан), Казань, улица Восстания, 100к4221",house
8461318181,"Офис, 70 м²",1500,1 500 ₽ в месяц за м²,₽,₽/мес. за м²,70,"Ул. Гагарина, 99, Северный вокзал, 6–10 мин.",https://www.avito.ru/kazan/kommercheskaya_nedvizhimost/ofis_70_m_8461318181,15 часов назад,Клабхаус,Офис под ключ общей площадью 70 м2. Основной кабинет =35 м2. Кабинет руководителя = 14 м2. Хозяйственная помещение = 5м2. Кухонная зона. Два санузла. Пожарная -охранная сигнализация.,2026-09-29T21:11:23.794Z,55.836878,49.077713,"Россия, Республика Татарстан (Татарстан), Казань, улица Гагарина, 99",house
8304881143,Склад от собственника 40 м²,25200,25 200 ₽ в месяц с НДС,₽,₽/мес.,40,"Ул. Хади Такташа, 77, Суконная слобода, 11–15 мин.",https://www.avito.ru/kazan/kommercheskaya_nedvizhimost/sklad_ot_sobstvennika_40_m_8304881143,1 неделю назад,ООО Тавис и К,"Сдается помещение от собственника без комиссий посредникам. Склад находится на цокольном этаже жилого дома. Здание расположено на пересечении улиц Туфана Миннуллина и Марселя Салимжанова, недалеко располагается новый театр Камала. Помещение теплое общей площадью 40 кв. М — состоит из двух комнат 17 ",2026-09-29T21:11:23.794Z,55.774877,49.130399,"Россия, Республика Татарстан (Татарстан), Казань, улица Хади Такташа, 77",house
4393264340,Офис,62400,62 400 ₽ в месяц с НДС,₽,₽/мес.,,"Ул. Карла Маркса, 5, Кремлёвская, 6–10 мин.",https://www.avito.ru/kazan/kommercheskaya_nedvizhimost/ofis_4393264340,1 неделю назад,,"Риелторы просьба не беспокоить. Мы посредники. Сдаем офисное помещение. 48 метров, свободная планировка. 2 этаж. У стен кремля! На фото мебель прошлых арендаторов. Сдаем без мебели! Первая линия. Высокий пешеходный трафик. Вход со двора. Идеально подходит под офис премиум класса, страховую компанию,",2026-09-29T21:11:23.794Z,55.79765,49.111418,"Россия, Республика Татарстан (Татарстан), Казань, улица Карла Маркса, 5",house
8339443055,Готовое помещение 93.8 м2 в центре отдельный вход,188000,188 000 ₽ в месяц,₽,₽/мес.,93.8,"Ул. Каюма Насыри, 28, Площадь Тукая, 11–15 мин.",https://www.avito.ru/kazan/kommercheskaya_nedvizhimost/gotovoe_pomeschenie_93.8_m2_v_tsentre_otdelnyy_vhod_8339443055,Вчера,Любовь,"Коммерческое помещение 93,8 м² в историческом центре Казани — готово под бизнес. Казань, ул. Насыри, 28. Площадь: 93,8 м² | Отдельный вход. Помещение отличается интересной планировкой и большим количеством отдельных комнат, поэтому его удобно использовать как готовую основу для бизнеса, где важно ра",2026-09-29T21:11:23.794Z,55.77835,49.118281,"Россия, Республика Татарстан (Татарстан), Казань, улица Каюма Насыри, 28",house
8323918534,Свободного назначения под кафе Муштари,300000,300 000 ₽ в месяц,₽,₽/мес.,,"Ул. Муштари, 19, Площадь Тукая, 11–15 мин.",https://www.avito.ru/kazan/kommercheskaya_nedvizhimost/svobodnogo_naznacheniya_pod_kafe_mushtari_8323918534,Вчера,RED,"Сдам помещение свободного назначения. Витражное остекление, первая линия, красивый вид из окна. Исторический центр города, рядом парки скверы, музеи, множество ресторанов и кафе, гостиниц, исторических мест. Идеально под сферу общепита. Ресторан, кафе, сеть кофеен, бистро, бар, паб и тд. (без полног",2026-09-29T21:11:23.794Z,55.790939,49.134935,"Россия, Республика Татарстан (Татарстан), Казань, улица Муштари, 19",house
8236837528,"Офис с парковкой в центре города, 630.6 м²",1600,1 600 ₽ в месяц за м²,₽,₽/мес. за м²,630.6,"Ул. Баумана, 44/8, Кремлёвская, 6–10 мин.",https://www.avito.ru/kazan/kommercheskaya_nedvizhimost/ofis_s_parkovkoy_v_tsentre_goroda_630.6_m_8236837528,2 недели назад,ЦДБ РОДИНА,"Сдается в аренду просторное коммерческое помещение площадью 630.6 м², расположенное по адресу: г. Казань, ул. Баумана, д. 44/8. Это идеальный вариант для размещения крупного представительства компании, головного офиса или успешного сетевого проекта. Высокий пешеходный трафик главной туристической и ",2026-09-29T21:11:23.794Z,55.79144,49.112172,"Россия, Республика Татарстан (Татарстан), Казань, улица Баумана, 44/8",house
7677173239,"Склад, 550 м²",550,550 ₽ в месяц за м² с НДС,₽,₽/мес. за м²,550,"Д. Старое Кощаково, Промпарковая ул., 3",https://www.avito.ru/kazan/kommercheskaya_nedvizhimost/sklad_550_m_7677173239,2 недели назад,,"Сдается в аренду Новое Теплое производственно-складское здание 550 кв. М. (18х30) на земельном участке пром. Назначения 100 соток, с Ндс. Так же есть 700 кв. М, в с. Кощаково, ул. Промышленная, д. 14 с доквеллером (уравнительная платформа). - Доступ 24/7. - Важно: высота до низа ферм 7,5м., до коньк",2026-09-29T21:11:23.794Z,55.827884,49.419405,"Россия, Республика Татарстан (Татарстан), Пестречинский район, Кощаковское сельское поселение, деревня Старое Кощаково, Промпарковая улица, 3",house
8250476422,"Аренда склада классаА 384м² + 100 м² ""АВТОСЕРВИС""",999,999 ₽ в месяц,₽,₽/мес.,384,"Ново-Савиновский район, жилой массив Савиново, 2-я Кадышевская ул., 41, р-н Ново-Савиновский",https://www.avito.ru/kazan/kommercheskaya_nedvizhimost/arenda_sklada_klassaa_384m_100_m_avtoservis_8250476422,7 дней назад,,"Предлагаем в аренду современный складской комплекс класса А. Объект можно адаптировать под требования арендатора, а площадь — разделить для нескольких направлений бизнеса. Основные характеристики склада: Площадь: 484 м² (возможны варианты деления). Высота потолков: 6 м. Полы: бетонные. Ворота на нул",2026-09-29T21:11:23.794Z,55.845845,49.156612,"Россия, Республика Татарстан (Татарстан), Казань, Ново-Савиновский район, жилой массив Савиново, 2-я Кадышевская улица, 41",house
7745580917,Офис,152000,152 000 ₽ в месяц,₽,₽/мес.,,"Минская ул., 12, Горки, от 31 мин.",https://www.avito.ru/kazan/kommercheskaya_nedvizhimost/ofis_7745580917,2 недели назад,Марат,"Полуцоколь (2 ступени вниз), без коммуникаций на потолке, без насосов и пр. Все коммуникации в подвале. Первая линия, высокая транспортная доступность. Рядом ТЦ Южный, Мегастрой. Развязка на Вознесенский тракт. Высокий пеший трафик. Можно повесить вывеску. Оплата за мес вперёд+обеспечительный платёж",2026-09-29T21:11:23.794Z,55.772208,49.22094,"Россия, Республика Татарстан (Татарстан), Казань, Минская улица, 12",house
8247030500,"Торговая площадь, 205 м²",1300,1 300 ₽ в месяц за м²,₽,₽/мес. за м²,205,"Ул. Родины, 43, Горки, 21–30 мин.",https://www.avito.ru/kazan/kommercheskaya_nedvizhimost/torgovaya_ploschad_205_m_8247030500,7 дней назад,,"Сдается в аренду торгово-офисное помещение в отдельно стоящем здании 205м² на ул. Родины, 43. Льготная ставка на первые 3 месяца — 1300 рублей за м2. Ставка: 1 500 руб. /м² + 5% Ндс. Итого 1575 рублей за м2 + коммунальные платежи сверху. Первый этаж, первая линия. Два собственных входа и два санузла",2026-09-29T21:11:23.794Z,55.768815,49.211113,"Россия, Республика Татарстан (Татарстан), Казань, улица Родины, 43",house
7289390891,"Офис, 54.6 м²",87360,87 360 ₽ в месяц,₽,₽/мес.,54.6,"Чистопольская ул., 20А, Козья Слобода, 11–15 мин.",https://www.avito.ru/kazan/kommercheskaya_nedvizhimost/ofis_54.6_m_7289390891,3 дня назад,,"Сдаётся 2 офисных кабинета 33,5 кв. М. И 21,1 кв. М в блок-офисе на 2 этаже. Без залога. Отдельный вход. В блок-офисе 2 санузла, зона ресепшн, зона ожидания, оборудованная кухня, также есть вся офисная мебель, кулер. Сделан свежий ремонт. Парковка вдоль здания бесплатно, также есть большая муниципал",2026-09-29T21:11:23.794Z,55.81776,49.111714,"Россия, Республика Татарстан (Татарстан), Казань, Чистопольская улица, 20А",house
8421316078,Свободного назначения,70000,70 000 ₽ в месяц,₽,₽/мес.,,"Ул. Сулеймановой, 7, Козья Слобода, 11–15 мин.",https://www.avito.ru/kazan/kommercheskaya_nedvizhimost/svobodnogo_naznacheniya_8421316078,1 неделю назад,,"Сдаётся в аренду помещение свободного назначения общей площадью 75кв м, с отдельным круглосуточным доступом, что позволяет использовать данное помещение для ведения различного рода бизнеса. Своя мокрая точка санузел, горячая и холодная вода, отопление, кухонная зона с холодильником. Удобная локация ",2026-09-29T21:11:23.794Z,55.813,49.088394,"Россия, Республика Татарстан (Татарстан), Казань, улица Сулеймановой, 7",house
2213546291,"Производственное помещение, Химград, 289.2 м²",1000,1 000 ₽ в месяц за м²,₽,₽/мес. за м²,289.2,"Ул. Восстания, 100к7040, Яшьлек, от 31 мин.",https://www.avito.ru/kazan/kommercheskaya_nedvizhimost/proizvodstvennoe_pomeschenie_himgrad_289.2_m_2213546291,14 часов назад,Рентал Проперти Менеджмент,"На территории Технополиса «Химград» сдается современное производственное помещение 289,2 кв. М. Характеристики объекта: Каркас здания — ж/б колонны, металлические фермы. Габариты блока — 24 х 12 м (Ш х Г). Высота от пола до нижней части несущей конструкции кровли — 6 м. Инфраструктура: Двое секционн",2026-09-29T21:11:23.794Z,55.829335,49.035537,"Россия, Республика Татарстан (Татарстан), Казань, улица Восстания, 100к7040",house
1466532084,"Свободного назначения, 130.8 м²",700,700 ₽ в месяц за м² с НДС,₽,₽/мес. за м²,130.8,"Тихорецкая ул., 7к6, р-н Приволжский",https://www.avito.ru/kazan/kommercheskaya_nedvizhimost/svobodnogo_naznacheniya_130.8_m_1466532084,7 дней назад,АрендаСкладСервис,"Предлагается отапливаемое помещение на первой линии, 1 эт, общей площадью 130,8 кв. М. Рядом находится остановка общественного транспорта. В здании три ком- наты: 80 м², 22,2 м² и 11,7 м². Также есть санузел. Два входа: один закрыт рольстав- нями, другой оснащен железной дверью. Помещение подходит д",2026-09-29T21:11:23.794Z,55.730603,49.120841,"Россия, Республика Татарстан (Татарстан), Казань, Тихорецкая улица, 7к6",house
7768157563,"Фура заедет, водитель не поседеет",224000,224 000 ₽ в месяц,₽,₽/мес.,,"Ул. Гудованцева, 1Ак7, р-н Московский",https://www.avito.ru/kazan/kommercheskaya_nedvizhimost/fura_zaedet_voditel_ne_posedeet_7768157563,13 часов назад,ESG Коммерческая недвижимость,"Аренда Складского Комплекса | Казань. Лот 100-100. Объект. В аренду предлагается новый складской комплекс, состоящий из трех отдельно стоящих зданий. Объект расположен в активно развивающейся промышленной зоне и подходит для логистики, дистрибуции и складского хранения. Характеристики. — 3 отдельно ",2026-09-29T21:11:23.794Z,55.859716,49.018918,"Россия, Республика Татарстан (Татарстан), Казань, улица Гудованцева, 1Ак7",house
8513083989,Свободного назначения,72000,72 000 ₽ в месяц,₽,₽/мес.,,"Ул. Гаврилова, 7к4, р-н Ново-Савиновский",https://www.avito.ru/kazan/kommercheskaya_nedvizhimost/svobodnogo_naznacheniya_8513083989,3 дня назад,,"Сдаётся помещение свободного назначения на 1-ом этаже. Высота потолков 6 метров. Идеально подойдёт под кофейню со вторым ярусом, Пвз, торговую точку, офисное помещение. При долгосрочной аренде, могу сделать ремонт. Район очень сильно развивается, рядом открылся Магнит. Главный + это большое наличие ",2026-09-29T21:11:23.794Z,55.828794,49.161759,"Россия, Республика Татарстан (Татарстан), Казань, улица Гаврилова, 7к4",house
7875932616,Офис,550,550 ₽ в месяц за м²,₽,₽/мес. за м²,21,"Ул. Восстания, 100к9220, Северный вокзал, 21–30 мин.",https://www.avito.ru/kazan/kommercheskaya_nedvizhimost/ofis_7875932616,1 неделю назад,МОНОТОН,"Сдаются помещения в аренду от собственника. Расположение: на территории Химград. Имеются помещения: 21 кв. М, 40 кв. М.,41 кв. М.,55 кв. М.,60 кв. М., 62 кв. М., 66 кв. М.,90 кв. М., 210кв. М. Склад на 1 этаже 72 кв. М. Здание расположено на первой линии. Возможно под офисы и под небольшое производс",2026-09-29T21:11:23.794Z,55.834553,49.051635,"Россия, Республика Татарстан (Татарстан), Казань, улица Восстания, 100к9220",house
1891614496,"Свободного назначения, офис, теплый склад 127 кв м",70000,70 000 ₽ в месяц,₽,₽/мес.,127,"Окольная ул., 28, Яшьлек, 21–30 мин.",https://www.avito.ru/kazan/kommercheskaya_nedvizhimost/svobodnogo_naznacheniya_ofis_teplyy_sklad_127_kv_m_1891614496,7 дней назад,,"Сдаю помещение свободного назначения, можно под офис, теплый склад, учебный класс, автошкола, медицинские услуги. 550 руб за кв. М. 1 этаж. Площадь 127 кв. М. Хорошая, проверенная годами энергетика — с этого офиса развились и выросли в Казани торговые сети «Магнит», «Арыш Мае» (Элина), крупный селле",2026-09-29T21:11:23.794Z,55.826063,49.048841,"Россия, Республика Татарстан (Татарстан), Казань, Окольная улица, 28",house
8355281763,Свободного назначения,165000,165 000 ₽ в месяц,₽,₽/мес.,55.7,"Ул. Островского, 110, Суконная слобода, до 5 мин.",https://www.avito.ru/kazan/kommercheskaya_nedvizhimost/svobodnogo_naznacheniya_8355281763,1 неделю назад,Айрат Зиятдинов,"Сдаю помещение свободного назначения на долгий срок. Дом бизнес — класса «Кастура» в самом центре города. В 5 минутах ходьбы станция метро «Суконная слобода» и остановки общественного транспорта. Помещение 55,7 кв. М. С отдельным входом и панорамными окнами — много дневного света. Выход прямо на про",2026-09-29T21:11:23.794Z,55.777626,49.136939,"Россия, Республика Татарстан (Татарстан), Казань, улица Островского, 110",house
8351972461,Совместная аренда офиса 17м2,20000,20 000 ₽ в месяц,₽,₽/мес.,,"Ул. Николая Ершова, 28, Суконная слобода, 21–30 мин.",https://www.avito.ru/kazan/kommercheskaya_nedvizhimost/sovmestnaya_arenda_ofisa_17m2_8351972461,1 неделю назад,,"Ищу на совместную аренду мастера маникюра/педикюра. Пн, вт, чт, пт. Круглосуточный доступ. Мокрая точка.",2026-09-29T21:11:23.794Z,55.792625,49.163044,"Россия, Республика Татарстан (Татарстан), Казань, улица Николая Ершова, 28",house
7414378534,Склад,150000,150 000 ₽ в месяц,₽,₽/мес.,,"Роторная ул., 1Б, Аметьево, 11–15 мин.",https://www.avito.ru/kazan/kommercheskaya_nedvizhimost/sklad_7414378534,7 дней назад,,Склад! Холодный! Под сервис нет!,2026-09-29T21:11:23.794Z,55.765043,49.150701,"Россия, Республика Татарстан (Татарстан), Казань, Роторная улица, 1Б",house
8237673839,"Помещение под юридический адрес, 6 м²",6000,6 000 ₽ в месяц,₽,₽/мес.,6,"Ул. Братьев Батталовых, 27, Дубравная, от 31 мин.",https://www.avito.ru/kazan/kommercheskaya_nedvizhimost/pomeschenie_pod_yuridicheskiy_adres_6_m_8237673839,13 часов назад,Retail Invest,Предоставим помещение в аренду под юридический адрес. От собственника. Площадь — 6 кв. М. Аренда плата — 6 т. Р. В месяц. Коммунальные платежи включены. Не является местом массовой регистрации. Оформление за 1 день.,2026-09-29T21:11:23.794Z,55.716656,49.183346,"Россия, Республика Татарстан (Татарстан), Казань, улица Братьев Батталовых, 27",house
8210242419,"Аренда 75 кв.м. на Беломорской, 69Ак1",140000,140 000 ₽ в месяц,₽,₽/мес.,75,"Беломорская ул., 69Ак1, Авиастроительная, от 31 мин.",https://www.avito.ru/kazan/kommercheskaya_nedvizhimost/arenda_75_kv.m._na_belomorskoy_69ak1_8210242419,1 неделю назад,МеГаРус-М,"Сдается кoммepческое помещение cвобoдногo нaзнaчeния нa пеpвом этaжe в гуcтонаселeнном районе города co слeдующими xapактepиcтикaми: - пeрвый этaж ; - тopговaя площадь пoмещeния: 75 кв. М. ; - выcотa потoлкoв 4 метpа; - меcто пoд реклaмную вывеску; - центральное водоснабжение, электроснабжение и ото",2026-09-29T21:11:23.794Z,55.865657,49.029285,"Россия, Республика Татарстан (Татарстан), Казань, Беломорская улица, 69Ак1",house
8321748731,Офис в центре,1400,1 400 ₽ в месяц за м²,₽,₽/мес. за м²,,"Ул. Щапова, 47/7, Площадь Тукая, 11–15 мин.",https://www.avito.ru/kazan/kommercheskaya_nedvizhimost/ofis_v_tsentre_8321748731,15 часов назад,Арендодатель,"Сдам в аренду на длительный срок блок офисов в историческом центре Казани ул. Щапова. Общая площадь помещения 95 кв м, на 2 м этаже. Основные преимущества: - бизнес центр класса А в центре города. - первая линия. - презентабельная входная группа. - вход в офис 24/7 через ресепшн- охрану. - Высота по",2026-09-29T21:11:23.794Z,55.791785,49.13746,"Россия, Республика Татарстан (Татарстан), Казань, улица Щапова, 47/7",house
4478175935,"Помещение от собственника, два входа 222.6 м²",900,900 ₽ в месяц за м²,₽,₽/мес. за м²,222.6,"Ул. Короленко, 28Б, Яшьлек, 16–20 мин.",https://www.avito.ru/kazan/kommercheskaya_nedvizhimost/pomeschenie_ot_sobstvennika_dva_vhoda_222.6_m_4478175935,1 неделю назад,Алия,"Сдаю видовое помещение свободного назначения в новом доме бизнес-класса ЖК Норвежский, со свежим ремонтом. Возможно Поделить На Два Помещения.  Сдаёт Собственник.  Два входа, оба через улицу Короленко, центральный через обособленную входную группу, просматриваемую со всех сторон, удачно выделяется с",2026-09-29T21:11:23.794Z,55.833572,49.101851,"Россия, Республика Татарстан (Татарстан), Казань, улица Короленко, 28Б",house
8094517800,"Свободного назначения, 85, 81 м²",113769,113 769 ₽ в месяц,₽,₽/мес.,81,"Ул. Лукницкого, 5, Яшьлек, 21–30 мин.",https://www.avito.ru/kazan/kommercheskaya_nedvizhimost/svobodnogo_naznacheniya_85_81_m_8094517800,15 часов назад,Вкусная еда,"Аренда офисного помещения 85,81 кв. М. От собственника — без комиссии! В дoлгоcpoчную аpенду сдаютcя помещения свободного назначения нa пepвoй линии с высоким пешеходным тpaфикoм. Ищете комфортное пространство для работы вашей команды? У нас есть именно то, что вам нужно! Площадь 85, 81 кв. М. Кабин",2026-09-29T21:11:23.794Z,55.814381,49.064651,"Россия, Республика Татарстан (Татарстан), Казань, улица Лукницкого, 5",house
7846447271,"Свободного назначения, 170 м²",290000,290 000 ₽ в месяц,₽,₽/мес.,170,"Ул. Шаляпина, 26, Суконная слобода, 6–10 мин.",https://www.avito.ru/kazan/kommercheskaya_nedvizhimost/svobodnogo_naznacheniya_170_m_7846447271,7 дней назад,,"Сдается коммерческое помещение, в доме Бизнес класса ЖК«Сюита», на пересечении Вахитовского и Приволжского района. Подойдет под любой вид деятельности: клинику, ресторан, магазин, студии красоты. О помещении: две входные группы, панорамные окна. Помещение с антресолью. Высота в двухсветном пространс",2026-09-29T21:11:23.794Z,55.771135,49.139993,"Россия, Республика Татарстан (Татарстан), Казань, улица Шаляпина, 26",house
7954897548,"Свободного назначения, 40.3 м² с расширением",1210,1 210 ₽ в месяц за м² с НДС,₽,₽/мес. за м²,40.3,"Ул. Копылова, 1/2, Авиастроительная, 6–10 мин.",https://www.avito.ru/kazan/kommercheskaya_nedvizhimost/svobodnogo_naznacheniya_40.3_m_s_rasshireniem_7954897548,18 часов назад,Агентство Недвижимости Атлантис,"Сдается в аренду коммерческое помещение 40,3 м² с возможностью увеличения площади до 82,6 м² по адресу: г. Казань, ул. Копылова, 1/2. Помещение расположено на первой линии в районе с высоким автомобильным и пешеходным трафиком. Напротив находится стадион «Рубин», рядом парковая зона, Дом культуры, п",2026-09-29T21:11:23.794Z,55.850858,49.083543,"Россия, Республика Татарстан (Татарстан), Казань, улица Копылова, 1",house
8407183575,"Помещение 141 м² под кабинеты, готовая инженерия",300000,300 000 ₽ в месяц,₽,₽/мес.,141,"Ул. Баки Урманче, 7, Проспект Победы, от 31 мин.",https://www.avito.ru/kazan/kommercheskaya_nedvizhimost/pomeschenie_141_m_pod_kabinety_gotovaya_inzheneriya_8407183575,Вчера,Юлия,"Готовое помещение 141 м² под кабинетный бизнес — салон, клиника, студия. Отдельный вход, ремонт, вся инженерия сделана. 300 000 ₽/мес · От собственника, без комиссии · Казань, ул. Баки Урманче, 7. Сдаётся помещение с 5 изолированными кабинетами и просторным холлом — заезжайте и начинайте работать с ",2026-09-29T21:11:23.794Z,55.731115,49.175342,"Россия, Республика Татарстан (Татарстан), Казань, улица Баки Урманче, 7",house
8168348707,"Здание, 750 м²",649,649 ₽ в месяц за м²,₽,₽/мес. за м²,750,"Пр. Эшчелэр, 20А, р-н Советский",https://www.avito.ru/kazan/kommercheskaya_nedvizhimost/zdanie_750_m_8168348707,13 часов назад,Бизнес-центр на Энгельса,"Сдается производственно-складское помещение 750 м² в Производственно-логистический парк «Вертелевка». Без комиссии. Адрес: Казань, Советский р-н, проезд Эшчелэр, д. 22А (удобный выезд на Мамадышский тракт и трассу М7). Характеристики: Площадь: 750 м² (возможна аренда блоков кратно 750 м² или всего к",2026-09-29T21:11:23.794Z,55.807137,49.324022,"Россия, Республика Татарстан (Татарстан), Казань, проезд Эшчелэр, 20А",house
8302791364,"Офис, 140.7 м²",400000,400 000 ₽ в месяц,₽,₽/мес.,140.7,"Вахитовский район, Большая Красная ул., 62Б, Площадь Тукая, 16–20 мин.",https://www.avito.ru/kazan/kommercheskaya_nedvizhimost/ofis_140.7_m_8302791364,2 недели назад,,Супер современный офис для средней компании.,2026-09-29T21:11:26.178Z,55.796005,49.136499,"Россия, Республика Татарстан (Татарстан), Казань, Вахитовский район, Большая Красная улица, 62Б",house
8200287644,"Офис, 300 м²",390,390 ₽ в месяц за м²,₽,₽/мес. за м²,300,"1-я Владимирская ул., 110А, р-н Советский",https://www.avito.ru/kazan/kommercheskaya_nedvizhimost/ofis_300_m_8200287644,7 дней назад,"ООО ""СанСити""","В данный момент заканчиваются отделочные работы, на фото отдельно некоторая мебель, она по необходимости будет в кабинетах. На стенах будут обои/, на полу везде уложен кварцвинил, радиаторы закрываются экраном, натяжные потолки с современным комфортным освещением, разводка интернета. ! в настоящий м",2026-09-29T21:11:26.178Z,55.827054,49.199749,"Россия, Республика Татарстан (Татарстан), Казань, 1-я Владимирская улица, 110А",house
7518361001,"Свободного назначения, 110.5 м²",188000,188 000 ₽ в месяц,₽,₽/мес.,110.5,"Ул. Халитова, 8, р-н Советский",https://www.avito.ru/kazan/kommercheskaya_nedvizhimost/svobodnogo_naznacheniya_110.5_m_7518361001,1 неделю назад,,"Псн 110,5 м² | 1 линия | Витрины | Новый ЖК. Сдается коммерческое помещение 110,5 м² на первой линии в новом ЖК «Сиберово». Казань, ул. Халитова, 1 этаж. Отличное помещение для бизнеса в новом современном жилом комплексе. Первая линия, отдельный вход с улицы, большие витринные окна и хорошая видимос",2026-09-29T21:11:26.178Z,55.817906,49.196695,"Россия, Республика Татарстан (Татарстан), Казань, улица Халитова, 8",house
7944231049,"Свободного назначения, 278 м²",334000,334 000 ₽ в месяц,₽,₽/мес.,278,"Чистопольская ул., 19А, Козья Слобода, 11–15 мин.",https://www.avito.ru/kazan/kommercheskaya_nedvizhimost/svobodnogo_naznacheniya_278_m_7944231049,2 недели назад,Гуля,Предлагаются в аренду помещение на 1 этаже -278 кВ. МВ помещении сделан ремонт. Сан. Узлы. Запасной выход. Аренда 1200руб за кВ. Метр + коммунальные услуги. При желании также возможна продажа помещений за 75 млн.,2026-09-29T21:11:26.178Z,55.81996,49.114858,"Россия, Республика Татарстан (Татарстан), Казань, Чистопольская улица, 19А",house
8307029010,"Свободного назначения, 20.2 м²",1800,1 800 ₽ в месяц за м² с НДС,₽,₽/мес. за м²,20.2,"Ул. Зайни Султана, 8, Площадь Тукая, 11–15 мин.",https://www.avito.ru/kazan/kommercheskaya_nedvizhimost/svobodnogo_naznacheniya_20.2_m_8307029010,Вчера,СТАТУС Коммерц,"Помещение свободного назначения площадью 20,2 м², высота потолков: 3,5 м, мокрая точка. Варианты размещения: массажные кабинеты кабинеты психолога маникюрные студии обычные офисы ремонт телефонов пункты выдачи заказов Wildberries небольшие сервисные компании и многие другие… В наличии несколько поме",2026-09-29T21:11:26.178Z,55.780081,49.115289,"Россия, Республика Татарстан (Татарстан), Казань, улица Зайни Султана, 8",house
8349432265,"Офис с приёмной 42,6 м² в бизнес центре",1250,1 250 ₽ в месяц за м²,₽,₽/мес. за м²,42.6,"Ул. Журналистов, 2А, р-н Советский",https://www.avito.ru/kazan/kommercheskaya_nedvizhimost/ofis_s_priemnoy_426_m_v_biznes_tsentre_8349432265,2 недели назад,МЕТРИКА ДЕВЕЛОПМЕНТ,"42,6 м² | Два смежных кабинета | Окна в каждом | Первый этаж | Под приём клиентов и работу команды | От собственника. Сдаю офисный блок из двух кабинетов в БЦ на ул. Журналистов, 2А, Казань. Формат для компании, которой нужны пространство для встречи клиентов и отдельная комната для работы, консульт",2026-09-29T21:11:26.178Z,55.806429,49.191493,"Россия, Республика Татарстан (Татарстан), Казань, улица Журналистов, 2А",house
2667477841,"Склад/производство, 1270 м²",300,300 ₽ в месяц за м² с НДС,₽,₽/мес. за м²,1270,"Химическая ул., 21, р-н Московский",https://www.avito.ru/kazan/kommercheskaya_nedvizhimost/skladproizvodstvo_1270_m_2667477841,7 дней назад,ТЕ][НОПАРК,"Сдается неотапливаемое здание из сендвич панелей под склад либо под производство. Размеры 59,8м х 21,35м., высота 7,5м. Полы бетонные, ровные «антипыль», имеется кран-балка на 3т. (на консервации), транспортные ворота 3 шт., удобные подъездные пути (в зимний период чистятся собственной коммунальной ",2026-09-29T21:11:26.178Z,55.879763,49.000449,"Россия, Республика Татарстан (Татарстан), Казань, Химическая улица, 21",house
8322020878,"Склад, 349.1 м²",261750,261 750 ₽ в месяц,₽,₽/мес.,349.1,"Приволжский район, Магистральная ул., 59/1, р-н Приволжский",https://www.avito.ru/kazan/kommercheskaya_nedvizhimost/sklad_349.1_m_8322020878,7 дней назад,Александр,"Собственник, сдам в аренду здание. Расположено на территории комплекса на первой линии! Можно использовать под производство/склад. Своя парковка во дворе. В здание заведены все коммуникации. По запросу арендатора можно сделать ворота в здании (для погрузки/разгрузки грузовых автомобилей). Излишние с",2026-09-29T21:11:26.178Z,55.748868,49.10583,"Россия, Республика Татарстан (Татарстан), Казань, Приволжский район, Магистральная улица, 59/1",house
8168417214,"Свободного назначения, 231 м²",999,999 ₽ в месяц за м² с НДС,₽,₽/мес. за м²,231,"Пр-т Победы, 139к2, Горки, от 31 мин.",https://www.avito.ru/kazan/kommercheskaya_nedvizhimost/svobodnogo_naznacheniya_231_m_8168417214,13 часов назад,Бизнес-центр на Энгельса,"Лучшее место для вашего бизнеса! Сдается помещение 231 кв. М в ЖК «Победа» напрямую от собственника! Ищете локацию, которая будет ежедневно приводить к вам сотни клиентов? Она перед вами! Где: ЖК «Победа», 2 этаж. Трафик: огромный поток людей и машин, топовая видимость, парадный вход прямо с централ",2026-09-29T21:11:26.178Z,55.776462,49.217886,"Россия, Республика Татарстан (Татарстан), Казань, проспект Победы, 139к2",house
8214272910,"Свободного назначения, 80-165 м²",160000,160 000 ₽ в месяц,₽,₽/мес.,165,"Ул. Хади Атласи, 9, Суконная слобода, 11–15 мин.",https://www.avito.ru/kazan/kommercheskaya_nedvizhimost/svobodnogo_naznacheniya_80-165_m_8214272910,7 дней назад,,"Сдаётся в аренду коммерческое помещение — 165 кв. М, центр города. Рассматриваем вариант сдачи половины помещения — 80-82 кв. М. Предлагаю в аренду просторное коммерческое помещение свободного назначения в отдельно стоящем здании на 1-м этаже. Идеальное решение для бизнеса: можно адаптировать простр",2026-09-29T21:11:26.178Z,55.785903,49.14868,"Россия, Республика Татарстан (Татарстан), Казань, улица Хади Атласи, 9",house
7768874140,Офис,1600,1 600 ₽ в месяц с НДС,₽,₽/мес.,364,"Пр-т Ямашева, 45А, Козья Слобода, 21–30 мин.",https://www.avito.ru/kazan/kommercheskaya_nedvizhimost/ofis_7768874140,1 неделю назад,,"Сдаю офисное помещение площадью 364 кв. М. В аренду, на длительный срок. Офисное омещение находится на центральной улице Ново-Савиновского района в БЦ « Парус». В пешой доступности Парк Хаус. Парковочных мест много вдоль здания и на противоположной стороне. Кабинетная нарезка. Офисный ремонт отлично",2026-09-29T21:11:26.178Z,55.826347,49.119871,"Россия, Республика Татарстан (Татарстан), Казань, проспект Ямашева, 45А",house
7934602367,"Свободного назначения, 60 м²",2500,2 500 ₽ в месяц,₽,₽/мес.,60,"С. Песчаные Ковали, Октябрьская ул., 6А",https://www.avito.ru/kazan/kommercheskaya_nedvizhimost/svobodnogo_naznacheniya_60_m_7934602367,1 неделю назад,,"Объект находятся в с. Песчаные Ковали, Октябрьская улица, 8Б в центре, на перекрестке, с активным автотрафиком. Локация — Идеальна: Удобные подъездные пути с прилегающих улиц и проездов позволяет свободно подъехать с различных направлений. Инфраструктура: Земельный участок полностью забетонирован, о",2026-09-29T21:11:26.178Z,55.623473,49.145679,"Россия, Республика Татарстан (Татарстан), Лаишевский район, Песчано-Ковалинское сельское поселение, село Песчаные Ковали, Октябрьская улица, 6А",house
8219367773,Офис,1500,1 500 ₽ в месяц за м² с НДС,₽,₽/мес. за м²,130.5,"Ул. Юлиуса Фучика, 155, Горки, от 31 мин.",https://www.avito.ru/kazan/kommercheskaya_nedvizhimost/ofis_8219367773,2 недели назад,,"Сдается офис 130,5м² на 1 этаже ТЦ «Азино». Сдаётся светлое помещение 130,5 м² на первом этаже ТЦ «Азино» у входной группы. Идеально для сервисного бизнеса, медицинского центра, стоматологии, салона красоты или представительства компании. Почему этот вариант выгоден? Отдельная планировка: 4 изолиров",2026-09-29T21:11:26.178Z,55.773434,49.230462,"Россия, Республика Татарстан (Татарстан), Казань, улица Юлиуса Фучика, 155",house
7658447873,"Сдам ПСН 57.1 м² под Офис, Аптеку",50000,50 000 ₽ в месяц,₽,₽/мес.,57.1,"Ул. Галимджана Баруди, 13, Яшьлек, 11–15 мин.",https://www.avito.ru/kazan/kommercheskaya_nedvizhimost/sdam_psn_57.1_m_pod_ofis_apteku_7658447873,1 неделю назад,,"Риелторам бонус/комиссия за приведение клиента. Я собственник. На фото в комнатах оборудование, сейчас его нет. Помещение полностью свободно. Сдается светлое коммерческое помещение (Псн) площадью 57,1 кв. М. Напрямую от Собственника. Без комиссии. Адрес: г. Казань, ул. Баруди, 13 (первый этаж 9-этаж",2026-09-29T21:11:26.178Z,55.823257,49.067041,"Россия, Республика Татарстан (Татарстан), Казань, улица Галимджана Баруди, 13",house
8176569054,Офис с панорамными окнами,239700,239 700 ₽ в месяц,₽,₽/мес.,141,"Ул. Адоратского, 2Б, Козья Слобода, от 31 мин.",https://www.avito.ru/kazan/kommercheskaya_nedvizhimost/ofis_s_panoramnymi_oknami_8176569054,Вчера,"""Регион Бизнес Недвижимость Казань""","Предлагается к аренде офисное помещение в Ново-Савиновском районе, по ул. Адоратского. Помещение располагается на 3-м этаже, четырехэтажного бизнес-центра. Общая площадь офиса — 141 кв. М. Характеристики: удобная локация; наличие парковок; пропускной режим; планировка — open-space; панорамное остекл",2026-09-29T21:11:26.178Z,55.82088,49.149542,"Россия, Республика Татарстан (Татарстан), Казань, улица Адоратского, 2Б",house
8073668391,"Свободного назначения, 85 м²",115000,115 000 ₽ в месяц,₽,₽/мес.,85,"Ул. Павлюхина, 99Б, Суконная слобода, 11–15 мин.",https://www.avito.ru/kazan/kommercheskaya_nedvizhimost/svobodnogo_naznacheniya_85_m_8073668391,1 неделю назад,Николай,"Сдается помещение 85 м2 свободного назначения в ЖК «Сокольники». Аренда Псн. 5 минут до центра Казани. Адрес: г. Казань, ул. Павлюхина, 99б. Я собственник. Прямая аренда. Характеристика: 1 этаж жилого дома с готовым ремонтом, отдельным входом, панорамными окнами, стеклянный фасад входной группы; пло",2026-09-29T21:11:26.178Z,55.767398,49.150961,"Россия, Республика Татарстан (Татарстан), Казань, улица Павлюхина, 99Б",house
8351296140,"Теплые площади, 289.9 м²",153357,153 357 ₽ в месяц,₽,₽/мес.,289.9,"Набережная ул., 11, р-н Кировский",https://www.avito.ru/kazan/kommercheskaya_nedvizhimost/teplye_ploschadi_289.9_m_8351296140,7 дней назад,"АО ""Казанский завод медицинской аппаратуры""","Сдается Теплое помещение площадью 289,9 кв. М. — оптимальное решение для офиса, торговли, чистого и легкого производства или под склад. В Кировском районе. Прямая аренда от собственника — 529 ₽/м². Почему здесь удобно работать: · Отдельный вход с улицы, 1-я линия, полы — плитка, имеется отдельный са",2026-09-29T21:11:26.178Z,55.800327,49.043469,"Россия, Республика Татарстан (Татарстан), Казань, Набережная улица, 11",house
8125590434,Офис,70200,70 200 ₽ в месяц,₽,₽/мес.,,"Пр-т Ямашева, 48Б, Козья Слобода, 21–30 мин.",https://www.avito.ru/kazan/kommercheskaya_nedvizhimost/ofis_8125590434,2 недели назад,,"Отличное помещение. Отличная транспортная развязка, в 5 минутах, перекрёсток Ямашева — Мусина. Парк хаус в 5 минутах ходьбы. Доступ в помещение по системе Скуд, 24/7. Помещения с окнами. Одна комната проходная.",2026-09-29T21:11:26.178Z,55.829188,49.123536,"Россия, Республика Татарстан (Татарстан), Казань, проспект Ямашева, 48Б",house
8352976510,Торговая площадь,115800,115 800 ₽ в месяц,₽,₽/мес.,,"Пр-т Победы, 33, Проспект Победы, до 5 мин.",https://www.avito.ru/kazan/kommercheskaya_nedvizhimost/torgovaya_ploschad_8352976510,1 неделю назад,Екатерина,"Собственник. Сдаю Помещение с маленьким складом. Есть отдельный вход, но с соседями — Аптека. Окно в помещении. Туалет общий с другими арендаторами. Возможность сделать свой. Коммунальные платежи оплачиваются отдельно по счетчикам. Есть обеспечительный платеж равный сумме арендного платежа. Заехать ",2026-09-29T21:11:26.178Z,55.751994,49.209801,"Россия, Республика Татарстан (Татарстан), Казань, проспект Победы, 33",house
8039955022,"Офис, магазин, производство, салон, спорт, 90 м²",90000,90 000 ₽ в месяц,₽,₽/мес.,90,"Чистопольская ул., 77/2, Козья Слобода, от 31 мин.",https://www.avito.ru/kazan/kommercheskaya_nedvizhimost/ofis_magazin_proizvodstvo_salon_sport_90_m_8039955022,1 неделю назад,Наиль Хамзеевич,"Помещение свободного назначения на первом этаже жилого дома с отдельным входом в густонаселённом жилом массиве в районе стадиона Ак Барс арена. Помещение состоит из приемной, двух комнат, подсобных помещений, санузла общей площадью 83 кв м + 7 кв под склад. Помещение сдаётся целиком. Имеются две вхо",2026-09-29T21:11:26.178Z,55.821209,49.151258,"Россия, Республика Татарстан (Татарстан), Казань, Чистопольская улица, 77/2",house
2570230217,"Свободного назначения, 70 м²",100000,100 000 ₽ в месяц,₽,₽/мес.,70,"Портовая ул., 37, Площадь Тукая, от 31 мин.",https://www.avito.ru/kazan/kommercheskaya_nedvizhimost/svobodnogo_naznacheniya_70_m_2570230217,1 неделю назад,кафе Баумана 42,От Собственника! ЖК «Живи» на Портовой 37 сдаётся помещение свободного назначения с ремонтом! - 1 этаж. - 1 Линия. - Дом сдан. - Помещение подходит под любой вид деятельности. - Удобная парковка перед домом. - доступ 24/7. - 5 мин от центра города. - место под вывеску. Рассматриваем только долгосроч,2026-09-29T21:11:26.178Z,55.769276,49.094359,"Россия, Республика Татарстан (Татарстан), Казань, Портовая улица, 37",house
8148028415,"Свободного назначения, 156 м²",156000,156 000 ₽ в месяц,₽,₽/мес.,156,"Ул. Декабристов, 182А, Северный вокзал, до 5 мин.",https://www.avito.ru/kazan/kommercheskaya_nedvizhimost/svobodnogo_naznacheniya_156_m_8148028415,7 дней назад,АН Интер,"Помещение свободного назначения, 1 линия улицы Декабристов. Отдельно стоящее здание.",2026-09-29T21:11:26.178Z,55.840133,49.081881,"Россия, Республика Татарстан (Татарстан), Казань, улица Декабристов, 182А",house
8059753527,"Свободного назначения, 24 м²",35000,35 000 ₽ в месяц,₽,₽/мес.,24,"Ул. Сафьян, 8, Площадь Тукая, 16–20 мин.",https://www.avito.ru/kazan/kommercheskaya_nedvizhimost/svobodnogo_naznacheniya_24_m_8059753527,7 дней назад,RG house,"Сдается в аренду коммерческое помещение, состоящее из двух кабинетов, санузла и кладовой. Отличная локация- улица Сафьян, 8, высокая проходимость. Удобный заезд: с улицы тукая, Сафьян. Идеально подходит для: — офиса, салона красоты, шоурума, студии звукозаписи, музыкальной школы; — магазина, пункта ",2026-09-29T21:11:26.178Z,55.776629,49.117355,"Россия, Республика Татарстан (Татарстан), Казань, улица Сафьян, 8",house
8277913857,Помещение свободного назначения 220 м²,110000,110 000 ₽ в месяц,₽,₽/мес.,220,"Южно-Промышленная ул., 1/77Б, р-н Приволжский",https://www.avito.ru/kazan/kommercheskaya_nedvizhimost/pomeschenie_svobodnogo_naznacheniya_220_m_8277913857,3 недели назад,Пользователь,"Сдается помещение свободного назначения 40 *5,6, отдельный вход. Промышленный пол.",2026-09-29T21:11:26.178Z,55.731556,49.095742,"Россия, Республика Татарстан (Татарстан), Казань, Южно-Промышленная улица, 1/77Б",house
8181349891,Склад,35000,35 000 ₽ в месяц,₽,₽/мес.,,"Ул. Журналистов, 6, р-н Советский",https://www.avito.ru/kazan/kommercheskaya_nedvizhimost/sklad_8181349891,7 дней назад,,Складское помещение в подвале жилого дома. Отдельный вход.,2026-09-29T21:11:26.178Z,55.808073,49.190613,"Россия, Республика Татарстан (Татарстан), Казань, улица Журналистов, 6",house
7859294153,Свободного назначения,104000,104 000 ₽ в месяц с НДС,₽,₽/мес.,79.4,"Ул. Петра Полушкина, 1, Горки, от 31 мин.",https://www.avito.ru/kazan/kommercheskaya_nedvizhimost/svobodnogo_naznacheniya_7859294153,Вчера,Ирина,"Сдается коммерческое помещение в ЖК «Мой ритм». Расположение: первая линия от будущей станции метро «Тулпар», напротив Трц Мега. Характеристики помещения: — Площадь: 79,4 кв. М. — Высота потолков: до 4 метров. Парковка: вместительная наземная. Преимущества локации: Транспортная доступность: удобные ",2026-09-29T21:11:26.178Z,55.784096,49.213421,"Россия, Республика Татарстан (Татарстан), Казань, улица Петра Полушкина, 1",house
8058980057,"Офис в центре города от собственника, 82,7м2",1600,1 600 ₽ в месяц за м² с НДС,₽,₽/мес. за м²,82.7,"Ул. Баумана, 44/8, Кремлёвская, 6–10 мин.",https://www.avito.ru/kazan/kommercheskaya_nedvizhimost/ofis_v_tsentre_goroda_ot_sobstvennika_827m2_8058980057,3 недели назад,ЦДБ РОДИНА,"Собственник сдacт в aренду офисное помещение площaдью 82,7 кв. М. В Цeнтре Досуга и Бизнeca «Poдина», рaспoложeнный в центpe Казани («Кaзанский Аpбат»), в 100 метрaх oт улицы Taтapcтaн. Удобнoe paспoложeние позволяeт лeгко добраться до Цдб «Родиhа» на любoм виде тpанспоpтa. В нeпосредственной близос",2026-09-29T21:11:26.178Z,55.79144,49.112172,"Россия, Республика Татарстан (Татарстан), Казань, улица Баумана, 44/8",house
8232470637,Квартира с отдельным входом,50000,50 000 ₽ в месяц,₽,₽/мес.,,"С. Высокая Гора, Вторая Ударная ул., 4",https://www.avito.ru/kazan/kommercheskaya_nedvizhimost/kvartira_s_otdelnym_vhodom_8232470637,7 дней назад,Нияз,"Квартира с отдельным входом — идеально для бьюти-сферы, кабинета или студии. Сдаётся квартира в перспективном и современном ЖК «Атмосфера» с полностью отдельным входом с улицы. Главное преимущество — клиентам не нужно заходить через подъезд: вход организован отдельно, что создаёт ощущение самостояте",2026-09-29T21:11:26.178Z,55.872324,49.303307,"Россия, Республика Татарстан (Татарстан), село Высокая Гора, Вторая Ударная улица, 4",house
8138735622,"Офис, 103 м²",100000,100 000 ₽ в месяц,₽,₽/мес.,103,"Ул. Дружбы, 14, р-н Советский",https://www.avito.ru/kazan/kommercheskaya_nedvizhimost/ofis_103_m_8138735622,3 дня назад,,"Офисное помещение в аренду на долгий срок. 4 отдельных кабинета, есть кухня, санузел. Помещение на сигнализации с отдельным входом.",2026-09-29T21:11:26.178Z,55.807268,49.177417,"Россия, Республика Татарстан (Татарстан), Казань, улица Дружбы, 14",house
8177469532,"Офис, 72.8 м²",87360,87 360 ₽ в месяц,₽,₽/мес.,72.8,"Ул. Рихарда Зорге, 84, Дубравная, до 5 мин.",https://www.avito.ru/kazan/kommercheskaya_nedvizhimost/ofis_72.8_m_8177469532,7 дней назад,,"Собственник! Сдаётся в аренду офисное помещение площадью 72,8 кв. М. Находится в жилом доме пo адресу: г. Казань, ул. Рихарда Зорге, д.84. Первая линия на перекрёстке улиц Юлиуса Фучика и Рихарда Зорге — престижное расположение c удобным подъездом и высокой транспортной доступностью. Помещение полно",2026-09-29T21:11:26.178Z,55.744647,49.215011,"Россия, Республика Татарстан (Татарстан), Казань, улица Рихарда Зорге, 84",house
3583155850,"Свободного назначения, 98 м²",99000,99 000 ₽ в месяц,₽,₽/мес.,98,"С. Высокая Гора, ул. Ирека Миннахметова, 3",https://www.avito.ru/kazan/kommercheskaya_nedvizhimost/svobodnogo_naznacheniya_98_m_3583155850,2 недели назад,,Помещение с Чистовым Ремонтом! Кондиционер! Отдельный вход. Любая форма оплаты. Первая линия. Собственник! Ни каких комиссий!,2026-09-29T21:11:26.178Z,55.873915,49.295087,"Россия, Республика Татарстан (Татарстан), село Высокая Гора, улица Ирека Миннахметова, 3",house
7764596424,"Свободного назначения, 17 м²",50000,50 000 ₽ в месяц с НДС,₽,₽/мес.,17,"Ул. Саид-Галеева, 25, Кремлёвская, 11–15 мин.",https://www.avito.ru/kazan/kommercheskaya_nedvizhimost/svobodnogo_naznacheniya_17_m_7764596424,Вчера,Альгор группа компаний,"Сдается в аренду торговый павильон площадью 17 кв. М., в проходимом месте, на 1й линии, отдельный вход с улицы. Помещение готово: · Чистовая отделка. · К/у (электроэнергия) по счётчикам. Подходит под: Пвз, бюро услуг (копицентр, продажа билетов), шоурум, подарки, и многое другое.",2026-09-29T21:11:26.178Z,55.79061,49.100665,"Россия, Республика Татарстан (Татарстан), Казань, улица Саид-Галеева, 25",house
8341785917,Складские площадки в аренду,915,915 ₽ в месяц с НДС,₽,₽/мес.,5600,"Д. Макаровка, Берёзовая ул., 9",https://www.avito.ru/kazan/kommercheskaya_nedvizhimost/skladskie_ploschadki_v_arendu_8341785917,1 неделю назад,,"Сдается в аренду складское помещение по адресу: Респ. Татарстан, Высокогорный район, д. Макаровка, ул. Березовая 9-11. Современная инфраструктура для развития вашего бизнеса. Склад класса А, площадь 5600 кв. М. Готов к работе. Высота потолков 12 м, шаг колонн 12х24м. Антипыль, нагрузка пола от 6 т/к",2026-09-29T21:11:26.178Z,55.919079,49.14064,"Россия, Республика Татарстан (Татарстан), Высокогорский район, Семиозерское сельское поселение, деревня Макаровка, Берёзовая улица, 9",house
8394221280,Аренда офиса от 25 до 3300 м² - под ключ,1495,1 495 ₽ в месяц за м²,₽,₽/мес. за м²,3300,"Ул. Галиаскара Камала, 41, Площадь Тукая, 16–20 мин.",https://www.avito.ru/kazan/kommercheskaya_nedvizhimost/arenda_ofisa_ot_25_do_3300_m_-_pod_klyuch_8394221280,7 дней назад,"бизнес центр ""Мастер""","3300 м² Свободы Для Вашего Бизнеса. Вы мечтаете о просторном, стильном и технологичном офисе? Мы готовы предоставить вам 3300 м² или пространство меньшего размера — премиального бизнес-пространства в БЦ «Мастер»! Что вас ждёт? Пространство, которое вдохновляет. – Офис идеально подходит для команды о",2026-09-29T21:11:26.178Z,55.781266,49.105417,"Россия, Республика Татарстан (Татарстан), Казань, улица Галиаскара Камала, 41",house
8188494563,Помещение 92 м в аренду,69000,69 000 ₽ в месяц,₽,₽/мес.,92.5,"Ул. Лукина, 48Ж, Авиастроительная, 16–20 мин.",https://www.avito.ru/kazan/kommercheskaya_nedvizhimost/pomeschenie_92_m_v_arendu_8188494563,3 дня назад,"""Ape Terminal""","Сдаётся помещение 92,5 кв. М на первом этаже — отличный вариант для бизнеса, которому нужно много пространства. Помещение светлое и чистое, планировка позволяет зонировать под разные задачи: выделить торговый зал, зону ожидания, кабинеты или складскую часть. Первый этаж упрощает доставку товаров, пр",2026-09-29T21:11:28.872Z,55.867117,49.095571,"Россия, Республика Татарстан (Татарстан), Казань, улица Лукина, 48Ж",house
8183385466,Торговая площадь от 54 до 206 кв.м,1000,1 000 ₽ в месяц за м²,₽,₽/мес. за м²,206,"С. Высокая Гора, ул. Ирека Миннахметова, 1",https://www.avito.ru/kazan/kommercheskaya_nedvizhimost/torgovaya_ploschad_ot_54_do_206_kv.m_8183385466,2 недели назад,Дмитрий,"Стрит-ритейл 206 м² на первой линии ЖК «Атмосфера». — Отдельный вход, парковка, пред чистовая отделка. — Гибкая планировка: делим на части от 54 м². — Спецпредложение: 1 месяц аренды бесплатно на ремонт. — Коммуналка оплачивается отдельно (счётчики). — Вентиляция. Идеально под пекарню, банк, детский",2026-09-29T21:11:28.871Z,55.874799,49.293847,"Россия, Республика Татарстан (Татарстан), село Высокая Гора, улица Ирека Миннахметова, 1",house
8346120399,Офис,1350,1 350 ₽ в месяц за м²,₽,₽/мес. за м²,,"Ул. Островского, 55, Площадь Тукая, до 5 мин.",https://www.avito.ru/kazan/kommercheskaya_nedvizhimost/ofis_8346120399,Вчера,,"Сдам в аренду помещение, осмотр будни 09:00-17:00.",2026-09-29T21:11:26.178Z,55.784891,49.123662,"Россия, Республика Татарстан (Татарстан), Казань, улица Островского, 55",house
8088031602,"Склад, 711 м²",355000,355 000 ₽ в месяц,₽,₽/мес.,711,"Ул. Журналистов, 93, р-н Советский",https://www.avito.ru/kazan/kommercheskaya_nedvizhimost/sklad_711_m_8088031602,Вчера,ESG Коммерческая недвижимость,"Аренда Склада. Лот 1190. Объект. В аренду предлагается складское помещение. Объект подходит для хранения продукции, логистики или организации небольшого производства. Характеристики. — Рабочая высота — 4,5 м. — Ворота на нуле. — Пол — бетон. — Категория здания — С. Коммуникации. — Отопление — пеллет",2026-09-29T21:11:28.871Z,55.824516,49.194763,"Россия, Республика Татарстан (Татарстан), Казань, улица Журналистов, 93",house
7580776294,"Свободного назначения, 180 м²",110000,110 000 ₽ в месяц с НДС,₽,₽/мес.,180,"Чистопольская ул., 19А, Козья Слобода, 11–15 мин.",https://www.avito.ru/kazan/kommercheskaya_nedvizhimost/svobodnogo_naznacheniya_180_m_7580776294,1 неделю назад,Рексан,"Сдаётся торгово- офисное помещение площадью 180 м. Кв. Возможность разделить на два помещения по 50 и 130 метров Использование: торговля, офис, склад, производство. Цокольный этаж. Отдельный вход с улицы. Цена в объявлении указана за 130 метров. Обсуждаются арендные каникулы. Вход под вывеской Крепё",2026-09-29T21:11:28.871Z,55.81996,49.114858,"Россия, Республика Татарстан (Татарстан), Казань, Чистопольская улица, 19А",house
8342423999,"Склады, 180 м²",500,500 ₽ в месяц за м²,₽,₽/мес. за м²,180,"Ул. Сибирский Тракт, 49А, р-н Советский",https://www.avito.ru/kazan/kommercheskaya_nedvizhimost/sklady_180_m_8342423999,3 дня назад,Татьяна,"Сдаю в аренду 3 склада разной площади на одной базе. Первый склад 96 кв. М. (8х12м), второй склад 180 кв. М (12х15 м.), третий склад 200 кв. М. (25х8м.). Высота потолков 5 м. Полы бетонные. Размеры ворот 3х3м. Все три склада неотапливаемые. Подъездных ж/д путей нет, только авто. Так же на базе можно",2026-09-29T21:11:28.871Z,55.837338,49.193542,"Россия, Республика Татарстан (Татарстан), Казань, улица Сибирский Тракт, 49А",house
8224093676,"Офис, 30 м²",60000,60 000 ₽ в месяц с НДС,₽,₽/мес.,30,"Ул. Бутлерова, 45, Площадь Тукая, 11–15 мин.",https://www.avito.ru/kazan/kommercheskaya_nedvizhimost/ofis_30_m_8224093676,3 дня назад,,"Помещение под офис в историческом центре Казани. Имеется отдельный вход с улицы, доступ в помещение 24/7. В помещении имеется кондиционер и охранная сигнализация. У данного помещения есть свой санузел.",2026-09-29T21:11:28.872Z,55.789725,49.136993,"Россия, Республика Татарстан (Татарстан), Казань, улица Бутлерова, 45",house
8018182407,"Офис, 18.2 м²",24570,24 570 ₽ в месяц,₽,₽/мес.,18.2,"Ул. Алафузова, 18А, Козья Слобода, 16–20 мин.",https://www.avito.ru/kazan/kommercheskaya_nedvizhimost/ofis_18.2_m_8018182407,1 неделю назад,Офисные и складские помещения,"Oт собственника! Без комиссии! - Новый Бизнес Центр. - Удобное расположение. - Большое количество Парковочных мест (для арендаторов и посетителей БЦ). - Объект находится в густонаселенном районе. - В здании имеется лифт, видеонаблюдение, охрана. - Помещения в чистовой отделке. -Установлены кондицион",2026-09-29T21:11:28.872Z,55.812312,49.071038,"Россия, Республика Татарстан (Татарстан), Казань, улица Алафузова, 18А",house
8397376256,Офис,1800,1 800 ₽ в месяц за м²,₽,₽/мес. за м²,,"Пр-т Ямашева, 45А, Козья Слобода, 21–30 мин.",https://www.avito.ru/kazan/kommercheskaya_nedvizhimost/ofis_8397376256,1 неделю назад,Константин,"Сдаю в аренду просторный блок офис с витражными окнами на 5 этаже бизнес-центра Парус по адресу г. Казань, проспект Ямашева 45, а. Площадь 100 кв м. Санузел, кондиционирование, два лифта, напротив у РЦ Парк хаус бесплатный паркинг. Есть кухня. Зданием управляет самостоятельная Управляющая компания. ",2026-09-29T21:11:28.872Z,55.826347,49.119871,"Россия, Республика Татарстан (Татарстан), Казань, проспект Ямашева, 45А",house
8283211443,"Пищевое производство, 780 м²",700,700 ₽ в месяц за м²,₽,₽/мес. за м²,780,"Хлебозаводская ул., 7Б, Северный вокзал, от 31 мин.",https://www.avito.ru/kazan/kommercheskaya_nedvizhimost/pischevoe_proizvodstvo_780_m_8283211443,8 часов назад,ИП Постникова С.И,"Помещение под пищевое производство (кейтеринг, выпечка, полуфабрикаты, готовая еда, кондитерское и т. Д.). Сдается в аренду подготовленное производственно-складское помещение, спроектированное с учетом всех отраслевых стандартов и санитарных норм. Идеально подойдет под хлебопекарное или кондитерское",2026-09-29T21:11:28.872Z,55.845774,49.051177,"Россия, Республика Татарстан (Татарстан), Казань, Хлебозаводская улица, 7Б",house
7838423696,Торговая площадь,240000,240 000 ₽ в месяц,₽,₽/мес.,,"Ул. Хайдара Бигичева, 35А, р-н Советский",https://www.avito.ru/kazan/kommercheskaya_nedvizhimost/torgovaya_ploschad_7838423696,Вчера,Равиль,Сдаётся помещение на 2ом этаже. Торг уместен.,2026-09-29T21:11:28.872Z,55.79265,49.228926,"Россия, Республика Татарстан (Татарстан), Казань, улица Хайдара Бигичева, 35А",house
2467774203,"Свободного назначения, 120 м²",800,800 ₽ в месяц за м²,₽,₽/мес. за м²,120,"Ул. Адоратского, 12Б, р-н Ново-Савиновский",https://www.avito.ru/kazan/kommercheskaya_nedvizhimost/svobodnogo_naznacheniya_120_m_2467774203,7 дней назад,ИП,"Сдаю помещение со свободной планировкой. Идеально для организации торговли, коворкинга, склада, нешумного производства или мастерской.",2026-09-29T21:11:28.872Z,55.831731,49.149533,"Россия, Республика Татарстан (Татарстан), Казань, улица Адоратского, 12Б",house
8356547947,"Сдам здание, 430 м²",430000,430 000 ₽ в месяц,₽,₽/мес.,430,"Ул. Кул Гали, 14Ак1, Дубравная, 11–15 мин.",https://www.avito.ru/kazan/kommercheskaya_nedvizhimost/sdam_zdanie_430_m_8356547947,1 неделю назад,Альтера: Коммерческая недвижимость,"Арт. 143663452 В Приволжском районе г. Казани сдается в аренду отдельно стоящее помещение, площадью 430 кв. М, по адресу ул. Кул Гали 14а к1. Своя огороженная территория на 10-15 машин, есть зона грузовой разгрузки на холодный склад. В помещении возможен ремонт, 3 входа, вентиляция, 3 санузла, стены",2026-09-29T21:11:28.872Z,55.749294,49.228333,"Россия, Республика Татарстан (Татарстан), Казань, улица Кул Гали, 14Ак1",house
7754907711,"Офис, 150 м²",2500,2 500 ₽ в месяц за м²,₽,₽/мес. за м²,150,"Ул. Разведчика Ахмерова, 3, Суконная слобода, от 31 мин.",https://www.avito.ru/kazan/kommercheskaya_nedvizhimost/ofis_150_m_7754907711,2 недели назад,АВ ГРУПП,"Аренда от Собственника! Предлагаем в аренду нежилое помещения от 150 кв. М. В новом административном 5-ти этажном здании, площадью 4000 кв. М по адресу: г. Казань, Советский район, ул. Николая Ершова, 64. На пересечении ул. Н. Ершова с ул. Разведчика Амерова. Срок ввода в эксплуатацию здания — октяб",2026-09-29T21:11:28.872Z,55.797943,49.179483,"Россия, Республика Татарстан (Татарстан), Казань, улица Разведчика Ахмерова, 3",house
8387724797,"Торговое помещение 34.6 м², первая линия",90825,90 825 ₽ в месяц с НДС,₽,₽/мес.,34.6,"Дубравная ул., 51Г, Проспект Победы, 16–20 мин.",https://www.avito.ru/kazan/kommercheskaya_nedvizhimost/torgovoe_pomeschenie_34.6_m_pervaya_liniya_8387724797,1 неделю назад,АРЕНДАKZN,"Помещение свободного назначения 34,6м² | 1 этаж | Первая линия. Казань, ул. Дубравная, 51г. Аренда — 90 825 руб. /мес., Ндс включён. 1 этаж. Мокрая точка. Первая линия и парковка. Электрическая мощность 380В. Прямая аренда от собственника, без комиссии. Арендные каникулы обсуждаются индивидуально. С",2026-09-29T21:11:28.872Z,55.739833,49.196641,"Россия, Республика Татарстан (Татарстан), Казань, Дубравная улица, 51Г",house
7908412356,"Офис, магазин - 560 м²",750000,750 000 ₽ в месяц,₽,₽/мес.,560,"Ул. Пушкина, 23, Площадь Тукая, до 5 мин.",https://www.avito.ru/kazan/kommercheskaya_nedvizhimost/ofis_magazin_-_560_m_7908412356,7 дней назад,,"Электрическая мощность от 75 квт. Возможно увеличение, собственная ТП. Нагрузка на перекрытие 450 кг/кв. М. Централизованная приточно-вытяжная вентиляция с фильтрацией и подогревом воздуха, кондиционирование. Центральная система холодного водоснабжения и канализации. Собственная газовая котельная: и",2026-09-29T21:11:28.872Z,55.789806,49.124111,"Россия, Республика Татарстан (Татарстан), Казань, улица Пушкина, 23",house
8481737315,"Офис, 300 м²",2100,2 100 ₽ в месяц,₽,₽/мес.,300,"Петербургская ул., 65А, Суконная слобода, до 5 мин.",https://www.avito.ru/kazan/kommercheskaya_nedvizhimost/ofis_300_m_8481737315,1 неделю назад,,"Пентхаус 300 м² в центре Казани — панорамный офис с видами на город. Сдаётся просторный пентхаус площадью около 300 м² на ул. Петербургской — в самом центре Казани. Панорамное остекление и великолепные виды на Казань* создают совершенно другой уровень пространства. Много естественного света, ощущени",2026-09-29T21:11:28.872Z,55.777879,49.143173,"Россия, Республика Татарстан (Татарстан), Казань, Петербургская улица, 65А",house
4525937728,"Склад, 300 м²",600,600 ₽ в месяц за м² с НДС,₽,₽/мес. за м²,300,"Ул. Адоратского, 63А, Авиастроительная, от 31 мин.",https://www.avito.ru/kazan/kommercheskaya_nedvizhimost/sklad_300_m_4525937728,7 дней назад,Евгений,Теплое складское помещение 300 кв. М. На 2-м этаже административно-складского здания в Ново-Савиновском районе г. Казани. Сдаётся в субаренду секция 300 кв. М. В стоимость аренды включено использование Моп и подъёмного устройства. Коммунальные и эксплуатационные расходы оплачиваются дополнительно. Н,2026-09-29T21:11:28.872Z,55.845016,49.145131,"Россия, Республика Татарстан (Татарстан), Казань, улица Адоратского, 63А",house
7929922705,"440 м² в центре под киберклуб, спорт, selfstorage",400,400 ₽ в месяц за м²,₽,₽/мес. за м²,440,"Вахитовский район, ул. Чехова, 4, Площадь Тукая, 16–20 мин.",https://www.avito.ru/kazan/kommercheskaya_nedvizhimost/440_m_v_tsentre_pod_kiberklub_sport_selfstorage_7929922705,7 дней назад,,Сдаётся отапливаемое подвальное помещение в жилом доме с отдельным входом. Выгодное расположение с высоким пешеходным и автомобильным трафиком: — на первом этаже дома находятся «Пятёрочка» и аптека; — рядом Чеховский рынок и остановка общественного транспорта; — напротив расположен большой парк; — п,2026-09-29T21:11:28.872Z,55.791263,49.147296,"Россия, Республика Татарстан (Татарстан), Казань, улица Чехова, 4",house
8181751936,"Склад, 400 м²",200000,200 000 ₽ в месяц с НДС,₽,₽/мес.,400,"Д. Старое Кощаково, Промпарковая ул., 1",https://www.avito.ru/kazan/kommercheskaya_nedvizhimost/sklad_400_m_8181751936,3 дня назад,Лариса,"Сдаeтcя нoвое производство-cкладcкое пoмещение по адресу д. Старое Кощаково, ул. Промпарковая, 1! В здании двое откатныx вoрoт, двa отдeльных входа. Имeется гaз, водa, кaнaлизaция. Пoлы aнтипыль с нагрузкой 6 тонн на 1 м2, 150 кв мощнocть электpoэнepгии. Пеpед зданием большaя сoбcтвеннaя паpкoвка. У",2026-09-29T21:11:28.872Z,55.826569,49.418686,"Россия, Республика Татарстан (Татарстан), Пестречинский район, Кощаковское сельское поселение, деревня Старое Кощаково, Промпарковая улица, 1",house
8259543017,"Торговая площадь, 15.2 м²",55902,55 902 ₽ в месяц с НДС,₽,₽/мес.,15.2,"Ул. Фатыха Амирхана, 101В, Северный вокзал, от 31 мин.",https://www.avito.ru/kazan/kommercheskaya_nedvizhimost/torgovaya_ploschad_15.2_m_8259543017,1 неделю назад,АРЕНДАKZN,"Помещение свободного назначения 15,2 м² | 1 этаж | Первая линия. Казань, ул. Фатыха Амирхана, 101в. Аренда — 55 902 руб. /мес., Ндс включён. Возможность установить мокрую точку. Готовое помещение с ремонтом. Доступ с 7:00 до 23:00. Парковка и место для вывески. Прямая аренда от собственника, без ком",2026-09-29T21:11:28.872Z,55.843348,49.132196,"Россия, Республика Татарстан (Татарстан), Казань, улица Фатыха Амирхана, 101В",house
8104777398,"Склад, 24.1 м²",14460,14 460 ₽ в месяц с НДС,₽,₽/мес.,24.1,"Ул. Бурхана Шахиди, 17, Кремлёвская, 11–15 мин.",https://www.avito.ru/kazan/kommercheskaya_nedvizhimost/sklad_24.1_m_8104777398,10 часов назад,"ООО ""Инвест Недвижимость""","Помещение отлично подойдет под склад. Предлагаем Вам рассмотреть возможность аренды отапливаемых складских помещений по адресу: г. Казань, ул. Бурхана Шахиди, д. 17. Расположение в самом центре города и близость к основным транспортным артериям обеспечивает максимальную транспортную доступность. Кра",2026-09-29T21:11:28.872Z,55.786769,49.106549,"Россия, Республика Татарстан (Татарстан), Казань, улица Бурхана Шахиди, 17",house
2334040359,"Офис с кондиционером, 30 м²",32000,32 000 ₽ в месяц,₽,₽/мес.,30,"Пр-т Ямашева, 36к3, Козья Слобода, 16–20 мин.",https://www.avito.ru/kazan/kommercheskaya_nedvizhimost/ofis_s_konditsionerom_30_m_2334040359,Вчера,Аренда в Казани.,"Офисное помещение с новым ремонтом на первой линии оживлённо Проспекта. — Отличное место расположения, первая линия, наличие большой парковки, — Светлый и комфортный офис, с окнами, с даём как с мебелью так и без, на фото. - Наличие нового кондиционера. — реальная обстановка, в помещении два окна. —",2026-09-29T21:11:28.872Z,55.827818,49.103557,"Россия, Республика Татарстан (Татарстан), Казань, проспект Ямашева, 36к3",house
2168299864,"Офис, 63 м²",1300,1 300 ₽ в месяц за м²,₽,₽/мес. за м²,63,"Ул. Четаева, 14, Козья Слобода, от 31 мин.",https://www.avito.ru/kazan/kommercheskaya_nedvizhimost/ofis_63_m_2168299864,2 недели назад,,"Офисное помещение расположено на первом этаже 18-ти этажного кирпично-монолитного дома. Помещение. 63 кв. М. (Холл+3 комнаты + 2 лоджии). В помещении свой санузел. Коридор площадью 57 кв. М. Делится пропорционально площадям офисов. Отделка: общий коридор (пол ламинат, стены-обои под покраску, потоло",2026-09-29T21:11:28.872Z,55.823328,49.14311,"Россия, Республика Татарстан (Татарстан), Казань, улица Четаева, 14",house
8282465452,"Склад, 107 м²",110000,110 000 ₽ в месяц,₽,₽/мес.,107,"Ул. Мамадышский Тракт, 10, р-н Советский",https://www.avito.ru/kazan/kommercheskaya_nedvizhimost/sklad_107_m_8282465452,14 часов назад,DL,"Сдаётся торгово -складское помещение на 2 этаже площадь 107 кв. М по адресу на ул Мамадышский тракт 10. Coветcкий paйoн. Просторное помещение светлое с окнами. - в помещение полы плиты. - установлены системы пожарно-охранной сигнализации. - высота потолков 3,2 м. -санузел на этаже. -парковка иметься",2026-09-29T21:11:28.872Z,55.795838,49.226016,"Россия, Республика Татарстан (Татарстан), Казань, улица Мамадышский Тракт, 10",house
7783893045,Комерческие помещения до 320 м²,800,800 ₽ в месяц за м²,₽,₽/мес. за м²,320,"С. Габишево, Яблоневая ул., 1Г",https://www.avito.ru/kazan/kommercheskaya_nedvizhimost/komercheskie_pomescheniya_do_320_m_7783893045,17 часов назад,,Сдаются помещения напрямую от владельца. Под. Кафе. Аптека. Торговля. Вейпшоп. Цветы / цветочный магазин. Аккумуляторы масло. Площади. 57 квадратных метров. 60 кв м. 30 кв м. 320 кв м. По соседству. Чижик. Магнит. Пятерочка. Жар свежар.,2026-09-29T21:11:28.872Z,55.616163,49.134729,"Россия, Республика Татарстан (Татарстан), Лаишевский район, село Габишево, Яблоневая улица, 1Г",house
8331653745,"Склад с офисом, фуллфилмент, 2280 м²",700,700 ₽ в месяц за м²,₽,₽/мес. за м²,2280,"Тихорецкая ул., 7, р-н Приволжский",https://www.avito.ru/kazan/kommercheskaya_nedvizhimost/sklad_s_ofisom_fullfilment_2280_m_8331653745,14 часов назад,ИП Постникова С.И,"Производственно-складское здание с встроенным блок-офисом. 2300м2, из них офисов во встроенном Абк около 140м2 — финальная планировка будет сделана с учетом пожеланий арендатора. Собственный трансформатор на 600квт. Газовое (индивидуальное) воздушное отопление. Идеально ровные промполы. Кран-балка н",2026-09-29T21:11:28.872Z,55.730841,49.10989,"Россия, Республика Татарстан (Татарстан), Казань, Тихорецкая улица, 7",house
8406528047,Свободного назначения,100000,100 000 ₽ в месяц,₽,₽/мес.,,"Кировский район, Приволжская ул., 102к1, р-н Кировский",https://www.avito.ru/kazan/kommercheskaya_nedvizhimost/svobodnogo_naznacheniya_8406528047,7 дней назад,,"Свежий ремонт, первая линия. Есть 3 мокрых точки, идеально подойдет и для общепита и для торговой точки. Сброшу видео и покажу в любое время. Газовое отопление. Собственник.",2026-09-29T21:11:28.872Z,55.809074,48.92181,"Россия, Республика Татарстан (Татарстан), Казань, Приволжская улица, 102к1",house
8225591462,"Кофейня со своим входом, 104.8 м²",1800,1 800 ₽ в месяц за м²,₽,₽/мес. за м²,104.8,"Ул. Короленко, 28Б, Яшьлек, 16–20 мин.",https://www.avito.ru/kazan/kommercheskaya_nedvizhimost/kofeynya_so_svoim_vhodom_104.8_m_8225591462,15 часов назад,Арендодатель,"Без Комиссии! Сдам в долгосрочную аренду помещение на первой линии в новом ЖК Норвежский по ул. Короленко! Общая площадь помещения 104,8 кв. М. Идеально подойдет под офис, барбершоп, бьюти услуги, шоурум, кофейню или кафе! Характеристики: - первый этаж, первая линия; - отдельная входная группа; - ме",2026-09-29T21:11:28.872Z,55.833572,49.101851,"Россия, Республика Татарстан (Татарстан), Казань, улица Короленко, 28Б",house
4060924410,"Торговая площадь, 700 м²",1300,1 300 ₽ в месяц за м² с НДС,₽,₽/мес. за м²,700,"Ул. Юлиуса Фучика, 155, Горки, от 31 мин.",https://www.avito.ru/kazan/kommercheskaya_nedvizhimost/torgovaya_ploschad_700_m_4060924410,3 недели назад,,"Сдается Помещение от 700 м² На 1 Этаже! Рядом С «Монеткой»! Не ищите компромисс — у нас есть идеальный размер для вашего бизнеса: Мини-форматы (от 8 м²) — для выдачи заказов, цветов, кофе с собой, ремонта обуви. Средние (от 35 м²) — для салона красоты, аптеки, детского центра, шоу-рума. Гиганты от 7",2026-09-29T21:11:28.872Z,55.773434,49.230462,"Россия, Республика Татарстан (Татарстан), Казань, улица Юлиуса Фучика, 155",house
8242421258,"Аренда 1132 м² в торговом центре ""Олимп""",1000,1 000 ₽ в месяц за м²,₽,₽/мес. за м²,1132,"Ул. Рихарда Зорге, 66, Проспект Победы, до 5 мин.",https://www.avito.ru/kazan/kommercheskaya_nedvizhimost/arenda_1132_m_v_torgovom_tsentre_olimp_8242421258,3 дня назад,МеГаРус-М,"Сдается кoммepческое помещенияеногo нaзнaчeния нa втором этaжe ТЦ «Олимп» со слeдующими xapактepиcтикaми: - второй этaж ; - тopговaя площадь пoмещeния: 1 132 кв. М. ; - выcотa потoлкoв 5 метpa; - меcто пoд реклaмную вывеску, нaличие соглacoвaннoго эскизного проекта; - центральное водоснабжение, элек",2026-09-29T21:11:28.872Z,55.747976,49.210394,"Россия, Республика Татарстан (Татарстан), Казань, улица Рихарда Зорге, 66",house
8417933840,Производственный комплекс,237000,237 000 ₽ в месяц,₽,₽/мес.,330,"Ул. Рахимова, 16, Северный вокзал, от 31 мин.",https://www.avito.ru/kazan/kommercheskaya_nedvizhimost/proizvodstvennyy_kompleks_8417933840,7 дней назад,"Бюро Правовых Услуг ""Недвижимость и Закон""","Номер объекта: 803967. Ищете место, где можно развернуть производство, запустить фулфилмент или организовать центральный склад? Посмотрите этот объект. 1 этаж (330 м²) — под логистику, фулфилмент и производство: — Высота потолков 4,6 метра: Свободно встанут высокие стеллажные системы для паллетного ",2026-09-29T21:11:28.872Z,55.841817,49.030506,"Россия, Республика Татарстан (Татарстан), Казань, улица Рахимова, 16",house
8225063867,Склад 145 м² + офис 47 м2,650,650 ₽ в месяц за м² с НДС,₽,₽/мес. за м²,145,"Беломорская ул., 270, р-н Московский",https://www.avito.ru/kazan/kommercheskaya_nedvizhimost/sklad_145_m_ofis_47_m2_8225063867,Вчера,Арендодатель,"От Собственника! Сдам в долгосрочную аренду отапливаемое помещение в промышленной зоне по улице Беломорская, на первой линии! Общая площадь — 145 кв м. Есть еще 47 кв м под склад или офис. - первый этаж, отдельные распашные ворота 3,5 на 3,5 м. - доступ 24/7; - охраняемая и огороженная территория; -",2026-09-29T21:11:28.872Z,55.867192,49.002865,"Россия, Республика Татарстан (Татарстан), Казань, Беломорская улица, 270",house
3902692525,"Свободного назначения, 28.6 м²",500,500 ₽ в месяц за м²,₽,₽/мес. за м²,28.6,"Ул. Лукина, 50А, Авиастроительная, 21–30 мин.",https://www.avito.ru/kazan/kommercheskaya_nedvizhimost/svobodnogo_naznacheniya_28.6_m_3902692525,7 дней назад,Максим,Сдам помещение свободного назначения 28.6 м² в новом доме. Описание объявления: Сдаётся стильное коммерческое помещение свободного назначения площадью 28.6 м² в новостройке. Идеально подходит для запуска или развития вашего бизнеса. Выгодное расположение: — Новый дом в развивающемся районе. — Удобна,2026-09-29T21:11:28.872Z,55.869329,49.097485,"Россия, Республика Татарстан (Татарстан), Казань, улица Лукина, 50А",house
8241934103,"Сдам помещение свободного назначения, 70 м²",90000,90 000 ₽ в месяц,₽,₽/мес.,70,"Ул. Аметьевская Магистраль, 16к3, Аметьево, 6–10 мин.",https://www.avito.ru/kazan/kommercheskaya_nedvizhimost/sdam_pomeschenie_svobodnogo_naznacheniya_70_m_8241934103,Вчера,TATNED,"Арт. 143099002 Вашему вниманию предлагается Помещение Свободного Назначения с доступом 24/7. Помещение свободно и готово к эксплуатации! Преимущества объекта: Густо населённый район ( платежеспособное жители). 1 этаж, доступ 24/7. Место под вывеску. Помещение с хорошим ремонтом, кондиционером и сану",2026-09-29T21:11:28.872Z,55.76763,49.173347,"Россия, Республика Татарстан (Татарстан), Казань, улица Аметьевская Магистраль, 16к3",house
8085113035,"Торговая площадь, 150 м²",450000,450 000 ₽ в месяц,₽,₽/мес.,150,"Пр-т Ямашева, 76, Козья Слобода, от 31 мин.",https://www.avito.ru/kazan/kommercheskaya_nedvizhimost/torgovaya_ploschad_150_m_8085113035,Вчера,Собственник,"Сдам торговую площадь в топовой локации на первой линии с отличным пешеходным и автомобильным трафиком. Хорошо подойдёт под торговлю, общепит, услуги и т. Д. Рядом расположены продуктовый Магнит, Красное/белое, банки: Втб, Россельхоз, Ак барс и т. Д.",2026-09-29T21:11:28.872Z,55.827606,49.137397,"Россия, Республика Татарстан (Татарстан), Казань, проспект Ямашева, 76",house
8352840694,"Торговая площадь, 21 м²",1500,1 500 ₽ в месяц за м²,₽,₽/мес. за м²,21,"Ул. Рихарда Зорге, 67, Проспект Победы, до 5 мин.",https://www.avito.ru/kazan/kommercheskaya_nedvizhimost/torgovaya_ploschad_21_m_8352840694,3 дня назад,"ООО ""КФ ""Нарагуэль""","Собственник сдает в аренду нежилое помещение свободного назначения в г. Казань ул Рихарда Зорге д.67, в действующем торговом центре Давыдов. Цокольный этаж, в действующей торговой галерее среди продуктов. Помещение идеально подходит под розничный магазин. Центральное отопление, центральное кондицион",2026-09-29T21:11:28.872Z,55.749045,49.211912,"Россия, Республика Татарстан (Татарстан), Казань, улица Рихарда Зорге, 67",house
8305913467,"Сдам офисное помещение, 123 м²",117000,117 000 ₽ в месяц,₽,₽/мес.,123,"Ул. Галимджана Баруди, 20, Яшьлек, 11–15 мин.",https://www.avito.ru/kazan/kommercheskaya_nedvizhimost/sdam_ofisnoe_pomeschenie_123_m_8305913467,7 дней назад,"Агентство недвижимости ""Ключ""","Код объекта: 2360491. Сдаётcя помeщение свободного нaзначeния 123 м² с отдeльным вхoдoм. Адрec: г. Kaзaнь, ул. Галимджана Баруди, 20. Отдельный вход на первом этаже с чистовой отделкой и готовностью к немедленному въезду. Светлое, презентабельное помещение позволяет организовать рабочие зоны и приём",2026-09-29T21:11:28.872Z,55.823287,49.069619,"Россия, Республика Татарстан (Татарстан), Казань, улица Галимджана Баруди, 20",house
8286122153,"Юридический адрес, ИФНС №3",7000,7 000 ₽ в месяц,₽,₽/мес.,,"Ул. Журналистов, 2А, р-н Советский",https://www.avito.ru/kazan/kommercheskaya_nedvizhimost/yuridicheskiy_adres_ifns_3_8286122153,Вчера,МЕТРИКА ДЕВЕЛОПМЕНТ,"Предоставляем юридический адрес для регистрации ООО, смены адреса компании и ведения официальной деятельности в Казани. Адрес находится в нежилом помещении в БЦ на ул. Журналистов, 2А, Советский район. Деловая локация с действующими компаниями, офисами и коммерческой инфраструктурой. Подойдёт компан",2026-09-29T21:11:28.872Z,55.806429,49.191493,"Россия, Республика Татарстан (Татарстан), Казань, улица Журналистов, 2А",house
8407224600,Помещение 320 м2 отлично под склад Сделаем ремонт,210000,210 000 ₽ в месяц,₽,₽/мес.,,"Д. Куюки, Молодёжная ул., 29",https://www.avito.ru/kazan/kommercheskaya_nedvizhimost/pomeschenie_320_m2_otlichno_pod_sklad_sdelaem_remont_8407224600,Вчера,УК Гео,"Сдается помещение в цокольном этаже на ул. Молодежная 29 (Куюки). Идеальное решение для бизнеса! — Площадь: можно арендовать всё или только часть. — Высокий цокольный этаж с двумя отдельными входными группами и большим количеством окон, своим сан. Узлом. — Мощность электроэнергии — 15 квт. — Готовы ",2026-09-29T21:11:46.594Z,55.722431,49.333275,"Россия, Республика Татарстан (Татарстан), Пестречинский район, Богородское сельское поселение, деревня Куюки, Молодёжная улица, 29",house
7843958018,"Офис в Бизнес-парке ""Технополис"", Химград, 18.7 м²",1275,1 275 ₽ в месяц за м²,₽,₽/мес. за м²,18.7,"Ул. Восстания, 126, Яшьлек, 21–30 мин.",https://www.avito.ru/kazan/kommercheskaya_nedvizhimost/ofis_v_biznes-parke_tehnopolis_himgrad_18.7_m_7843958018,7 дней назад,Рентал Проперти Менеджмент,"В Бизнес-парке «Технополис» сдаётся в аренду на втором этаже офис площадью 18,7 кв. М. Качественная отделка офисных помещений: пол — коммерческий линолеум. Стены — окрашенные обои. Потолок — подвесной типа «Армстронг». Инфраструктура: Современное телекоммуникационное оборудование (оптоволокно): теле",2026-09-29T21:11:46.594Z,55.830255,49.044825,"Россия, Республика Татарстан (Татарстан), Казань, улица Восстания, 126",house
2102965563,"Склад, 700 м²",650,650 ₽ в месяц за м² с НДС,₽,₽/мес. за м²,700,"Тихорецкая ул., 7к5, р-н Приволжский",https://www.avito.ru/kazan/kommercheskaya_nedvizhimost/sklad_700_m_2102965563,1 неделю назад,АрендаСкладСервис,"Складское помещение. Сдается склад с пандусом на 1м этаже складского комплекса «Тихорецкая, 7В, к.1». Складской комплекс находится в 10 км от центра города Казань. Развитая инфраструктура, шаговая доступность от остановки общественного транспорта, на территории действующая железнодорожная ветка. - В",2026-09-29T21:11:46.594Z,55.730466,49.119547,"Россия, Республика Татарстан (Татарстан), Казань, Тихорецкая улица, 7к5",house
7568171042,"Офис, 112.7 м²",1800,1 800 ₽ в месяц за м²,₽,₽/мес. за м²,112.7,"Ул. Гаврилова, 3, р-н Ново-Савиновский",https://www.avito.ru/kazan/kommercheskaya_nedvizhimost/ofis_112.7_m_7568171042,1 неделю назад,"ООО ""Сармай""","Страница Собственника Здания. Современный офисный-центр «Ватан» B+ класса с уникальным пространством и гостеприимным сервисом — идеальное место для вашего бизнеса. Казань, Гаврилова, 3. В бизнес-центре «Ватан» общей площадью 4 475.6 кв. М. С собственной наземной парковкой для аренды доступны комфорт",2026-09-29T21:11:46.594Z,55.828753,49.160007,"Россия, Республика Татарстан (Татарстан), Казань, улица Гаврилова, 3",house
7732903525,"Аренда контейнера для склада, 15 м²",6000,6 000 ₽ в месяц,₽,₽/мес.,15,"Ул. Аделя Кутуя, 153В, Аметьево, 21–30 мин.",https://www.avito.ru/kazan/kommercheskaya_nedvizhimost/arenda_konteynera_dlya_sklada_15_m_7732903525,7 дней назад,Компания по аренде и продаже морских контейнеров,"Apeндa кoнтeйнеpа под склад, 15м²: Контейнер доставим к вам на объект или можете арендовать на одной из наших 12 охраняемых площадках, один из адресов: ул. Аделя Кутуя, 153В. Стоимость аренды контейнера от 6000р. Напишите нам и мы отправим все адреса и цены. Размеры контейнеров разные, самый популяр",2026-09-29T21:11:46.594Z,55.778234,49.181154,"Россия, Республика Татарстан (Татарстан), Казань, улица Аделя Кутуя, 153В",house
8318509087,Коммерческое помещение 400 м² с НДС,600,600 ₽ в месяц за м² с НДС,₽,₽/мес. за м²,400,"Ул. Братьев Петряевых, 5к4, Суконная слобода, 16–20 мин.",https://www.avito.ru/kazan/kommercheskaya_nedvizhimost/kommercheskoe_pomeschenie_400_m_s_nds_8318509087,1 неделю назад,Эмилия,"Сдаётся просторное помещение 400 м² на 3 этаже по адресу: г. Казань, ул. Братьев Петряевых, д. 5. От Собственника. Основные характеристики: -Площадь 400 м². -3 этаж. -Ставка 600 ₽/м² в месяц. -Аренда 240 000 ₽/месяц. -Просторная открытая планировка. -Высокие потолки. -Хорошее естественное и искусств",2026-09-29T21:11:46.594Z,55.766471,49.123177,"Россия, Республика Татарстан (Татарстан), Казань, улица Братьев Петряевых, 5к4",house
8124570136,"Стильный офис, 14 м²",22400,22 400 ₽ в месяц,₽,₽/мес.,14,"Ново-Савиновский район, Меридианная ул., 26Б, Козья Слобода, 21–30 мин.",https://www.avito.ru/kazan/kommercheskaya_nedvizhimost/stilnyy_ofis_14_m_8124570136,2 недели назад,Loft Offices,"Стильный офис на 2-м этаже здания на Меридианная,26Б. 1-я линия просп. Ямашева. - площадь 14 м². - новый дизайнерский ремонт в Loft стиле. - доступ 24/7. - парковка. Сдаю без мебели: возможен выкуп. Локация. Отличная локация в Ново-Савиновском районе, рядом Трк «Парк Хаус» и парк «Белые цветы» и пар",2026-09-29T21:11:46.594Z,55.826134,49.116098,"Россия, Республика Татарстан (Татарстан), Казань, Ново-Савиновский район, Меридианная улица, 26Б",house
1780567628,"Офис, 21.5 м²",30000,30 000 ₽ в месяц,₽,₽/мес.,21.5,"Ул. Гарифьянова, 28А, Проспект Победы, 6–10 мин.",https://www.avito.ru/kazan/kommercheskaya_nedvizhimost/ofis_21.5_m_1780567628,2 недели назад,Телеком Сервис,"1. Кабинет 21,5 м2. 30000 в месяц. Полностью отремонтированный кабинет с установленной мебелью, готовые к эксплуатации, свой(!) лифт, круглосуточная охрана, видеонаблюдение внутри и снаружи, пожарная сигнализация, кондиционеры во всех помещениях, неограниченный интернет, парковки вокруг здания, гара",2026-09-29T21:11:46.594Z,55.750712,49.197306,"Россия, Республика Татарстан (Татарстан), Казань, улица Гарифьянова, 28А",house
2202006732,"Свободного назначения, 300 м²",1000,1 000 ₽ в месяц за м²,₽,₽/мес. за м²,300,"Залесная ул., 66, р-н Кировский",https://www.avito.ru/kazan/kommercheskaya_nedvizhimost/svobodnogo_naznacheniya_300_m_2202006732,12 часов назад,Бахетле,"Сдается помещение под производство S 300 кв. М. Помещение сдается с оборудованием, отдельный вход, а так же в сдаваемом помещение офис на 5 кабинетов. Можно организовать зону погрузки и разгрузки товара. Удобные подъездные пути и полная изоляция от основного здания магазина. Место под парковочную зо",2026-09-29T21:11:46.594Z,55.850464,48.895121,"Россия, Республика Татарстан (Татарстан), Казань, Залесная улица, 66",house
8394437968,Аренда Тукая 86 центр 73м² мокрая точка вентиляция,1500,1 500 ₽ в месяц за м²,₽,₽/мес. за м²,73,"Ул. Габдуллы Тукая, 86, Площадь Тукая, 16–20 мин.",https://www.avito.ru/kazan/kommercheskaya_nedvizhimost/arenda_tukaya_86_tsentr_73m_mokraya_tochka_ventilyatsiya_8394437968,7 дней назад,Единая арендная система,"Сдается светлое помещение с ремонтом в историческом центре Казани. 1 этаж, отдельный вход, первая линия улицы Габдуллы Тукая, 86. Старо-Татарская слобода — в пешей доступности набережная озера Кабан, театр Камала, главные достопримечательности. Аренда от Собственника — без комиссии. Ключевые преимущ",2026-09-29T21:11:46.594Z,55.776031,49.116969,"Россия, Республика Татарстан (Татарстан), Казань, улица Габдуллы Тукая, 86",house
8393093883,Склад,245000,245 000 ₽ в месяц,₽,₽/мес.,700,"Промышленная зона Эстачи, 12/6",https://www.avito.ru/kazan/kommercheskaya_nedvizhimost/sklad_8393093883,7 дней назад,КНК,"Сдается склады на М7. Склады от 700 кв. М. Холодные, теплые, открытое хранения. Участок 10 Га. Подъездные пути асфальт. Участок асфальт, большая парковка. Высота от 5,2- 8 метров. Отличная локация, в 15 минутах до Казани. Холодный склад 350 рублей за квадратный метр. Теплый склад 650 рублей за квадр",2026-09-29T21:11:46.594Z,55.849373,49.33738,"Россия, Республика Татарстан (Татарстан), Высокогорское сельское поселение, промышленная зона Эстачи, 12/6",house
8269379653,"Помещение в аренду, 57 м²",1500,1 500 ₽ в месяц за м²,₽,₽/мес. за м²,57,"Ул. Романтиков, 129, р-н Приволжский",https://www.avito.ru/kazan/kommercheskaya_nedvizhimost/pomeschenie_v_arendu_57_m_8269379653,13 часов назад,Retail Invest,Открыты к аренде несколько коммерческих помещений в торговом центре на первой линии элитного коттеджного посёлка #брайтпарк. От 50 до 230 квадратных метров. Развитая инфраструктура. Удобная транспортная доступность. Стильный фасад и парк в прилегающей зоне. Законное место под вывеску. Просторная пар,2026-09-29T21:11:46.594Z,55.606349,49.121757,"Россия, Республика Татарстан (Татарстан), Казань, улица Романтиков, 129",house
7732264679,"Аренда склада контейнера, 15 м²",6000,6 000 ₽ в месяц,₽,₽/мес.,15,"Ул. Фатыха Амирхана, 52, Авиастроительная, от 31 мин.",https://www.avito.ru/kazan/kommercheskaya_nedvizhimost/arenda_sklada_konteynera_15_m_7732264679,15 часов назад,Компания по аренде и продаже морских контейнеров,"Apeндa кoнтeйнеpа для склада, 15м². Контейнер доставим к вам на объект или можете арендовать на одной из наших 12 площадках в Казани. Один из адресов: ул. Фатыха Амирхана, 52. Стоимость аренды контейнера от 6000р. /мес. Напишите нам и мы отправим все адреса и цены. Размеры контейнеров разные, один и",2026-09-29T21:11:46.594Z,55.846002,49.141278,"Россия, Республика Татарстан (Татарстан), Казань, улица Фатыха Амирхана, 52",house
8394269027,"Свободного назначения, 50 м²",29999,29 999 ₽ в месяц,₽,₽/мес.,50,"Ул. Гагарина, 77Вк1, Северный вокзал, 11–15 мин.",https://www.avito.ru/kazan/kommercheskaya_nedvizhimost/svobodnogo_naznacheniya_50_m_8394269027,7 дней назад,Ренат,"Уникальное предложение! Сдаю в аренду просторное коммерческое помещение на цокольном этаже с отдельным входом с улицы. Площадь 50 кв. М. В новом доме с хорошо развитой инфраструктурой. Идеально подойдет для открытия салона красоты, склада или магазина. Высокий пешеходный трафик обеспечит вашему бизн",2026-09-29T21:11:46.595Z,55.837914,49.092454,"Россия, Республика Татарстан (Татарстан), Казань, улица Гагарина, 77Вк1",house
4201592861,"Офис, 30 м² 1 эт",31500,31 500 ₽ в месяц с НДС,₽,₽/мес.,30,"Ул. Халитова, 2, р-н Советский",https://www.avito.ru/kazan/kommercheskaya_nedvizhimost/ofis_30_m_1_et_4201592861,7 дней назад,"ООО ""Сибирский тракт""","Apендa oфисa в Kазани не доpогo! Сдaютcя офисные пoмещения в Coвeтcкoм районe г. Кaзaни, пo aдpecу ул. Xaлитова, 2 Помeщения нaхoдятся в чертe гoрoда, c развитoй инфpacтpуктурой. Pядoм продуктoвыe магазины, торговый центp. B пешей доcтупноcти оcтaнoвкa общественного транспорта, через которую проходи",2026-09-29T21:11:46.595Z,55.819317,49.186373,"Россия, Республика Татарстан (Татарстан), Казань, улица Халитова, 2",house
8329102993,Помещение под торговлю 70 м²,84000,84 000 ₽ в месяц,₽,₽/мес.,70,"Ул. Космонавтов, 35, р-н Советский",https://www.avito.ru/kazan/kommercheskaya_nedvizhimost/pomeschenie_pod_torgovlyu_70_m_8329102993,7 дней назад,,"Г. Казань, ул. Космонавтов, д.35. Угловое помещение 70 м² на активном пешеходном и автомобильном потоке. Два отдельных входа, отдельная электрическая линия с возможностью увеличения. Доступ 24/7.",2026-09-29T21:11:53.105Z,55.799411,49.191035,"Россия, Республика Татарстан (Татарстан), Казань, улица Космонавтов, 35",house
7428469092,Тёплый склад 3 857 м² в бизнес-парке h9 м 5 ворот,1000,1 000 ₽ в месяц за м²,₽,₽/мес. за м²,857,"Техническая ул., 23А, р-н Приволжский",https://www.avito.ru/kazan/kommercheskaya_nedvizhimost/teplyy_sklad_3_857_m_v_biznes-parke_h9_m_5_vorot_7428469092,7 дней назад,"АО ""Бизнес-парк ""Искож""","Эксклюзивная локация в городской черте на территории современного бизнес-парка с развитой инфраструктурой, круглосуточной охраной и полным операционным сопровождением. Помещение готово под склад/лёгкое производство. Ключевые преимущества. * Территория бизнес-парка: 24/7 охрана, Кпп, видеонаблюдение,",2026-09-29T21:11:46.595Z,55.743593,49.129617,"Россия, Республика Татарстан (Татарстан), Казань, Техническая улица, 23А",house
8335832211,"Аренда 160 кв.м. на Беломорской, 69Ак1",600,600 ₽ в месяц за м²,₽,₽/мес. за м²,160,"Беломорская ул., 69Ак1, Авиастроительная, от 31 мин.",https://www.avito.ru/kazan/kommercheskaya_nedvizhimost/arenda_160_kv.m._na_belomorskoy_69ak1_8335832211,1 сентября 14:16,МеГаРус-М,"Сдается кoммepческое помещение cвобoдногo нaзнaчeния по адресу: ул. Беломорская, 69Ак1 co слeдующими xapактepиcтикaми: - пeрвый этaж; - отдельный вход; - площадь пoмещeния: 160 кв. М. ; - выcотa потoлкoв 5 метpов; - наличие мокрой точки; - склад теплый и холодный. Территория: - благоустроенная; - по",2026-09-29T21:11:46.595Z,55.865657,49.029285,"Россия, Республика Татарстан (Татарстан), Казань, Беломорская улица, 69Ак1",house
8256800571,"Ул. Калинина, 80 м²",80000,80 000 ₽ в месяц,₽,₽/мес.,80,"Вахитовский район, ул. Калинина, 60, Суконная слобода, 6–10 мин.",https://www.avito.ru/kazan/kommercheskaya_nedvizhimost/ul._kalinina_80_m_8256800571,Вчера,Кристина,"К аренде предлагается 80 кв м по ул. Калинина. Высокий цоколь. Высота потолков 5 м, электрическая мощность 25 квт. Возможно сделать антресоль. Доступ 24/7. 3 окна. Парковка муниципальная. Помещение не требует ремонта. Хорошая вентиляция. Небольшие коммунальные платежи! Отлично подойдет под: студию р",2026-09-29T21:11:46.595Z,55.782501,49.147242,"Россия, Республика Татарстан (Татарстан), Казань, улица Калинина, 60",house
8481090916,Офис,45000,45 000 ₽ в месяц,₽,₽/мес.,,"Пр-т Ямашева, 36к3, Козья Слобода, 16–20 мин.",https://www.avito.ru/kazan/kommercheskaya_nedvizhimost/ofis_8481090916,1 неделю назад,,"Офис 37,5 м. С ремонтом, со своим санузлом, разделено на два кабинета, перегородкой, два окна, имеется кондиционнер, в бизнес центре Паравитта на пересечении улиц Ямашева, Бондаренко и Короленко, на границе трёх районов города Ново-Савиновский, Московский, Кировский. Рядом с Парком Победы. Имеется б",2026-09-29T21:11:46.595Z,55.827818,49.103557,"Россия, Республика Татарстан (Татарстан), Казань, проспект Ямашева, 36к3",house
8227232525,"Свободного назначения, 82 м²",70000,70 000 ₽ в месяц с НДС,₽,₽/мес.,82,"Ул. Ильича, 19/43, р-н Кировский",https://www.avito.ru/kazan/kommercheskaya_nedvizhimost/svobodnogo_naznacheniya_82_m_8227232525,7 дней назад,"Сеть магазинов ""Верный""","Федеральная сеть «Верный» предлагает в субаренду торговую площадь 82 кв. М. Готовы рассмотреть любые сферы деятельности, не пересекающиеся по ассортименту с магазином Верный. Фрукты/овощи и сухофрукты не рассматриваем. Мощность в помещении 15 квт. Отдельный вход, возможность разместить вывеску на фа",2026-09-29T21:11:46.595Z,55.818503,48.898966,"Россия, Республика Татарстан (Татарстан), Казань, улица Ильича, 19/43",house
8349793095,"Свободного назначения, 372 м²",850,850 ₽ в месяц за м²,₽,₽/мес. за м²,372,"Пр-т Победы, 50А, Проспект Победы, до 5 мин.",https://www.avito.ru/kazan/kommercheskaya_nedvizhimost/svobodnogo_naznacheniya_372_m_8349793095,7 дней назад,от 6 кв м до 2 000 кв м торговых и офисных площадей,"Аренда От Собственника! Предлагаем вашему вниманию торговое (офисное) помещение, расположенное на 2 этаже ТЦ. Рядом магазин «Детский Мир», «Кари», «Чижик» на первом этаже расположен супермаркет «Перекресток», ресторан «Биляр». Высокая проходимость, более 7 000 человек в день. Павильон с большими вит",2026-09-29T21:11:46.595Z,55.748878,49.207654,"Россия, Республика Татарстан (Татарстан), Казань, проспект Победы, 50А",house
8171869299,"ПСН, спорт- зал в аренду 348м2,бесплатная парковка",475,475 ₽ в месяц за м² с НДС,₽,₽/мес. за м²,348.3,"Ул. Мазита Гафури, 46, Площадь Тукая, 21–30 мин.",https://www.avito.ru/kazan/kommercheskaya_nedvizhimost/psn_sport-_zal_v_arendu_348m2besplatnaya_parkovka_8171869299,Вчера,ЦТЭ,"Псн в аренду 348,3кв. М., в одном здании Трк «Аквапарк», «mazapark», «Аквазаврия», «Океанариум», «Парк бабочек», ул. М. Гафури 46, в Казани. - 5 этаж, свободная планировка, помещение разделено на две части, чистовая отделка, отдельная входная группа, доступ 24/7. - выделенная электрическая мощность ",2026-09-29T21:11:46.595Z,55.768309,49.102084,"Россия, Республика Татарстан (Татарстан), Казань, улица Мазита Гафури, 46",house
8393701895,"Коммерческое помещение, 82.36 м²",3300,3 300 ₽ в месяц за м²,₽,₽/мес. за м²,82.36,"Бухарская ул., 5, Горки, от 31 мин.",https://www.avito.ru/kazan/kommercheskaya_nedvizhimost/kommercheskoe_pomeschenie_82.36_m_8393701895,7 дней назад,СМУ-88,Помещение в Жилом Комплексе «Вознесенский квартал». - первая линия. - паркинг перед помещением. - аудитория бизнес-класса. - отдельный вход. - презентабельная входная группа. - высокие потолки.,2026-09-29T21:11:46.595Z,55.777343,49.201132,"Россия, Республика Татарстан (Татарстан), Казань, Бухарская улица, 5",house
8176255087,Офис,65000,65 000 ₽ в месяц,₽,₽/мес.,,"Пр-т Ибрагимова, 32А, Яшьлек, 6–10 мин.",https://www.avito.ru/kazan/kommercheskaya_nedvizhimost/ofis_8176255087,Вчера,,"Готовый Офис Для Вашего Бизнеса. Сдается помещение под торговлю, салон красоты, офис или сервисный центр. Характеристики: · Собственный санузел. · Высота потолков — 3 м. · Кондиционер, принудительная вытяжка, аудио- и видеодомофония. · Отдельное помещение — под кухню, склад, переговорную или кабинет",2026-09-29T21:11:46.595Z,55.832505,49.089822,"Россия, Республика Татарстан (Татарстан), Казань, проспект Ибрагимова, 32А",house
7878314562,"Офис, 95 м²",2000,2 000 ₽ в месяц за м²,₽,₽/мес. за м²,95,"Ул. Шаляпина, 26, Суконная слобода, 6–10 мин.",https://www.avito.ru/kazan/kommercheskaya_nedvizhimost/ofis_95_m_7878314562,1 неделю назад,,"Сдается офисное помещение 95 кВ. М в новом доме, в центре города все в шаговой доступности. Соседние помещения уже сданы. Можно рассмотреть под офис, под салон красоты, под клинику с медицинскими услугами, в данном районе нет не одной клиники и мед услуг. Очень перспективное место. Сумма аренды в ме",2026-09-29T21:11:46.595Z,55.771135,49.139993,"Россия, Республика Татарстан (Татарстан), Казань, улица Шаляпина, 26",house
8020590495,"Свободного назначения, 145.4 м²",250000,250 000 ₽ в месяц,₽,₽/мес.,145.4,"Ул. Баки Урманче, 5, Проспект Победы, от 31 мин.",https://www.avito.ru/kazan/kommercheskaya_nedvizhimost/svobodnogo_naznacheniya_145.4_m_8020590495,1 неделю назад,,"Я собственник. Cдаeтся в apенду кoммерческoе пoмещeниe cвoбоднoй плaниpoвки нa длитeльный cpок, площадь 150 кв, м. Подxодит под oфис, oбщeпит, мaгазин, любoй вид торговли, аптеку, клинику, стoмaтолoгию, и т. Д. Помeщение имeет два вxoдa: c фaсaдa дома и со двора. Можно разместить вывеску на фасаде, ",2026-09-29T21:11:46.595Z,55.732124,49.177129,"Россия, Республика Татарстан (Татарстан), Казань, улица Баки Урманче, 5",house
7937556254,"Склад, 721 м²",600,600 ₽ в месяц за м² с НДС,₽,₽/мес. за м²,721,"Советский район, жилой массив Киндери, Дорожная ул., 3Д, р-н Советский",https://www.avito.ru/kazan/kommercheskaya_nedvizhimost/sklad_721_m_7937556254,Вчера,Алмаз,"Сдается в аренду производственно-складское помещение 16:50:250101:549. Здание размер 25х28х6,3, 720кв. М. Xapактеpистики: - Теплый склад. - Доcтуп 24/7. - Cвой cанузeл. - Автoнoмнoe oтопление. - Высота потoлков 6,3 м (до фермы). - Bыcoтa воpoт 4.5 м. - Нaпoльнoе пoкpытие — Бетонный пoл — анти пыль. ",2026-09-29T21:11:46.595Z,55.863565,49.245707,"Россия, Республика Татарстан (Татарстан), Казань, Советский район, жилой массив Киндери, Дорожная улица, 3Д",house
8461113667,"Офис, 24 м²",30000,30 000 ₽ в месяц,₽,₽/мес.,24,"Ул. Максимова, 22/22, Авиастроительная, 6–10 мин.",https://www.avito.ru/kazan/kommercheskaya_nedvizhimost/ofis_24_m_8461113667,15 часов назад,АН Наше Время,"Сдаётся помещение 24 кв. М в ТЦ на первой линии. Светлое помещение на 2 этаже с большими окнами и готовым ремонтом. Высота потолков — 3 м, есть мокрая точка. Санузел — на этаже. Преимущества локации: — первая линия, перекрёсток — отличная видимость; — высокий пешеходный и автомобильный трафик; — мет",2026-09-29T21:11:46.595Z,55.861666,49.091035,"Россия, Республика Татарстан (Татарстан), Казань, улица Максимова, 22/22",house
147288606,"Офис, 17.3 м²",15000,15 000 ₽ в месяц,₽,₽/мес.,17.3,"Ул. Адоратского, 3А, Козья Слобода, от 31 мин.",https://www.avito.ru/kazan/kommercheskaya_nedvizhimost/ofis_17.3_m_147288606,7 дней назад,,"Сдам помещение 17,25 кв. М. По ул. Адоратского 3А, цокольный этаж. Оплата 15 т р + коммуналка, электроэнергия зимой тепло летом прохладно.",2026-09-29T21:11:46.595Z,55.821952,49.146021,"Россия, Республика Татарстан (Татарстан), Казань, улица Адоратского, 3А",house
8317042984,"Аренда 1 - линия свободного назначения, 185.7 м²",199999,199 999 ₽ в месяц,₽,₽/мес.,185.7,"Ул. Восстания, 31, Северный вокзал, 11–15 мин.",https://www.avito.ru/kazan/kommercheskaya_nedvizhimost/arenda_1_-_liniya_svobodnogo_naznacheniya_185.7_m_8317042984,3 недели назад,Работа,"Сдам в аренду помещение свободного назначения, под любой вид деятельности на первой линии, с отличной локацией и нарастающим трафиком. Помещение полностью свободно. По характеристикам объекта: общая площадь 185,7 кв. М, по ул. Восстания, д. 31, мокрая точка есть, кухонная зона, 2 кондиционера, 3 вхо",2026-09-29T21:11:46.595Z,55.83436,49.089085,"Россия, Республика Татарстан (Татарстан), Казань, улица Восстания, 31",house
8233436587,Офис,70000,70 000 ₽ в месяц,₽,₽/мес.,,"Ул. Восстания, 16, Яшьлек, 11–15 мин.",https://www.avito.ru/kazan/kommercheskaya_nedvizhimost/ofis_8233436587,1 неделю назад,АН Огни Казани,"Первая линия. Все окна на Восстания. Отдельный вход с улицы. Место под вывеску. Видеонаблюдение, рольставни, кондиционер.",2026-09-29T21:11:46.595Z,55.835574,49.094709,"Россия, Республика Татарстан (Татарстан), Казань, улица Восстания, 16",house
8142207641,"Склад, 1500 м²",600,600 ₽ в месяц,₽,₽/мес.,1500,"Ул. Аделя Кутуя, 167, Горки, 16–20 мин.",https://www.avito.ru/kazan/kommercheskaya_nedvizhimost/sklad_1500_m_8142207641,3 дня назад,Фонд недвижимости,"Сдается холодный Склад- Ангар под хранение или производство, кадастровый номер 16:50:060406:207. Объект привлекателен тем что расположен в центральной части города с идеальными подъездными путями. Общая площадь по полу 1500м. Кв. Так же есть дополнительно хозяйственные помещения. Имеются ямы для рем",2026-09-29T21:11:46.595Z,55.77037,49.187703,"Россия, Республика Татарстан (Татарстан), Казань, улица Аделя Кутуя, 167",house
8086387368,Свободного назначения,1900,1 900 ₽ в месяц с НДС,₽,₽/мес.,122.1,"Ул. Шаляпина, 26, Суконная слобода, 6–10 мин.",https://www.avito.ru/kazan/kommercheskaya_nedvizhimost/svobodnogo_naznacheniya_8086387368,1 неделю назад,Недвижимость и строительство,"Аренда коммерческих помещений в премиальном ЖК «Квартал Сюита», Казань. Предлагаем в аренду современные коммерческие помещения в новом жилом комплексе бизнес-класса по адресу: г. Казань, ул. Шаляпина, 26. Доступные площади: — 122,1 м² (высота потолка 2,7м). — 127,8 м² (высота потолка 2,7м). Это отли",2026-09-29T21:11:46.595Z,55.771135,49.139993,"Россия, Республика Татарстан (Татарстан), Казань, улица Шаляпина, 26",house
7513324344,"Склад, 1486.5 м²",415,415 ₽ в месяц за м² с НДС,₽,₽/мес. за м²,1486.5,"С. Набережные Моркваши, 1",https://www.avito.ru/kazan/kommercheskaya_nedvizhimost/sklad_1486.5_m_7513324344,15 часов назад,Михаил Дмитриевич,"Склад от собственника. Сдается новый склад на М7, две секции, сдаются отдельно, каждая 1486,5 м2. 415 рублей в месяц за м2. Склад М7 1486,5м2 + 1486,5м2. Расположение: Федеральной трасса М7 / объездная вокруг Казани. Адрес: 422594, Республика Татарстан, село Набережные Моркваши, Ул. Московская,3. Ко",2026-09-29T21:11:49.218Z,55.778456,48.839399,"Россия, Республика Татарстан (Татарстан), Верхнеуслонский район, Набережно-Морквашское сельское поселение, село Набережные Моркваши, 1",house
8120365367,"Склад, 330 м²",600,600 ₽ в месяц за м²,₽,₽/мес. за м²,330,"Д. Званка, Зелёная ул., 24",https://www.avito.ru/kazan/kommercheskaya_nedvizhimost/sklad_330_m_8120365367,14 часов назад,ESG Коммерческая недвижимость,"Аренда Склада. Лот 1204. Объект. В аренду предлагается складское помещение. Подходит для хранения, логистики, размещения производственных процессов и автосервиса. Характеристики. Площадь — 330 м². Высота потолков — 6 м. Пол — бетон. Ворота на нуле. Коммуникации. Электроснабжение — 100 квт. Отопление",2026-09-29T21:11:49.218Z,55.803332,49.381577,"Россия, Республика Татарстан (Татарстан), Пестречинский район, Кощаковское сельское поселение, деревня Званка, Зелёная улица, 24",house
8344242788,"Торговая площадь, 75 м²",150000,150 000 ₽ в месяц,₽,₽/мес.,75,"Ул. Четаева, 35, Козья Слобода, 21–30 мин.",https://www.avito.ru/kazan/kommercheskaya_nedvizhimost/torgovaya_ploschad_75_m_8344242788,2 недели назад,,"Аренда торгового помещения 74кв. М. На трафике, отдельный вход, место для вывески. 2сан. Узла, хороший ремонт, кондиционер. Отличная проходимость. Напротив рынка. (ранее был массажный салон-сейчас свободно, от собственника. Риелторов не беспокоить.",2026-09-29T21:11:49.218Z,55.824597,49.121416,"Россия, Республика Татарстан (Татарстан), Казань, улица Четаева, 35",house
8039500348,ПСН в центре 169 кв,234000,234 000 ₽ в месяц,₽,₽/мес.,110,"Ул. Волкова, 70, Суконная слобода, 16–20 мин.",https://www.avito.ru/kazan/kommercheskaya_nedvizhimost/psn_v_tsentre_169_kv_8039500348,Вчера,TATESTATE,"Сдается помещение на 1 этаже на 1 линии улицы Волкова. -Вывеска -Витражные окна. -Отдельный вход, пандус. -Большой торговый зал. - Коммунальные платежи оплачиваются отдельно. - Высота потолков 3,5 м. -Помещение сдается с 15 июля. - 1 этаж -110 кв. М 2 этаж -59 кв. М. Окружение исторического центра, ",2026-09-29T21:11:49.218Z,55.787594,49.144125,"Россия, Республика Татарстан (Татарстан), Казань, улица Волкова, 70",house
7725059012,"Свободного назначения, 117.7 м²",130000,130 000 ₽ в месяц с НДС,₽,₽/мес.,117.7,"Чистопольская ул., 77/2, Козья Слобода, от 31 мин.",https://www.avito.ru/kazan/kommercheskaya_nedvizhimost/svobodnogo_naznacheniya_117.7_m_7725059012,3 дня назад,Мария,"Сдается помещение свободного назначения! Идеальное место! Первая линия! Напротив Ак Барс Арена! Отличный пешеходный трафик! Вывеску хорошо видно с улицы Чистопольская! Очень много парковочных мест! Общая площадь 117,7 кв. М Планировка есть в фото! Ремонт. Видеонаблюдение. Сигнализация. Арендовали ра",2026-09-29T21:11:49.218Z,55.821209,49.151258,"Россия, Республика Татарстан (Татарстан), Казань, Чистопольская улица, 77/2",house
4169663467,"Производство, 200 м²",500,500 ₽ в месяц за м²,₽,₽/мес. за м²,200,"Ул. Гудованцева, 1А, р-н Московский",https://www.avito.ru/kazan/kommercheskaya_nedvizhimost/proizvodstvo_200_m_4169663467,Вчера,"АО ""УПК""","Аренда, помещение свободного назначения в Производственном и в Административном здании — от 15 до 500 м2 имеются в наличии гаражи. Характеристики объекта: - Бесплатная парковка для служебного автомобиля; - Наличие парковки для большегрузов; - Арендные каникулы под ремонтные работы, предоставляются. ",2026-09-29T21:11:49.218Z,55.861994,49.019125,"Россия, Республика Татарстан (Татарстан), Казань, улица Гудованцева, 1А",house
8317201456,"Блок офис 170,2 кв.м на Калинина",272320,272 320 ₽ в месяц,₽,₽/мес.,,"Вахитовский район, ул. Калинина, 30, Суконная слобода, 6–10 мин.",https://www.avito.ru/kazan/kommercheskaya_nedvizhimost/blok_ofis_1702_kv.m_na_kalinina_8317201456,Вчера,V-Invest,"Сдаётся блок офис общей площадью 170.2 квадратов по адресу: ул. Калинина д 30. В помещении сделан ремонт, Кондиционеры. Индивидуальное отопление ( по счётчикам). Высокие потолки. Санузел. Своя входная группа. Рядом улицы: Калинина, Вишневского. Арт. 143731990.",2026-09-29T21:11:49.218Z,55.782127,49.143703,"Россия, Республика Татарстан (Татарстан), Казань, улица Калинина, 30",house
8479346015,Фулфилмент Склад Производство 240 м²,800,800 ₽ в месяц за м²,₽,₽/мес. за м²,240,"Техническая ул., 17Б, р-н Приволжский",https://www.avito.ru/kazan/kommercheskaya_nedvizhimost/fulfilment_sklad_proizvodstvo_240_m_8479346015,7 дней назад,"ООО ""АЛЕКС""","Предложение от собственника! Фулфилмент Склад Производство. 240 м² в аренду, отапливаемый (отопление включено в стоимость аренды! Воздушное отопление — тепловентиляторы) помещение с круглосуточной охраной. Помещение оснащено утеплёнными воротами и входной дверью, полы шлифованная мраморная крошка, о",2026-09-29T21:11:46.595Z,55.733873,49.131046,"Россия, Республика Татарстан (Татарстан), Казань, Техническая улица, 17Б",house
7893387672,"Свободного назначения, 126 м²",600,600 ₽ в месяц за м² с НДС,₽,₽/мес. за м²,126,"1-я Тракторная ул., 86А, Суконная слобода, от 31 мин.",https://www.avito.ru/kazan/kommercheskaya_nedvizhimost/svobodnogo_naznacheniya_126_m_7893387672,Вчера,СтройСвет,"Теплое помещение свободного назначения, можно использовать как производственный цех или склад. До центра города 10 минут на автомобиле. Возможна частичная сдача.",2026-09-29T21:11:49.218Z,55.752627,49.113798,"Россия, Республика Татарстан (Татарстан), Казань, 1-я Тракторная улица, 86А",house
8419605380,Склад,500,500 ₽ в месяц за м²,₽,₽/мес. за м²,,"Пр-т Победы, 100, Проспект Победы, 21–30 мин.",https://www.avito.ru/kazan/kommercheskaya_nedvizhimost/sklad_8419605380,Вчера,Марина,"Помещение со своей парковкой, со своим администратором, со своей зоной погрузки.",2026-09-29T21:11:49.218Z,55.768891,49.220832,"Россия, Республика Татарстан (Татарстан), Казань, проспект Победы, 100",house
4651859336,"Свободного назначения, 141.1 м²",211650,211 650 ₽ в месяц с НДС,₽,₽/мес.,141.1,"Танковая ул., 2, Горки, 16–20 мин.",https://www.avito.ru/kazan/kommercheskaya_nedvizhimost/svobodnogo_naznacheniya_141.1_m_4651859336,1 неделю назад,"Группа Компаний ""Спектр-М""","Сдается нежилое помещение на 1 этаже в ЖК «Авaлон cити» c видoм нa Taнковое кольцо, о. Кабaн и р. Boлгa. Помещение находится в 3 башне на 1 этаже на стилобате. Площадь помещения 141,1 кв. М. Есть другие помещения в этой и других башнях. Аренда от юр. Лица с Ндс. Дом сдан. Предусмотрен паркинг на 538",2026-09-29T21:11:49.218Z,55.752242,49.167059,"Россия, Республика Татарстан (Татарстан), Казань, Танковая улица, 2",house
8001373256,"Торговая площадь, 190 м²",4000,4 000 ₽ в месяц за м²,₽,₽/мес. за м²,190,"Ул. Сибгата Хакима, 62, Козья Слобода, от 31 мин.",https://www.avito.ru/kazan/kommercheskaya_nedvizhimost/torgovaya_ploschad_190_m_8001373256,Вчера,Коммерческая Недвижимость Казани,"Предлагаем в аренду коммерческое помещение в Многофункциональном жилом комплексе Uno (г. Казань). О локации: - Респектабельное расположение в Ново-Савиновском районе столицы по ул. Сибгата Хакима в 5 минутах от набережной р. Казанки, - Мфк Uno объединяет жилой комплекс бизнес класса, современный биз",2026-09-29T21:11:49.218Z,55.815079,49.143865,"Россия, Республика Татарстан (Татарстан), Казань, улица Сибгата Хакима, 62",house
8260520090,"Офис, 189.99 м² у метро Яшьлек",265986,265 986 ₽ в месяц с НДС,₽,₽/мес.,189.99,"Ул. Декабристов, 133, Яшьлек, до 5 мин.",https://www.avito.ru/kazan/kommercheskaya_nedvizhimost/ofis_189.99_m_u_metro_yashlek_8260520090,1 неделю назад,"ТЦ ""Тюбетейка""","Ищете комфортное пространство для команды? Предлагаем в аренду современное офисное помещение площадью 189,99 кв. М в благоустроенном бизнес‑центре. Преимущества помещения: Кабинетная планировка — удобно организовать рабочие зоны для разных отделов и выделить отдельные кабинеты для руководства и пере",2026-09-29T21:11:49.218Z,55.82885,49.080884,"Россия, Республика Татарстан (Татарстан), Казань, улица Декабристов, 133",house
8331382427,"Свободного назначения, 689 м² от Застройщика",689000,689 000 ₽ в месяц с НДС,₽,₽/мес.,689,"Пр-т Победы, 57А, Горки, от 31 мин.",https://www.avito.ru/kazan/kommercheskaya_nedvizhimost/svobodnogo_naznacheniya_689_m_ot_zastroyschika_8331382427,1 неделю назад,УПРАВЛЕНИЕ АКТИВАМИ,"Помещение в ЖК «Уникум На Проспекте Победы» — 689 кв. М с черновой отделкой. Предлагается в аренду коммерческое помещение площадью 689 кв. М в жилом комплексе комфорт «Уникум На Проспекте Победы», ул. Проспект Победы, 143 к1 стр г. Казань! Густо населенный район! - Арендная ставка: 1000 руб. /кв. М.",2026-09-29T21:11:49.218Z,55.776001,49.211706,"Россия, Республика Татарстан (Татарстан), Казань, проспект Победы, 57А",house
4252004749,"Свободного назначения, до 700 м²",1100,1 100 ₽ в месяц за м²,₽,₽/мес. за м²,700,"Ул. Дементьева, 22, Авиастроительная, 16–20 мин.",https://www.avito.ru/kazan/kommercheskaya_nedvizhimost/svobodnogo_naznacheniya_do_700_m_4252004749,Вчера,,"Помещение на первой центральной линии Авиастроительного района. Перекресток главных дорог, огромный автомобильный и пешеходный трафик. Спальный район вблизи Капо и Кмпо, лицей 145, филиал техникума, офисный центр и автосервисы, рынок и остановки общественного транспорта, метро. Сдается помещение сво",2026-09-29T21:11:49.218Z,55.858721,49.102749,"Россия, Республика Татарстан (Татарстан), Казань, улица Дементьева, 22",house
8148387854,"Теплый Склад, Производство М7, льгот Налоги 874м2",530000,530 000 ₽ в месяц,₽,₽/мес.,,"Д. Званка, Зелёная ул., 24",https://www.avito.ru/kazan/kommercheskaya_nedvizhimost/teplyy_sklad_proizvodstvo_m7_lgot_nalogi_874m2_8148387854,1 неделю назад,Промышленный парк «ЗВАНКА»,Внимание: Сдается в долгосрочную аренду современное теплое помещение площадью 874м2. Трое промышленных ворот! Есть возможность арендовать склад частями. Так же можно арендовать открытую бетонированную площадку от 200м2-2000м2. Офисы В Аренду! Можно организовать Фулфилмeнт для Wildberriеs Ozоn в Казa,2026-09-29T21:11:49.218Z,55.803332,49.381577,"Россия, Республика Татарстан (Татарстан), Пестречинский район, Кощаковское сельское поселение, деревня Званка, Зелёная улица, 24",house
4237462180,"Производство, 130 м²",100000,100 000 ₽ в месяц,₽,₽/мес.,130,"Ул. Владимира Кулагина, 9с7, р-н Приволжский",https://www.avito.ru/kazan/kommercheskaya_nedvizhimost/proizvodstvo_130_m_4237462180,7 дней назад,,"Сдается помещение на первом этаже административного здания. Площадь 130 м2, отапливаемое, отдельный вход, собственные ворота для погрузки выгрузки габаритных вещей. 220v/380 свой с/у. Полы топинг. Подойдет под производство( мебель, фасовка цех и тд), можно под склад. Склад маркетплэйс. На территории",2026-09-29T21:11:49.218Z,55.741951,49.134522,"Россия, Республика Татарстан (Татарстан), Казань, улица Владимира Кулагина, 9с7",house
7320233343,"Свободного назначения, 27 м²",41000,41 000 ₽ в месяц за м²,₽,₽/мес. за м²,27,"Вахитовский район, Большая Красная ул., 8, Кремлёвская, 6–10 мин.",https://www.avito.ru/kazan/kommercheskaya_nedvizhimost/svobodnogo_naznacheniya_27_m_7320233343,7 дней назад,Рафаэль,"Сдам офис просторный. Есть мокрая точка. Риелторов прошу не звонить, Свами не работаю!",2026-09-29T21:11:49.218Z,55.798293,49.111328,"Россия, Республика Татарстан (Татарстан), Казань, Вахитовский район, Большая Красная улица, 8",house
8078895995,"Свободного назначения, 1771 м²",1500000,1 500 000 ₽ в месяц,₽,₽/мес.,1771,"Пр-т Победы, 170, р-н Советский",https://www.avito.ru/kazan/kommercheskaya_nedvizhimost/svobodnogo_naznacheniya_1771_m_8078895995,7 дней назад,Ильшат В,"Предложение От Собственника Здания! Очень выгодное предложение для Арендаторов ценящих автономность и комфортные условия работы! Предлагаю в Аренду отдельно стоящее 5-этажное здание по адресу: г. Казань, Проспект Победы д. 170. Помещение свободного назначения, 1771 кв. М. 1 500 000 руб. В месяц ( Нд",2026-09-29T21:11:49.218Z,55.786895,49.221039,"Россия, Республика Татарстан (Татарстан), Казань, проспект Победы, 170",house
8367532255,Офис,3000,3 000 ₽ в месяц за м²,₽,₽/мес. за м²,116.3,"Бухарская ул., 5, Горки, от 31 мин.",https://www.avito.ru/kazan/kommercheskaya_nedvizhimost/ofis_8367532255,7 дней назад,,"Сдам помещение в аренду, площадь 116,3 кв. М. Дом сдан, помещение на 1-й линии Вознесенского тракта, на 1 этаже (над помещением отсутствуют жилые помещения), имеются бесплатные гостевые парковочные места. Две отдельные входные группы, есть возможность разделить на два равных по площади помещения. Ра",2026-09-29T21:11:49.218Z,55.777343,49.201132,"Россия, Республика Татарстан (Татарстан), Казань, Бухарская улица, 5",house
8145664729,"Склад - Производство, с краном, от 977м² до 2238м²",650,650 ₽ в месяц за м² с НДС,₽,₽/мес. за м²,977,"Приволжский район, Магистральная ул., 77к2, р-н Приволжский",https://www.avito.ru/kazan/kommercheskaya_nedvizhimost/sklad_-_proizvodstvo_s_kranom_ot_977m_do_2238m_8145664729,Вчера,Интех,"Предлагаем рассмотреть в аренду производственно-складское помещение, расположенное в Приволжском районе г. Казани, ул. Магистральная д. 77в, на участке с кадастровым номером 16:50:080118:300. Данное местоположение является территорией активного развития и отличается следующими характеристиками: пере",2026-09-29T21:11:49.218Z,55.732874,49.096694,"Россия, Республика Татарстан (Татарстан), Казань, Приволжский район, Магистральная улица, 77к2",house
8171694098,"ПСН, отдельный вход, рядом центр города, 186.7 м²",485,485 ₽ в месяц за м² с НДС,₽,₽/мес. за м²,186.7,"Ул. Мазита Гафури, 46, Площадь Тукая, 21–30 мин.",https://www.avito.ru/kazan/kommercheskaya_nedvizhimost/psn_otdelnyy_vhod_ryadom_tsentr_goroda_186.7_m_8171694098,Вчера,ЦТЭ,"Псн в аренду 186,70кв. М. Трк ""Аквапарк"", ""mazapark"", ""Аквазаврия"", ""Океанариум""Парк бабочек"", ул. М. Гафури 46, в Казани. - 2 этаж, свободная планировка, чистовая отделка. - отдельная входная группа, доступ 24/7. - выделенная электрическая мощность 35квт (с возможностью увеличения). - высота потолк",2026-09-29T21:11:49.218Z,55.768309,49.102084,"Россия, Республика Татарстан (Татарстан), Казань, улица Мазита Гафури, 46",house
7470441096,"Торговая площадь, 2464.8 м²",1888,1 888 ₽ в месяц за м²,₽,₽/мес. за м²,2464.8,"Ул. Маршала Чуйкова, 54В, Козья Слобода, от 31 мин.",https://www.avito.ru/kazan/kommercheskaya_nedvizhimost/torgovaya_ploschad_2464.8_m_7470441096,1 неделю назад,SWAG Develop,Ведётся отбор потенциальных арендаторов на строящееся здание —~2500 м². Сдается Только целиком. Обсуждаема площадь офисной зоны. Индивидуально с риелтором обсудается интерес. Ведётся отбор потенциальных арендаторов на функционирующее существующее здание. Брендировано под Omoda Jaecoo. Представляем У,2026-09-29T21:11:49.218Z,55.835215,49.143496,"Россия, Республика Татарстан (Татарстан), Казань, улица Маршала Чуйкова, 54В",house
8302890570,"Свободного назначения, 170 м²",500000,500 000 ₽ в месяц,₽,₽/мес.,170,"Ул. Островского, 103, Суконная слобода, до 5 мин.",https://www.avito.ru/kazan/kommercheskaya_nedvizhimost/svobodnogo_naznacheniya_170_m_8302890570,1 неделю назад,,"Предлагаю в аренду офисное помещение с хорошим ремонтом в центре города на первой линии, первый этаж, отдельный вход. Предоставляется одно парковочное место в закрытом паркинге на первом этаже здания.",2026-09-29T21:11:49.218Z,55.778127,49.137666,"Россия, Республика Татарстан (Татарстан), Казань, улица Островского, 103",house
8327637563,"Торговая площадь В центре города, 202 м²",1450,1 450 ₽ в месяц за м² с НДС,₽,₽/мес. за м²,202,"Ул. Баумана, 51, Площадь Тукая, до 5 мин.",https://www.avito.ru/kazan/kommercheskaya_nedvizhimost/torgovaya_ploschad_v_tsentre_goroda_202_m_8327637563,2 недели назад,"УК ""ЭнергоИнвестКапитал""","Торговое помещение 202 м² в ТК «Гум» — аренда в центре Казани. Хотите разместить бизнес в точке с максимальным трафиком? Предлагаем в аренду просторное торговое помещение площадью 202 м² на 2‑м этаже ТК «Гум» (ул. Баумана, 51/50). Большая площадь и чистовая отделка позволяют быстро адаптировать прос",2026-09-29T21:11:49.218Z,55.787933,49.121605,"Россия, Республика Татарстан (Татарстан), Казань, улица Баумана, 51",house
1139412529,"Офис, 60 м²",55000,55 000 ₽ в месяц,₽,₽/мес.,60,"Интернациональная ул., 6А, р-н Советский",https://www.avito.ru/kazan/kommercheskaya_nedvizhimost/ofis_60_m_1139412529,7 дней назад,,"Сдам в аренду помещение под офис в Константиновке, 60 кв. М Все коммуникации, первая линия, есть парковка.",2026-09-29T21:11:49.218Z,55.805862,49.266512,"Россия, Республика Татарстан (Татарстан), Казань, Интернациональная улица, 6А",house
8285102006,"Сдам складское помещение, 21006 м²",28190052,28 190 052 ₽ в месяц,₽,₽/мес.,21006,"Пос. Барсил, Производственная ул., 1",https://www.avito.ru/kazan/kommercheskaya_nedvizhimost/sdam_skladskoe_pomeschenie_21006_m_8285102006,7 дней назад,RAYS ARMA,"Предлагается к аренде складской комплекс категории A — 21006 м. Кв. Объект находится в 147 Москвы. Деление складского комплекса не предполагается. ТУ, коммуникации и безопасность: телефония, Парковка: для, а/м от 10т, для, а/м от 5-10т, для легковых, а/м, Ставка аренды: - пол 16104 руб. М2/год. - оф",2026-09-29T21:11:49.218Z,55.829608,49.355184,"Россия, Республика Татарстан (Татарстан), Пестречинский район, Кощаковское сельское поселение, посёлок Барсил, Производственная улица, 1",house
1813549151,"Помещение свободного назначения, 85.5 м",120000,120 000 ₽ в месяц,₽,₽/мес.,85.5,"Пр. Созидателей, 9, Горки, 6–10 мин.",https://www.avito.ru/kazan/kommercheskaya_nedvizhimost/pomeschenie_svobodnogo_naznacheniya_85.5_m_1813549151,Вчера,Дмитрий,"Сдается помещение свободного назначения общей площадью 85,50 кв. М. Помещение расположено на 1 этаже 10 этажного дома в перспективном и густо населенном районе. Все коммуникации подключены, централизованные. Отдельный вход с улицы. Отлично подойдет под розничную торговлю, разливные напитки, салон кр",2026-09-29T21:11:49.218Z,55.760494,49.199596,"Россия, Республика Татарстан (Татарстан), Казань, проезд Созидателей, 9",house
8323808774,"Свободного назначения, 425 м²",334687,334 687 ₽ в месяц с НДС,₽,₽/мес.,425,"Ул. Фатыха Амирхана, 101В, Северный вокзал, от 31 мин.",https://www.avito.ru/kazan/kommercheskaya_nedvizhimost/svobodnogo_naznacheniya_425_m_8323808774,7 дней назад,АРЕНДАKZN,"Помещение свободного назначения 425 м² | 2 этаж | Первая линия. Казань, ул. Фатыха Амирхана, 101в. Аренда 334 687 руб. /мес., Ндс включён. Собственная мокрая точка. Готовое помещение с ремонтом. Доступ с 7:00 до 23:00. Парковка и место для вывески. Прямая аренда от собственника, без комиссии. Арендн",2026-09-29T21:11:49.218Z,55.843348,49.132196,"Россия, Республика Татарстан (Татарстан), Казань, улица Фатыха Амирхана, 101В",house
4324124490,"Торговая площадь, 125 м²",60000,60 000 ₽ в месяц,₽,₽/мес.,125,"М-7 Волга, 843-й километр, 1А",https://www.avito.ru/kazan/kommercheskaya_nedvizhimost/torgovaya_ploschad_125_m_4324124490,7 дней назад,,"Сдается в аренду помещение на территории придорожного комплекса эльсити(кафе, гостиница, Азс, Агзс, шашлычная, шиномонтаж, сервис грузовых автомобилей парковка для длинномеров и т. Д). Расположение- автодорога М7 Волга 840 й км справа! Три комнаты 78 кв. М, 32 кв. М,15 кв. М, помещение можно использ",2026-09-29T21:11:49.218Z,55.71803,49.49498,"Россия, Республика Татарстан (Татарстан), Пестречинский район, М-7 Волга, 843-й километр, 1А",house
8048890680,"Магазин,50 м²",900,900 ₽ в месяц за м² с НДС,₽,₽/мес. за м²,50,"Ул. Академика Глушко, 30А, р-н Советский",https://www.avito.ru/kazan/kommercheskaya_nedvizhimost/magazin50_m_8048890680,13 часов назад,Группа компаний ЭВЕРЕСТ-ИНВЕСТ,"Высокий трафик пешеходов на первой линии дороги с интенсивным движением около локации с большим количеством жителей микрорайона (рядом аптека и остановка общественного транспорта), что позволяет быстрой раскрутке точки в любом направлении бизнеса. Высокий цокольный этаж со своей входной группой и ок",2026-09-29T21:11:49.218Z,55.789239,49.222764,"Россия, Республика Татарстан (Татарстан), Казань, улица Академика Глушко, 30А",house
3284720800,"Свободного назначения, 80 м²",140000,140 000 ₽ в месяц,₽,₽/мес.,80,"Ул. Сабира Ахтямова, 1к1, р-н Советский",https://www.avito.ru/kazan/kommercheskaya_nedvizhimost/svobodnogo_naznacheniya_80_m_3284720800,7 дней назад,Диляра,"Сдаю помещение в аренду в ЖК Мой Ритм. Риэлторов просьба не беспокоить. - Первая линия. -Парковка. - удобные подъёздные пути. -Перыый этаж, свой отдельный вход. Рядом ТЦ Мега, скоро запустят метро, остановка, школа, Агропарк. Помещение идеально для салона красоты, небольшого магазина, табачной проду",2026-09-29T21:11:49.218Z,55.788439,49.216574,"Россия, Республика Татарстан (Татарстан), Казань, улица Сабира Ахтямова, 1к1",house
8307421130,Свободного назначения,120000,120 000 ₽ в месяц,₽,₽/мес.,,"Чистопольская ул., 31, Козья Слобода, 16–20 мин.",https://www.avito.ru/kazan/kommercheskaya_nedvizhimost/svobodnogo_naznacheniya_8307421130,16 часов назад,,"Сдаю помещение свободного назначения, в отличном состоянии. Риэлторов просьба не беспокоить. По всем вопросам пишите, звоните.",2026-09-29T21:11:49.218Z,55.820855,49.121353,"Россия, Республика Татарстан (Татарстан), Казань, Чистопольская улица, 31",house
7268539027,"Свободного назначения, 123.8 м²",128000,128 000 ₽ в месяц,₽,₽/мес.,123.8,"Ул. Бари Галеева, 8Ак4, р-н Советский",https://www.avito.ru/kazan/kommercheskaya_nedvizhimost/svobodnogo_naznacheniya_123.8_m_7268539027,7 дней назад,"Агентство Недвижимости ""ПРИОР""","Сдаётcя в аpенду кoммeрческоe помeщение в Kазани! Пpедлагаeм вaм уникaльную вoзмoжность аpендовать пpocтopнoe коммеpчeскоe. Пoмещениe площaдью 123,8 кв. М, ( можно поделить) pаспoлoженнoе в отдeльнo стоящeм здaнии жилoго дoмa в советcком paйoне горoда Казaни. Этo идеaльное место для реализации ваших",2026-09-29T21:11:49.218Z,55.804516,49.174192,"Россия, Республика Татарстан (Татарстан), Казань, улица Бари Галеева, 8Ак4",house
7864013452,Офис,120000,120 000 ₽ в месяц,₽,₽/мес.,,"Ул. Четаева, 14Ак2, Козья Слобода, от 31 мин.",https://www.avito.ru/kazan/kommercheskaya_nedvizhimost/ofis_7864013452,7 дней назад,Радий,"Сдам коммерческие помещения в Ново-Савиновском районе в новом ЖК «Золотая Середина» по адресу: улица Четаева, 14ак2. Офисы разной площади: от 50до 160м2. Цена за м2 — от 2250 до 2500. Многофункциональные помещения, спроектированные по принципу «открытого пространства». Весь ремонт выполнен в корпора",2026-09-29T21:11:49.218Z,55.822706,49.144269,"Россия, Республика Татарстан (Татарстан), Казань, улица Четаева, 14Ак2",house
7437338801,"Офис в БЦ на Пушкина, все включено, 21 м²",30000,30 000 ₽ в месяц,₽,₽/мес.,21,"Ул. Пушкина, 12, Площадь Тукая, до 5 мин.",https://www.avito.ru/kazan/kommercheskaya_nedvizhimost/ofis_v_bts_na_pushkina_vse_vklyucheno_21_m_7437338801,7 дней назад,TARTARIA COMMERCIAL,"Предлагаем в аренду oфиснoе пoмeщeние на 3 этаже в бизнес-центре А класса, который расположен по адресу ул. Нa Пушкинa. Д 12. Бизнес-центр расположен в caмoм центре Кaзани. Рядом в пешей доступности ст. Метро пл. Тукая. Площадь предлагаемого офиса — 21 кв. М. 3 этаж. Ставка — 1400 р, все включено, о",2026-09-29T21:11:49.218Z,55.789051,49.124874,"Россия, Республика Татарстан (Татарстан), Казань, улица Пушкина, 12",house
8356406098,"Свободного назначения, 17.1 м²",8600,8 600 ₽ в месяц,₽,₽/мес.,17.1,"Ул. Братьев Петряевых, 27, Суконная слобода, 21–30 мин.",https://www.avito.ru/kazan/kommercheskaya_nedvizhimost/svobodnogo_naznacheniya_17.1_m_8356406098,7 дней назад,"ООО ""АКОРОС""","Небольшая комната в административном здании на первом этаже. Без ремонта. Больше подойдет под склад, хранение вещей или небольшое чистое производство. Помещение находится на охраняемой территории. В стоимость все включено, если снимаете под производство, то электричество по счетчику. Пром зона. Проз",2026-09-29T21:11:53.105Z,55.764551,49.116664,"Россия, Республика Татарстан (Татарстан), Казань, улица Братьев Петряевых, 27",house
4518560938,Офис,169000,169 000 ₽ в месяц с НДС,₽,₽/мес.,,"Ул. Юлиуса Фучика, 2Б, Проспект Победы, 11–15 мин.",https://www.avito.ru/kazan/kommercheskaya_nedvizhimost/ofis_4518560938,7 дней назад,Мансур,"Сдам офисное помещение (свободного назначения) с новым ремонтом, правильной кабинетной системой и отдельным входом. 8 кабинетов, приемная и переговорка. Своя парковка, интернет, кондиционеры, система контроля доступа. Рядом остановка, метро. За шлагбаумом. Светлое, теплое, чистое помещение. Под офис",2026-09-29T21:11:53.105Z,55.742286,49.201043,"Россия, Республика Татарстан (Татарстан), Казань, улица Юлиуса Фучика, 2Б",house
1395321093,"Торговая площадь, 128 м²",250000,250 000 ₽ в месяц,₽,₽/мес.,128,"Петербургская ул., 64, Суконная слобода, до 5 мин.",https://www.avito.ru/kazan/kommercheskaya_nedvizhimost/torgovaya_ploschad_128_m_1395321093,3 дня назад,,"Собственник! Сдаю помещение в ж/к «Барселона», 128 кв. М с витражным остеклением на 1эт торгового комплекса. В шаговой 2 мин. Доступности метро «Суконная слобода» Заезд с улиц Петербургская и Островского. Наличие парковки, в том числе и крытой платной. Варианты сотрудничества можем обсудить при личн",2026-09-29T21:11:53.105Z,55.778892,49.136723,"Россия, Республика Татарстан (Татарстан), Казань, Петербургская улица, 64",house
8263485068,"Офис, 133 м²",146300,146 300 ₽ в месяц с НДС,₽,₽/мес.,133,"Ул. Маяковского, 20, Площадь Тукая, 6–10 мин.",https://www.avito.ru/kazan/kommercheskaya_nedvizhimost/ofis_133_m_8263485068,7 дней назад,"Группа компаний ""ВЕСНА""","5 офисных помещениий различного формата на первом и втором этаже с Отдельным входом с центрального крыльца, со своим санузлом и подсобными помещениями, зоной рецепшн и входной группой — общей площадью от 133 кв. М в офисном центре в историческом сердце города — ул. Маяковского! Предложение от собств",2026-09-29T21:11:53.105Z,55.789633,49.134055,"Россия, Республика Татарстан (Татарстан), Казань, улица Маяковского, 20",house
7916705492,"Свободного назначения, 30 м²",72300,72 300 ₽ в месяц с НДС,₽,₽/мес.,30,"Ленинградская ул., 23, Авиастроительная, 6–10 мин.",https://www.avito.ru/kazan/kommercheskaya_nedvizhimost/svobodnogo_naznacheniya_30_m_7916705492,7 дней назад,"ООО ""Ритейл Инвест+""","Сдается помeщeние нa пeрвом этаже с супер высоким трафиком на пересечении ул. Ленинградская и Максимова в Авуиастроительном районе г. Казани cо слeдующими характериcтикaми: - пepвый этaж ; - площадь помещения: 30 кв. М. ; - выcoтa пoтoлкoв 3 метра; - oтдeльный вхoд; - место под рекламную вывеску, на",2026-09-29T21:11:53.105Z,55.861944,49.085007,"Россия, Республика Татарстан (Татарстан), Казань, Ленинградская улица, 23",house
8305018817,"Офис, 95 м²",150000,150 000 ₽ в месяц,₽,₽/мес.,95,"Ул. Космонавтов, 44, р-н Советский",https://www.avito.ru/kazan/kommercheskaya_nedvizhimost/ofis_95_m_8305018817,7 дней назад,"АН ""ОСНОВА""",Помещение на первой линии. Полноценный 1 этаж. Отдельный вход. Коммунальные платежи включены. Можно арендовать с офисной мебелью. Доступ круглосуточно. На долгий срок. Большое парковочное пространство!,2026-09-29T21:11:53.105Z,55.79517,49.193919,"Россия, Республика Татарстан (Татарстан), Казань, улица Космонавтов, 44",house
7822604192,Свободного назначения,900,900 ₽ в месяц за м²,₽,₽/мес. за м²,,"Ул. Урицкого, 1, Козья Слобода, от 31 мин.",https://www.avito.ru/kazan/kommercheskaya_nedvizhimost/svobodnogo_naznacheniya_7822604192,3 дня назад,,Сдаётся помещение в новом ЖК Адмирал. Площадь 75м2. С ремонтом.,2026-09-29T21:11:49.218Z,55.802998,49.057294,"Россия, Республика Татарстан (Татарстан), Казань, улица Урицкого, 1",house
7828068599,"Холодный Склад, 670 м², М7-2 км",199000,199 000 ₽ в месяц,₽,₽/мес.,670,"Д. Званка, Зелёная ул., 24",https://www.avito.ru/kazan/kommercheskaya_nedvizhimost/holodnyy_sklad_670_m_m7-2_km_7828068599,1 неделю назад,Промышленный парк «ЗВАНКА»,"Холодный Склад 670 м² в Промпарке — Льготы! Идеальное холодное складское помещение 670 м² для логистики, производства или хранения. В аккредитованном промпарке — экономия на налогах до 80%! Ключевые преимущества: Бетонная площадка + парковка для фур и легковушек. 24/7 охрана + камеры по всей террито",2026-09-29T21:11:53.105Z,55.803332,49.381577,"Россия, Республика Татарстан (Татарстан), Пестречинский район, Кощаковское сельское поселение, деревня Званка, Зелёная улица, 24",house
2212321227,"Офис, 30.8 м²",23715,23 715 ₽ в месяц за м² с НДС,₽,₽/мес. за м²,30.8,"Ул. Журналистов, 100А, р-н Советский",https://www.avito.ru/kazan/kommercheskaya_nedvizhimost/ofis_30.8_m_2212321227,7 дней назад,"ООО ""Сайда""","Сдается в долгосрочную аренду офисные помещения: - площадью 30,8 кв. М. Стоимостью 14 476 руб. (470 руб. За кв. М., в т. Ч. Ндс 5%) + э/э по показаниям счетчиков; - площадью 24 кв. М. Стоимостью 12 000 руб. (500 руб. За кв. М., в т. Ч. Ндс 5%) + э/э по показаниям счетчиков; - площадью 27,8 кв. М. Ст",2026-09-29T21:11:53.105Z,55.828308,49.195473,"Россия, Республика Татарстан (Татарстан), Казань, улица Журналистов, 100А",house
7931545789,Сдам помещение первая линия,60000,60 000 ₽ в месяц,₽,₽/мес.,,"Пр-т Ибрагимова, 29, Северный вокзал, 11–15 мин.",https://www.avito.ru/kazan/kommercheskaya_nedvizhimost/sdam_pomeschenie_pervaya_liniya_7931545789,2 недели назад,,"Сдается в аренду долгосрочно. Ку в среднем летом 11000р, зимой 17000р(вода и электроэнергия по счетчикам, сколько израсходуете=столько платите), в стоимость аренды не входит. При заезде оплачиваете 1 и последний месяц Собственник.",2026-09-29T21:11:53.105Z,55.835629,49.08984,"Россия, Республика Татарстан (Татарстан), Казань, проспект Ибрагимова, 29",house
8329186107,"Склад, 5500 м²",850,850 ₽ в месяц за м² с НДС,₽,₽/мес. за м²,5500,"Пос. Новониколаевский, Центральная ул., 4",https://www.avito.ru/kazan/kommercheskaya_nedvizhimost/sklad_5500_m_8329186107,Вчера,Индустриальный Парк,"Сдается в аренду идеальный складкой комплекс класса А в современном индустриальном парке. Доступны площади от 500 — 5500 м2. - Электричество, газ, вода, автономное газовое отопление вулканами, своя котельная; - Высота потолков — 10 метров; - Асфальтированная площадка; - рядом выезд на федеральную тр",2026-09-29T21:11:53.105Z,55.899108,48.963169,"Россия, Республика Татарстан (Татарстан), Зеленодольский район, Осиновское сельское поселение, посёлок Новониколаевский, Центральная улица, 4",house
8311718470,"Склад, 15000 м² Казань",25000,25 000 ₽ в месяц с НДС,₽,₽/мес.,15000,"Д. Макаровка, Берёзовая ул., 9",https://www.avito.ru/kazan/kommercheskaya_nedvizhimost/sklad_15000_m_kazan_8311718470,2 недели назад,Комус,"Склад В Аренду. Складские Услуги Ответственного Хранения. 3 PL Услуги. Прайс-лист. Хранение товара от 25 ₽за паллетоместо/сутки. Погрузка выгрузка одного паллета от 150 ₽ за единицу. Описание. Краткocрочнoе и долгосpочнoе ответственное хpaнениe гpузов. Heдopoгo Отвеtctвеннo. Адрес: Казань, Семиозерс",2026-09-29T21:11:53.105Z,55.919079,49.14064,"Россия, Республика Татарстан (Татарстан), Высокогорский район, Семиозерское сельское поселение, деревня Макаровка, Берёзовая улица, 9",house
8446992619,"Помещение под склад, 5 м²",7200,7 200 ₽ в месяц,₽,₽/мес.,5,"Ул. Маршала Чуйкова, 4, Яшьлек, 16–20 мин.",https://www.avito.ru/kazan/kommercheskaya_nedvizhimost/pomeschenie_pod_sklad_5_m_8446992619,7 дней назад,"АО ""Казанский завод медицинской аппаратуры""","Помещение в аpeнду 5 кв. М. По адpесу г. Казaнь, ул. Мaршaла Чуйкoва, д.4 на втopом этaжe. Пpямoй Aрендодатель. Нaходитcя на пepвoй линии. Зданиe распoлoженo в гуcтoнаселeнном рaйонe г. Кaзaни, в нeпocрeдcтвеннoй близoсти ocтановкa обществeннoгo транcпopта. Рядoм находится Сбербанк, Парк Победы, спо",2026-09-29T21:11:53.105Z,55.835629,49.104123,"Россия, Республика Татарстан (Татарстан), Казань, улица Маршала Чуйкова, 4",house
8052149866,"Офис, 102.1 м²",140000,140 000 ₽ в месяц,₽,₽/мес.,102.1,"Ул. Карбышева, 58А, Горки, 11–15 мин.",https://www.avito.ru/kazan/kommercheskaya_nedvizhimost/ofis_102.1_m_8052149866,1 неделю назад,Максим Исаев,"Собственник. Свежий косметический ремонт. Имеется отдельный вход, своя огороженная придомовая зона, видеодомофон с возможностью открытия дверей из офиса (из двух мест), 5 кондиционеров. Также в офисе имеется встроенный сейф. До метро «Горки» 10 минут, вблизи есть нотариус, налоговая, автомойка, авто",2026-09-29T21:11:53.105Z,55.755069,49.176914,"Россия, Республика Татарстан (Татарстан), Казань, улица Карбышева, 58А",house
7984494675,"Офис, 34.2 м²",1800,1 800 ₽ в месяц за м²,₽,₽/мес. за м²,34.2,"Ул. Гаврилова, 3, р-н Ново-Савиновский",https://www.avito.ru/kazan/kommercheskaya_nedvizhimost/ofis_34.2_m_7984494675,1 неделю назад,"ООО ""Сармай""","Страница Собственника Здания. Современный офисный-центр «Ватан» B+ класса с уникальным пространством и гостеприимным сервисом — идеальное место для вашего бизнеса. Казань, Гаврилова, 3 В бизнес-центре «Ватан» общей площадью 4 475.6 кв. М. С собственной наземной парковкой для аренды доступны комфортн",2026-09-29T21:11:53.105Z,55.828753,49.160007,"Россия, Республика Татарстан (Татарстан), Казань, улица Гаврилова, 3",house
8335931414,"Сдам помещение свободного назначения, 21.9 м²",900,900 ₽ в месяц за м²,₽,₽/мес. за м²,21.9,"Ул. Рихарда Зорге, 13Б, Горки, до 5 мин.",https://www.avito.ru/kazan/kommercheskaya_nedvizhimost/sdam_pomeschenie_svobodnogo_naznacheniya_21.9_m_8335931414,Вчера,АРР Управляющая компания,"Сдается помещение 21.9м² на цокольном этаже, Расположенное вблизи станции метро Горки, автобусная и трамвайная остановка, с большим пешеходным траффиком. Рядом технику могостудентов. Удобная тpaнспортнaя рaзвязкa, лeгкo добрaтьcя. Подходит под Пвз, Бьюти, Массжный салон, мини склад. -Доступ 24/7. -В",2026-09-29T21:11:53.105Z,55.759035,49.190739,"Россия, Республика Татарстан (Татарстан), Казань, улица Рихарда Зорге, 13Б",house
8336539869,"Склад, 123 м²",62000,62 000 ₽ в месяц,₽,₽/мес.,123,"Ул. Журналистов, 34И, р-н Советский",https://www.avito.ru/kazan/kommercheskaya_nedvizhimost/sklad_123_m_8336539869,7 часов назад,Недвижимость Татарстан,"Сдается в аренду производственно-складское помещение в Советском районе на ул. Журналистов, 34 И. Характеристики: — Общая площадь помещения составляет 123 м2. — 1 этаж. — Высота потолков 4,5 м. — Эл. Мощность с хорошим запасом до 50 квт. Подъездные пути удобные. Цена аренды: 500 руб. За кв. М. + ком",2026-09-29T21:11:53.105Z,55.815489,49.188017,"Россия, Республика Татарстан (Татарстан), Казань, улица Журналистов, 34И",house
8311479600,"Торговая площадь, 48 м² рядом с кремлём",2300,2 300 ₽ в месяц с НДС,₽,₽/мес.,48,"Вахитовский район, Профсоюзная ул., 1, Кремлёвская, до 5 мин.",https://www.avito.ru/kazan/kommercheskaya_nedvizhimost/torgovaya_ploschad_48_m_ryadom_s_kremlem_8311479600,2 недели назад,МИД групп,"Торговое помещение на 1 этаже Профсоюзная д.1. Большой поток туристов, рядом кремль, ул. Баумана.",2026-09-29T21:11:53.105Z,55.794512,49.109154,"Россия, Республика Татарстан (Татарстан), Казань, Вахитовский район, Профсоюзная улица, 1",house
8393190539,"Свободного назначения, 200 м²",1000,1 000 ₽ в месяц,₽,₽/мес.,200,"Ул. Сары Садыковой, 59, Суконная слобода, 21–30 мин.",https://www.avito.ru/kazan/kommercheskaya_nedvizhimost/svobodnogo_naznacheniya_200_m_8393190539,1 неделю назад,"Легенд, авто ателье","Сдается помещение подходящее под авто бизнес в центре города: - автосалон. - мотосалон. - детейлинг студию. - авто ателье. - кожевенная мастерская. - и другие сферы деятельности для авто. Первая линия улицы Габдуллы Тукая, огороженная территория, новое здание с современным новым дизайнерским ремонто",2026-09-29T21:11:53.105Z,55.77151,49.120589,"Россия, Республика Татарстан (Татарстан), Казань, улица Сары Садыковой, 59",house
8081807120,"Помещение в центре города, 180 м²",270000,270 000 ₽ в месяц,₽,₽/мес.,180,"Астрономическая ул., 17, Площадь Тукая, 6–10 мин.",https://www.avito.ru/kazan/kommercheskaya_nedvizhimost/pomeschenie_v_tsentre_goroda_180_m_8081807120,1 неделю назад,,"Помещение на 2-м этаже в Центре города. - площадь 180 м². - отдельный вход. - 1-я линия улицы Астрономическая / Профсоюзная. - много окон. В наличии все коммуникации: вода, канализация. Без отделки: предоставляем ремонтные каникулы. Место под наружную вывеску фасаде. Свободное назначение: офис, пред",2026-09-29T21:11:53.105Z,55.791197,49.118164,"Россия, Республика Татарстан (Татарстан), Казань, Астрономическая улица, 17",house
7848688023,"Офис, 65 м²",60000,60 000 ₽ в месяц,₽,₽/мес.,65,"Ул. Чернышевского, 35, Кремлёвская, 6–10 мин.",https://www.avito.ru/kazan/kommercheskaya_nedvizhimost/ofis_65_m_7848688023,2 недели назад,Рамон,"От собственника! Сдам офис в самом центре города Казани. Помещение площадью, 65 кв/м. В офисе выполнена чистовая отделка. В офисе очень тепло. Так же в офисе установлен кондиционер, что в летний период является большим плюсом. В помещении так же высокие потолки. Помещение подойдет под студию звукоза",2026-09-29T21:11:53.105Z,55.789259,49.105345,"Россия, Республика Татарстан (Татарстан), Казань, улица Чернышевского, 35",house
8418478822,"Офис, 24.32 м²",24000,24 000 ₽ в месяц с НДС,₽,₽/мес.,24.32,"Ул. Островского, 27, Площадь Тукая, 6–10 мин.",https://www.avito.ru/kazan/kommercheskaya_nedvizhimost/ofis_24.32_m_8418478822,7 дней назад,"fun(с) Казань - офисы по системе ""все включено""","Готовый Офис На 7 Человек В Центре Казани — Заезжайте И Работайте. Отдельный кабинет 24,32 м² для команды до 7 человек по адресу ул. Островского, 27. Офис полностью готов к работе: мебель, кондиционер, высокоскоростной Wi-Fi, клининг, коммунальные услуги и кофе уже включены. Никаких дополнительных р",2026-09-29T21:11:53.105Z,55.788145,49.116799,"Россия, Республика Татарстан (Татарстан), Казань, улица Островского, 27",house
8323239681,"Сдам помещение свободного назначения, 105 м²",210000,210 000 ₽ в месяц,₽,₽/мес.,105,"Ул. Разведчика Ахмерова, 7, Суконная слобода, от 31 мин.",https://www.avito.ru/kazan/kommercheskaya_nedvizhimost/sdam_pomeschenie_svobodnogo_naznacheniya_105_m_8323239681,Вчера,ООО АН «Империя»,"Арт. 143369928 Стоимость 2000₽ за КВ. М. В месяц ( первые три месяца), далее 2200 за кв. М. Сдаётся помещение в ЖК «Арт Сити» на первой линии с большим трафиком, с отдельным входом и доступом 24/7. Жилой комплекс заселён, перспективный район. Рядом открывается новый торговый комплекс. В помещении сд",2026-09-29T21:11:53.105Z,55.796977,49.182178,"Россия, Республика Татарстан (Татарстан), Казань, улица Разведчика Ахмерова, 7",house
8273831405,"Склад, офис 100 м²",37000,37 000 ₽ в месяц,₽,₽/мес.,100,"Ул. Солидарности, 17, р-н Советский",https://www.avito.ru/kazan/kommercheskaya_nedvizhimost/sklad_ofis_100_m_8273831405,13 часов назад,Алия,"Сдаётся в аренду нежилое помещение, расположенное на 1 этаже по адресу город Казань улица Солидарности, общей площадью 100 м2. 1этаж. Парковка. Высота потолков 2,7м. Помещение с окнами, кабинетная система. Доступ 24/7. Арендная плата 37000 р, коммунальные платежи оплачиваются арендатором отдельно. И",2026-09-29T21:11:53.105Z,55.861029,49.228468,"Россия, Республика Татарстан (Татарстан), Казань, улица Солидарности, 17",house
8313923792,"Склад, 43 м²",15000,15 000 ₽ в месяц с НДС,₽,₽/мес.,43,"Ул. Родины, 2А, Горки, 21–30 мин.",https://www.avito.ru/kazan/kommercheskaya_nedvizhimost/sklad_43_m_8313923792,2 недели назад,Коммерческая Недвижимость,"Сдается холодный склад, площадью 43 м2, находящееся по адресу: г. Казань, Советский район, ул. Родины 2а. Находятся на охраняемой территории. В помещении: - электричество. Цена указана с Ндс. Коммунальные платежи включены. Предоставляется ЮР. Адрес. Звоните! Расскажем, Покажем, Договоримся!",2026-09-29T21:11:53.105Z,55.7763,49.193272,"Россия, Республика Татарстан (Татарстан), Казань, улица Родины, 2А",house
8263884358,Офис в центре 174 кв м,1300,1 300 ₽ в месяц за м²,₽,₽/мес. за м²,,"Вахитовский район, Большая Красная ул., 8, Кремлёвская, 6–10 мин.",https://www.avito.ru/kazan/kommercheskaya_nedvizhimost/ofis_v_tsentre_174_kv_m_8263884358,10 часов назад,DiGROUP - недвижимость и финансы,"Аренда офисного помещения со своим входом: - 174,1 кв м. - доступ 24/7. - потолки 3,3 м. - 6 кабинетов. - кухня. - 2 санузла. - домофон. - парковка ( 4 машины). По всем вопросам можете обращаться к Вашему персональному менеджеру: Кристина -брокер по коммерческой недвижимости. «digroup недвижимость и",2026-09-29T21:11:53.105Z,55.798293,49.111328,"Россия, Республика Татарстан (Татарстан), Казань, Вахитовский район, Большая Красная улица, 8",house
8023032110,Сдам в аренду помещение,208000,208 000 ₽ в месяц,₽,₽/мес.,103,"Дубравная ул., 16, Дубравная, 11–15 мин.",https://www.avito.ru/kazan/kommercheskaya_nedvizhimost/sdam_v_arendu_pomeschenie_8023032110,Вчера,Портал 116,"Арт. 132735855 Сдается помещение 103 м² (Дубравная 16). Бизнес класс. Отдельный вход, потолки 4,3 — 5 м. Адрес: г. Казань, ул. Дубравная 16, Приволжский район. Помещение в черновой отделке, что позволяет адаптировать пространство под любой формат бизнеса. Преимущества помещения. Отдельный вход с ули",2026-09-29T21:11:53.105Z,55.737811,49.205633,"Россия, Республика Татарстан (Татарстан), Казань, Дубравная улица, 16",house
8252388182,Торговая площадь,70000,70 000 ₽ в месяц,₽,₽/мес.,,"Ул. Копылова, 18, Авиастроительная, до 5 мин.",https://www.avito.ru/kazan/kommercheskaya_nedvizhimost/torgovaya_ploschad_8252388182,1 неделю назад,,"Сдается в аренду помещение на первой линии возле остановки метро «Авиастроительная„между аптекой „Фармленд” и „Татсоцбанком”. Огромный жилой массив, и пешеходный трафик, рядом Сбербанк, магнит, жар свежар, озон, плюс рядом достраивается жилой комплекс. Помещение имеет отдельный вход и два сан. Узла.",2026-09-29T21:11:53.105Z,55.858609,49.085555,"Россия, Республика Татарстан (Татарстан), Казань, улица Копылова, 18",house
8346417982,"Производство, склад с подьездом фуры 120-300 м2",600,600 ₽ в месяц за м²,₽,₽/мес. за м²,,"Хлебозаводская ул., 1, Северный вокзал, от 31 мин.",https://www.avito.ru/kazan/kommercheskaya_nedvizhimost/proizvodstvo_sklad_s_podezdom_fury_120-300_m2_8346417982,Вчера,РиэлтРеспект,Без комиссии! От собственника! Сдается в аренду производсвенно-складское помещение площадью 120 м2. Есть помещение 200 и 300 м2. Высота 4 метров. Цена в обьявлении указана за Наличный расчет ( безналичный расчет тоже возможен плюс 50 р на метр). Парковка для собственного транспорта. Доступ 24/7. Охр,2026-09-29T21:11:53.105Z,55.847083,49.051069,"Россия, Республика Татарстан (Татарстан), Казань, Хлебозаводская улица, 1",house
8104662709,"Свободного назначения, 30.1 м²",25284,25 284 ₽ в месяц с НДС,₽,₽/мес.,30.1,"Ул. Бурхана Шахиди, 17, Кремлёвская, 11–15 мин.",https://www.avito.ru/kazan/kommercheskaya_nedvizhimost/svobodnogo_naznacheniya_30.1_m_8104662709,10 часов назад,"ООО ""Инвест Недвижимость""","Помещение 30,1 кв. М. Отличное месторасположение в центре города, с большим пешеходным и автомобильным трафиком и сложившимся постоянным потоком клиентов. Близость к основным транспортным артериям города и развитая инфраструктура обеспечивает максимальную транспортную доступность и большой пешеходны",2026-09-29T21:11:53.105Z,55.786769,49.106549,"Россия, Республика Татарстан (Татарстан), Казань, улица Бурхана Шахиди, 17",house
8425538396,"Свободного назначения, 80.9 м²",165000,165 000 ₽ в месяц,₽,₽/мес.,80.9,"Ул. Мусина, 61В, Козья Слобода, 21–30 мин.",https://www.avito.ru/kazan/kommercheskaya_nedvizhimost/svobodnogo_naznacheniya_80.9_m_8425538396,2 недели назад,ООО Мир охоты,"Сдаю помещение в г. Казань. Собственник, прямая аренда в Ново-Савинском районе. Готовое решение для бизнеса на первом этаже помещения, открытая планировка, современный ремонт. Подойдёт для розничной небольшой торговой точки или кофейни. Преимущества: — Прямой договор с собственником — без комиссий и",2026-09-29T21:11:53.105Z,55.830376,49.121712,"Россия, Республика Татарстан (Татарстан), Казань, улица Мусина, 61В",house
7928052933,Аренда морского контейнера под склад,5990,5 990 ₽ в месяц,₽,₽/мес.,,"Ул. Аделя Кутуя, 163, Горки, 11–15 мин.",https://www.avito.ru/kazan/kommercheskaya_nedvizhimost/arenda_morskogo_konteynera_pod_sklad_7928052933,1 неделю назад,Александр,"Доброго времени суток! Мы занимаемся сдачей складских помещений в виде морских контейнеров в аренду в г. Казань. Наши преимущества: ~ Контейнеры расположены на наших охраняемых базах в удобных локациях в различных частях города, одна из площадок по адресу: ул. Аделя Кутуя 163. ~ Размеры контейнеров:",2026-09-29T21:11:53.105Z,55.768233,49.189957,"Россия, Республика Татарстан (Татарстан), Казань, улица Аделя Кутуя, 163",house
8023489263,"Склад, 5583 м². Казань",10000,10 000 ₽ в месяц,₽,₽/мес.,5583,"Д. Макаровка, Берёзовая ул., 10А",https://www.avito.ru/kazan/kommercheskaya_nedvizhimost/sklad_5583_m._kazan_8023489263,2 недели назад,Комус,"Склад класса «А» 5 600 м² в ЛП «Биек Тау» — Казань, трасса М-7. Тпо «Комус» предлагает в субаренду современный складской блок площадью 5 600 м² в одном из крупнейших логистических парков Казани — «Биек Тау». Это оптимальное решение для федеральных операторов, дистрибьюторов, производственных компани",2026-09-29T21:11:53.105Z,55.918726,49.118937,"Россия, Республика Татарстан (Татарстан), Высокогорский район, Семиозерское сельское поселение, деревня Макаровка, Берёзовая улица, 10А",house
8306736485,"Угловой павильон 17 м², трафик 2 300 чел./час",51000,51 000 ₽ в месяц,₽,₽/мес.,17,"Ул. Николая Ершова, 1В, Суконная слобода, 21–30 мин.",https://www.avito.ru/kazan/kommercheskaya_nedvizhimost/uglovoy_pavilon_17_m_trafik_2_300_chel.chas_8306736485,Вчера,"ООО ""Фестрал""",Угловой торговый павильон 17 м² в подземном переходе у Трк «Корстон» и парка им. Горького — точка с максимальным пешеходным потоком в центре Казани. Почему это выгодная локация: — Пешеходный трафик — более 2 300 человек в час: стабильный поток потенциальных покупателей без затрат на рекламу. — Углов,2026-09-29T21:11:53.105Z,55.792979,49.15186,"Россия, Республика Татарстан (Татарстан), Казань, улица Николая Ершова, 1В",house
7340860349,"Свободного назначения71м2,офис,торговая площадь",120000,120 000 ₽ в месяц,₽,₽/мес.,,"Ул. Липатова, 4, р-н Советский",https://www.avito.ru/kazan/kommercheskaya_nedvizhimost/svobodnogo_naznacheniya71m2ofistorgovaya_ploschad_7340860349,7 дней назад,Вероника Карпова,"Собственник! Сдается помещение свободного назначения в жилом доме на 1 этаже. 1 линия от дороги! Помещение находится на громадном трафике, т. К. В 10 метрах единственный подземный переход через ж/д пути. Утром и вечером все работники близлежащих заводов (а их более 5) проходят мимо нас. А также рядо",2026-09-29T21:11:53.105Z,55.872526,49.224462,"Россия, Республика Татарстан (Татарстан), Казань, улица Липатова, 4",house
7964849939,"Офис, 18 м² в новом здании",14400,14 400 ₽ в месяц,₽,₽/мес.,18,"1-я Владимирская ул., 110Е, р-н Советский",https://www.avito.ru/kazan/kommercheskaya_nedvizhimost/ofis_18_m_v_novom_zdanii_7964849939,3 недели назад,Аренда «Vagapov Business Park»,"Предлагаем в аренду офисные помещения с панорамным остеклением в Новом двухэтажном здании, расположенном по адресу: г. Казань, ул. 1-ая Владимирская, д.106 В, на первой линии. В наличии кабинеты площадью от 18 кв. М. Общая площадь всех кабинетов 700 кв. М. Все офисные помещения в чистовой отделке, у",2026-09-29T21:11:56.113Z,55.82534,49.201132,"Россия, Республика Татарстан (Татарстан), Казань, 1-я Владимирская улица, 110Е",house
8361034766,"Офис 1 884,6 м²",800,800 ₽ в месяц за м²,₽,₽/мес. за м²,884.6,"Горьковское ш., 47, р-н Кировский",https://www.avito.ru/kazan/kommercheskaya_nedvizhimost/ofis_1_8846_m_8361034766,7 дней назад,Адель,"Сдаются в аренду свободные 3-й и 4-й этажи административно-офисного здания по адресу: г. Казань, Горьковское шоссе, д. 47. Общая площадь предлагаемых помещений составляет 1 884,6 м²: 3-й этаж — 941,1 м², 4-й этаж — 943,5 м². Оба этажа представляют собой преимущественно просторные открытые площади св",2026-09-29T21:11:56.113Z,55.826352,49.026203,"Россия, Республика Татарстан (Татарстан), Казань, улица Горьковское Шоссе, 47",house
8318834536,"Офис, 97 м²",180000,180 000 ₽ в месяц,₽,₽/мес.,97,"Пр-т Ямашева, 45А, Козья Слобода, 21–30 мин.",https://www.avito.ru/kazan/kommercheskaya_nedvizhimost/ofis_97_m_8318834536,7 дней назад,,Openspace помещение в бизнес-центре Парус на 11 этаже.,2026-09-29T21:11:56.113Z,55.826347,49.119871,"Россия, Республика Татарстан (Татарстан), Казань, проспект Ямашева, 45А",house
8075960166,Фитнес -зал 91 м²,80000,80 000 ₽ в месяц,₽,₽/мес.,91,"Ягодинская ул., 25, Козья Слобода, 16–20 мин.",https://www.avito.ru/kazan/kommercheskaya_nedvizhimost/fitnes_-zal_91_m_8075960166,3 дня назад,Мегаполис,"Уважаемые арендаторы! Вашему вниманию, для сдачи в аренду представляю шикарное помещение свободного назнчения Можно использовать: под офис, под танцы, под Пвз и т. Д. Есть свой санузел и душевая. Большая парковка около дома.",2026-09-29T21:11:56.113Z,55.814436,49.077165,"Россия, Республика Татарстан (Татарстан), Казань, Ягодинская улица, 25",house
7971133746,"Свободного назначения, 47 м²",45000,45 000 ₽ в месяц с НДС,₽,₽/мес.,47,"Д. Куюки, 11-й квартал, 64",https://www.avito.ru/kazan/kommercheskaya_nedvizhimost/svobodnogo_naznacheniya_47_m_7971133746,2 недели назад,"Сеть магазинов ""Верный""",Федеральная торговая сеть «Верный» предлагает в субаренду торговую площадь 47 кв. М. Высокий пешеходный трафик. Чистовая отделка. Готовы рассмотреть любые сферы деятельности не пересекающиеся по ассортименту с магазином Верный. Фрукты/овощи и сухофрукты не рассматриваем. Мощность в помещении 7 квт. ,2026-09-29T21:11:56.113Z,55.709322,49.341144,"Россия, Республика Татарстан (Татарстан), Пестречинский район, Богородское сельское поселение, деревня Куюки, 11-й квартал, 64",house
8393183486,Новые офисы и производственно-складские помещения в Приволжском районе,140000,140 000 ₽ в месяц,₽,₽/мес.,187,"Турбинная ул., 7, р-н Приволжский",https://www.avito.ru/kazan/kommercheskaya_nedvizhimost/novye_ofisy_i_proizvodstvenno-skladskie_pomescheniya_v_privolzhskom_rayone_8393183486,7 дней назад,"АН ""Диалог""","Номер объекта: 543269. Предложение от собственника! Предлагаем в аренду новые теплые, просторные производственно-складские помещения по адресу: г. Казань, Приволжский р-н, ул. Турбинная. Теплые склады 187 кв. М., 300 кв. М., 220 кв. М. (со своим санузлом). Аренда 750 руб. За кв. М. Также рядом сдаем",2026-09-29T21:11:56.113Z,55.748473,49.11201,"Россия, Республика Татарстан (Татарстан), Казань, Турбинная улица, 7",house
8362110758,"Торговая площадь, 55 м²",90000,90 000 ₽ в месяц,₽,₽/мес.,55,"Ул. Академика Сахарова, 31, р-н Советский",https://www.avito.ru/kazan/kommercheskaya_nedvizhimost/torgovaya_ploschad_55_m_8362110758,1 сентября 18:35,,"Аренда помещения свободного назначения на высоком трафике, идеально подходит под торговлю, косметологию и т. Д., первая линия, отдельный вход, сан. Узел, место для вывески, хороший ремонт, от собственника.",2026-09-29T21:11:56.113Z,55.781985,49.223267,"Россия, Республика Татарстан (Татарстан), Казань, улица Академика Сахарова, 31",house
4779820373,"Офис, 33 м² всё включено",23000,23 000 ₽ в месяц,₽,₽/мес.,33,"Ул. Академика Лаврентьева, 3, Козья Слобода, от 31 мин.",https://www.avito.ru/kazan/kommercheskaya_nedvizhimost/ofis_33_m_vse_vklyucheno_4779820373,2 недели назад,Адель Ирекович,"Напрямую от собственника помещение в аренду. Расположенное на 4 этаже Административного здания. Хорошее месторасположение и удачная развязка. Прямой лифт до этажа. На этаже имеется несколько с\у. В самом здании имеется пассажирский лифт, в собственности, а так же пешая лестница. Помещение на текущий",2026-09-29T21:11:56.113Z,55.831721,49.138286,"Россия, Республика Татарстан (Татарстан), Казань, улица Академика Лаврентьева, 3",house
504392945,"Офис на Родине (юр. адрес), 10 м²",9000,9 000 ₽ в месяц,₽,₽/мес.,10,"Ул. Скрябина, 8Д, Горки, 21–30 мин.",https://www.avito.ru/kazan/kommercheskaya_nedvizhimost/ofis_na_rodine_yur._adres_10_m_504392945,2 недели назад,"ООО ""Питролиум Инвест""","Чистый офис, со свежим ремонтом, в районе ул. Родина. Удобное местоположение: 15 минут пешком до станции метро «Горки», 10 минут до ТЦ «Южный», 1 минута до ост. Скрябина (89 маршрут). Офис 10 м² (на 2 этаже), свежий ремонт. Цена — 900 руб. /м². Также есть другие офисы разной площади. В помещении: — ",2026-09-29T21:11:56.113Z,55.770385,49.203181,"Россия, Республика Татарстан (Татарстан), Казань, улица Скрябина, 8Д",house
7419136707,"Свободного назначения, 40 м²",24000,24 000 ₽ в месяц,₽,₽/мес.,40,"Ул. Мусина, 59В, Козья Слобода, 21–30 мин.",https://www.avito.ru/kazan/kommercheskaya_nedvizhimost/svobodnogo_naznacheniya_40_m_7419136707,7 дней назад,"АН ""ИП Мальцев В.А.""",Предлагаю помещение в Ново Савиновском районе напротив Парк хаус. 1 этаж. 24000+ку залог 24000. Не менее 3 месяцев.,2026-09-29T21:11:56.113Z,55.827929,49.121479,"Россия, Республика Татарстан (Татарстан), Казань, улица Мусина, 59В",house
4595286581,"Офис, 17.52 м²",17520,17 520 ₽ в месяц,₽,₽/мес.,17.52,"Ул. Фрунзе, 3А, Яшьлек, 21–30 мин.",https://www.avito.ru/kazan/kommercheskaya_nedvizhimost/ofis_17.52_m_4595286581,Вчера,Офисные и складские помещения,Oт собственника! Без комиссии! - Предлагаем рассмотреть в аренду офисное помещение на 2-ом этаже. - Здание расположено на первой линии. - Удобное расположение — непосредственная близость от остановки общественного транспорта. - Большое количество Парковочных мест (для арендаторов и посетителей БЦ). ,2026-09-29T21:11:56.113Z,55.824304,49.045697,"Россия, Республика Татарстан (Татарстан), Казань, улица Фрунзе, 3А",house
2559519314,Склад (контейнер) для хранения мебели при ремонте,4500,4 500 ₽ в месяц,₽,₽/мес.,,"Ул. Халитова, 4, р-н Советский",https://www.avito.ru/kazan/kommercheskaya_nedvizhimost/sklad_konteyner_dlya_hraneniya_mebeli_pri_remonte_2559519314,1 неделю назад,Сеть складов индивидуального хранения Мобиус Логистика,> Контейнер на складе Теплом для хранения любых вещей. Без Депозита и иных скрытых платежей! Скидки до 18% при длительном хранении от 3 месяцев. > Склады для частных лиц и организаций. Что Хранят На Наших Складах: Вещи с балкона и кладовки. Шины и колеса. Мебель на время ремонта. Вещи на время перее,2026-09-29T21:11:56.113Z,55.819317,49.186373,"Россия, Республика Татарстан (Татарстан), Казань, улица Халитова, 2",house
3555700624,"Цоколь с большими окнами, с НДС, 185 м²",200000,200 000 ₽ в месяц с НДС,₽,₽/мес.,185,"Ул. Каюма Насыри, 28, Площадь Тукая, 11–15 мин.",https://www.avito.ru/kazan/kommercheskaya_nedvizhimost/tsokol_s_bolshimi_oknami_s_nds_185_m_3555700624,7 дней назад,Недвижимость,"Сдается в аренду помещение с отдельным входом. Высокий цоколь с полноценными окнами. Большой зал правильной прямоугольной формы, малый зал, кабинеты. Высокие потолки, большие окна, кондиционеры, санузел (без принудительного насоса). Имеется мебель. Хороший ремонт. Место для рекламной вывески. Ранее ",2026-09-29T21:11:56.113Z,55.77835,49.118281,"Россия, Республика Татарстан (Татарстан), Казань, улица Каюма Насыри, 28",house
839451895,"Офис, 14.57 м²",15750,15 750 ₽ в месяц,₽,₽/мес.,14.57,"Ул. Маршала Чуйкова, 15Б, Северный вокзал, 21–30 мин.",https://www.avito.ru/kazan/kommercheskaya_nedvizhimost/ofis_14.57_m_839451895,3 недели назад,,"Собственник. Сдам площади под офисы. От 14 до 25 кв. М. Удобные подъездные пути. Телефон. Интернет, видеонаблюдение, кондиционер, охрана. 14,57 кв. М 15750р. Возможно рассмотрение арендных каникул на начальном этапе. За полной информацией звонить по телефону.",2026-09-29T21:11:56.113Z,55.836701,49.114643,"Россия, Республика Татарстан (Татарстан), Казань, улица Маршала Чуйкова, 15Б",house
8384481713,Офис 15квм с мебелью,15000,15 000 ₽ в месяц,₽,₽/мес.,,"Техническая ул., 58, р-н Приволжский",https://www.avito.ru/kazan/kommercheskaya_nedvizhimost/ofis_15kvm_s_mebelyu_8384481713,31 августа 18:28,АЛТАН-Девелопмент,Сдается в аренду офисное помещение 15 квм с мебелью. - интернет. - с/у.,2026-09-29T21:11:56.113Z,55.741298,49.133669,"Россия, Республика Татарстан (Татарстан), Казань, Техническая улица, 58",house
8362755145,"Торговая площадь, 58 м²",60000,60 000 ₽ в месяц,₽,₽/мес.,58,"Ул. Космонавтов, 3, р-н Советский",https://www.avito.ru/kazan/kommercheskaya_nedvizhimost/torgovaya_ploschad_58_m_8362755145,1 сентября 20:00,,"Вытяжка на крышу, аренда помещения свободного назначения на трафике, первая линия, 2 сан. Узла, 2 входа, большое место под вывеску, идеально подходит под пекарню, аптеку, торговлю и т. Д., от собственника. Торговое помещение на остановке, на перекрестке, можно разделить на 2 помещения.",2026-09-29T21:11:56.113Z,55.802042,49.187577,"Россия, Республика Татарстан (Татарстан), Казань, улица Космонавтов, 3",house
8241023060,"Свободного назначения, 178.7м2",625450,625 450 ₽ в месяц,₽,₽/мес.,178.7,"Ул. Бутлерова, 18, Площадь Тукая, 6–10 мин.",https://www.avito.ru/kazan/kommercheskaya_nedvizhimost/svobodnogo_naznacheniya_178.7m2_8241023060,7 дней назад,Benjamin Group,"Предлагаем в аренду уникальное, отдельно стоящее здание: Два этажа. Общей площадью 178,7 м². Высокие потолки. Два места на подземном паркинге и свободная парковка на улице. Возможные направления: офис, салон, галерея, клиника или бутик. Множество окон дарят интерьеру. Воздушность и ощущение простора",2026-09-29T21:11:56.113Z,55.787548,49.130929,"Россия, Республика Татарстан (Татарстан), Казань, улица Бутлерова, 18",house
4109231019,Аренда склада,7148,7 148 ₽ в месяц,₽,₽/мес.,,"Ул. Адоратского, 2Б, Козья Слобода, от 31 мин.",https://www.avito.ru/kazan/kommercheskaya_nedvizhimost/arenda_sklada_4109231019,7 дней назад,«Твой Склад» - центр хранения вещей,"Аренда кладовки 3м2 (7,5м3) для хранения личных, сезонных вещей и бизнес-имущества. Напишите менеджеру прямо сейчас, чтобы забронировать бокс в ближайшее время. Арендуй кладовку, цена зависит от размера. Хотите убедиться в надежности и качестве кладовок хранения? Посетите любую из наших кладовок, в ",2026-09-29T21:11:56.113Z,55.82088,49.149542,"Россия, Республика Татарстан (Татарстан), Казань, улица Адоратского, 2Б",house
7665482911,"Помещение под склад, 2299 м²",800,800 ₽ в месяц за м² с НДС,₽,₽/мес. за м²,2299,"2-я Тихорецкая ул., 39, р-н Приволжский",https://www.avito.ru/kazan/kommercheskaya_nedvizhimost/pomeschenie_pod_sklad_2299_m_7665482911,1 неделю назад,"УК ""ЭнергоИнвестКапитал""",Аренда складского помещения с пандусом в Казани. Ищете просторное складское помещение с удобной логистикой? Предлагаем в аренду склад площадью 2 300 м² — оптимальное решение для размещения склада вашей компании. Основные характеристики. — Общая площадь: 2 300 м². Возможна. Аренда частями — гибкие ва,2026-09-29T21:11:56.113Z,55.729549,49.123383,"Россия, Республика Татарстан (Татарстан), Казань, 2-я Тихорецкая улица, 39",house
8253697536,Аренда помещения свободного назначения 299м2,1950,1 950 ₽ в месяц за м²,₽,₽/мес. за м²,,"Пр-т Победы, 35, Проспект Победы, до 5 мин.",https://www.avito.ru/kazan/kommercheskaya_nedvizhimost/arenda_pomescheniya_svobodnogo_naznacheniya_299m2_8253697536,7 дней назад,,"Аренда (пр. Победы, д.35). Помещение расположено в центре Приволжского района гор. Казани (на пересечении проспекта Победы и улицы Р. Зорге). О помещении: на 1-ой линии рядом со станцией Метро «Проспект Победы» (в 3-х мин. Ходьбы); помещение кирпичное; общая площадь — 490,8 м2 (основной зал-234,9м2,",2026-09-29T21:11:56.113Z,55.75283,49.211176,"Россия, Республика Татарстан (Татарстан), Казань, проспект Победы, 35",house
8323777960,Помещение 136.9 м² с отдельным входом,143745,143 745 ₽ в месяц с НДС,₽,₽/мес.,136.9,"Ул. Михаила Миля, 63Б, Авиастроительная, от 31 мин.",https://www.avito.ru/kazan/kommercheskaya_nedvizhimost/pomeschenie_136.9_m_s_otdelnym_vhodom_8323777960,1 неделю назад,АРЕНДАKZN,"Помещение свободного назначения 136,9 м² | 1 этаж | Отдельный вход. Казань, ул. Михаила Миля, 63Б, БЦ «Миля». 143 745 руб. /мес., Ндс включён. Отдельный вход с улицы. Витражные окна. Собственный санузел. Чистовая отделка. Место для вывески. Бесплатная парковка. Прямая аренда от собственника, без ком",2026-09-29T21:11:56.113Z,55.853284,49.130336,"Россия, Республика Татарстан (Татарстан), Казань, улица Михаила Миля, 63Б",house
8151566942,"Офис-склад, 10-25 м²",750,750 ₽ в месяц с НДС,₽,₽/мес.,25,"Пр-т Ямашева, 36к3, Козья Слобода, 16–20 мин.",https://www.avito.ru/kazan/kommercheskaya_nedvizhimost/ofis-sklad_10-25_m_8151566942,3 недели назад,,"Офис-склад 10 кВ. М. — 25 кВ. М без окна. Предоставляем юридический адрес. Теплое отапливаемое помещение в Бизнес-Центре Паравитта. Первая линия по Ямашева. Есть большая парковка. Доступ в здание с 6:00 до 21:00, без выходных. Помещение подходит под офис, под склад, как массажный кабинет, для наращи",2026-09-29T21:11:56.113Z,55.827818,49.103557,"Россия, Республика Татарстан (Татарстан), Казань, проспект Ямашева, 36к3",house
8240857509,Офис,62000,62 000 ₽ в месяц с НДС,₽,₽/мес.,,"Ул. Толбухина, 13, Аметьево, 21–30 мин.",https://www.avito.ru/kazan/kommercheskaya_nedvizhimost/ofis_8240857509,7 дней назад,,"Офис находится в цоколе жилого дома, территория огорожена. Одна машина днём может находиться на свободном месте. Помещение теплое и сухое. Помещение со отдельным входом. Вода холодная если будет желание арендатор может подключить бойлер сам. Коммунальные услуги включены в счёт аренды. Кроме уборки п",2026-09-29T21:11:56.113Z,55.78075,49.170033,"Россия, Республика Татарстан (Татарстан), Казань, улица Толбухина, 13",house
7892213117,Офис,110000,110 000 ₽ в месяц,₽,₽/мес.,97.7,"Ул. Чингиза Айтматова, 13к2, Проспект Победы, от 31 мин.",https://www.avito.ru/kazan/kommercheskaya_nedvizhimost/ofis_7892213117,1 неделю назад,АН Интер,"Сдаётся отличное помещение в Жилом Комплексе «Молодежный», по улице Чингиза Айтматова д.13 площадью 97.7 кв. М. На первом этаже. Первая линия! Со стороны входа (внешней стороны здания) к помещению ведёт лестница, есть возможность сделать выход в сторону двора, рядом с подъездом. Рядом со входим есть",2026-09-29T21:11:56.113Z,55.767357,49.237173,"Россия, Республика Татарстан (Татарстан), Казань, улица Чингиза Айтматова, 13к2",house
8288788157,"Офис, салон красоты, маникюр",55000,55 000 ₽ в месяц,₽,₽/мес.,,"Ул. Юлиуса Фучика, 82, Проспект Победы, 21–30 мин.",https://www.avito.ru/kazan/kommercheskaya_nedvizhimost/ofis_salon_krasoty_manikyur_8288788157,7 дней назад,ИП Бочарова С.Ю.,"Сдаю, а аренду помещение площадью 55 кв м по ул Ю. Фучика д 82, советский район г. Казани. Представитель собственника-без комиссии! Помещение состоит из 3 комнат и холла, в каждой комнате есть мокрая точка есть два кондиционера, в соседнем помещении Пвз Озон. Отличное место для развития бизнеса, пом",2026-09-29T21:11:56.113Z,55.760155,49.234271,"Россия, Республика Татарстан (Татарстан), Казань, улица Юлиуса Фучика, 82",house
8349346028,"Свободного назначения, 500 м²",840,840 ₽ в месяц за м² с НДС,₽,₽/мес. за м²,500,"Лево-Булачная ул., 30, Кремлёвская, 6–10 мин.",https://www.avito.ru/kazan/kommercheskaya_nedvizhimost/svobodnogo_naznacheniya_500_m_8349346028,3 дня назад,Управляющая компания,"Офис 500 м² (блоки 180 и 320 м²). Сдается в прямую аренду стильный, залитый светом мансардный этаж площадью 500 кв. М в престижной локации Казани. Доступная ставка — 800 руб. /кв. М. + Ндс 5% Без комиссии для арендатора! Превосходный вариант для IT-компании, бэк-офиса, проектного института, коворкин",2026-09-29T21:11:56.113Z,55.79062,49.108112,"Россия, Республика Татарстан (Татарстан), Казань, Лево-Булачная улица, 30",house
8263622004,"Помещение в ТК Лента, 550 м² Казань (ТК220)",500,500 ₽ в месяц за м²,₽,₽/мес. за м²,550,"Ул. Копылова, 1Б, Северный вокзал, 6–10 мин.",https://www.avito.ru/kazan/kommercheskaya_nedvizhimost/pomeschenie_v_tk_lenta_550_m_kazan_tk220_8263622004,7 дней назад,"ООО ""Лента""","Сдается в аренду помещение 550м² в гипермаркете «Лента». Идеальное пространство для вашего бизнеса с высоким трафиком покупателей! Основныe xapaктеристики: - Расположено рядом с проходом к кассам торгового комплекса, обеспечивая максимальный поток клиентов. - Помещение свободно, готово к работе. При",2026-09-29T21:11:56.113Z,55.846103,49.082582,"Россия, Республика Татарстан (Татарстан), Казань, улица Копылова, 1Б",house
8426486087,"Офис, склад, студия в историческом центре Казани",57600,57 600 ₽ в месяц,₽,₽/мес.,30,"Ул. Габдуллы Тукая, 112, Площадь Тукая, 21–30 мин.",https://www.avito.ru/kazan/kommercheskaya_nedvizhimost/ofis_sklad_studiya_v_istoricheskom_tsentre_kazani_8426486087,Вчера,УК Гео,"Сдам помещение в историческом центре Казани (ул. Тукая, 112). Ваши преимущества: — Подвальный этаж с высокими потолками и двумя отдельными входами. — Доступ к помещению. — Приточно-принудительная вентиляция и Опс. — Возможность аренды от 15 до 30 м², а также увеличение площади до 74 м² под отдельный",2026-09-29T21:11:56.113Z,55.772917,49.119709,"Россия, Республика Татарстан (Татарстан), Казань, улица Габдуллы Тукая, 112",house
1005719142,"Офис, 10 м²",1500,1 500 ₽ в месяц за м²,₽,₽/мес. за м²,10,"Ул. Мазита Гафури, Площадь Тукая, 21–30 мин.",https://www.avito.ru/kazan/kommercheskaya_nedvizhimost/ofis_10_m_1005719142,2 недели назад,ALFA-NED,"Сдаются офисы в центре города, разных площадей. Отдельный вход, напротив парковочные места. Можем предоставить юридический адрес! В каждом кабинете есть подвод воды (раковина). Есть кабинеты с окнами и без. Площади разные. Рядом ул: Татарстана Площадь Тукая Пушкина Зайцева Портовая Вахитовский район",2026-09-29T21:11:56.114Z,55.785766,49.124659,"Россия, Республика Татарстан (Татарстан), Казань, Центральная линия, метро Площадь Габдуллы Тукая",metro
8056382345,"Помещение свободного назначения, офис, 83 м²",49000,49 000 ₽ в месяц,₽,₽/мес.,83,"Ул. Мулланура Вахитова, 8, Козья Слобода, 6–10 мин.",https://www.avito.ru/kazan/kommercheskaya_nedvizhimost/pomeschenie_svobodnogo_naznacheniya_ofis_83_m_8056382345,Вчера,"Девелоперская компания ""АСК Недвижимость""","Предложение от Собственника! Отдельный вход. Одно окно на улицу, второе во двор. Хороший ремонт. Свой санузел. Светлое и теплое помещение. Большая парковка. Меблированный. Удобное месторасположение, развитая инфраструктура. Остановка общественного транспорта в шаговой доступности. По запросу могу вы",2026-09-29T21:12:13.706Z,55.814345,49.088214,"Россия, Республика Татарстан (Татарстан), Казань, улица Мулланура Вахитова, 8",house
8352510290,"Помещение свободного назначения 100 м² (цоколь), у",125000,125 000 ₽ в месяц,₽,₽/мес.,100,"Ул. Пушкина, 10, Площадь Тукая, до 5 мин.",https://www.avito.ru/kazan/kommercheskaya_nedvizhimost/pomeschenie_svobodnogo_naznacheniya_100_m_tsokol_u_8352510290,7 дней назад,Екатерина,"Сдается готовое коммерческое помещение 100 кв. М в самом центре Казани на ул. Пушкина, 10. Пространство с аккуратным ремонтом, полностью готово к въезду и работе без паузы на переобустройство. Отлично подойдет под цветочный салон/студию флористики, шоурум, фото-/видеостудию, творческую мастерскую, б",2026-09-29T21:11:56.114Z,55.788814,49.12447,"Россия, Республика Татарстан (Татарстан), Казань, улица Пушкина, 10",house
1789066692,Юридический адрес,5720,5 720 ₽ в месяц,₽,₽/мес.,,"Ул. Декабристов, 85Б, Козья Слобода, 6–10 мин.",https://www.avito.ru/kazan/kommercheskaya_nedvizhimost/yuridicheskiy_adres_1789066692,7 дней назад,Loft Offices,"Офис (юридический адрес). Предоставляем юридические адреса от собственника под ключ в Московском, Вахитовском, Советском, Ново-Савиновском районах г. Казани. Преимущества приобретения адреса у нас: -более 20 лет на рынке коммерческой недвижимости; - гарантируем регистрацию с первого раза; -знание ос",2026-09-29T21:11:56.114Z,55.819434,49.091475,"Россия, Республика Татарстан (Татарстан), Казань, улица Декабристов, 85Б",house
8023868517,"Помещение с панорамным остеклением в 21 век, 146м2",1100,1 100 ₽ в месяц за м²,₽,₽/мес. за м²,,"Пр-т Альберта Камалеева, 34Б, Горки, от 31 мин.",https://www.avito.ru/kazan/kommercheskaya_nedvizhimost/pomeschenie_s_panoramnym_ostekleniem_v_21_vek_146m2_8023868517,2 недели назад,,"Сдается в аренду торговое помещение в ЖК «21 век», по адресу Альберта Камалеева 34б. Площадь 146,6м2. Ставка аренды 1100 руб/м2. Итого 161,26 тыс/мес +коммунальные платежи сверху. Первый этаж. Отдельный вход с первой линии. Панорамное остекление. Выделенная мощность 6,5 квт. Опен-спейс с несущими ко",2026-09-29T21:12:13.706Z,55.783013,49.19462,"Россия, Республика Татарстан (Татарстан), Казань, проспект Альберта Камалеева, 34Б",house
517842834,"Склад, 161.1 м²",144990,144 990 ₽ в месяц с НДС,₽,₽/мес.,161.1,"Ул. Фатыха Амирхана, 50к3, Авиастроительная, от 31 мин.",https://www.avito.ru/kazan/kommercheskaya_nedvizhimost/sklad_161.1_m_517842834,7 дней назад,,"Сдается теплый склад класса В 161,1 кв. М. На территории охраняемого складского комплекса Ринго (помещение №1 на плане здания). Высота потолков 7м, полы антипыль, ворота секционные, отопление пиллетное. Охрана 24/7, комплекс оборудован видеонаблюдением. Арендная ставка 900 р/кв. М. Дополнительно име",2026-09-29T21:12:13.706Z,55.847482,49.13905,"Россия, Республика Татарстан (Татарстан), Казань, улица Фатыха Амирхана, 50к3",house
8421662296,14 м² мокрая точка витринное остекление,42000,42 000 ₽ в месяц,₽,₽/мес.,14,"Ул. Николая Ершова, 1В, Суконная слобода, 21–30 мин.",https://www.avito.ru/kazan/kommercheskaya_nedvizhimost/14_m_mokraya_tochka_vitrinnoe_osteklenie_8421662296,Вчера,"ООО ""Фестрал""","Павильон находится непосредственно на маршруте пешеходного потока. Через переход проходит до 2 073 человек в час. Переход соединяет ТЦ «Корстон», парк Горького и ул. Вишневского. Поток формируют посетители ТЦ и парка, жители района, сотрудники ближайших организаций и студенты. Характеристики: площад",2026-09-29T21:12:13.706Z,55.792979,49.15186,"Россия, Республика Татарстан (Татарстан), Казань, улица Николая Ершова, 1В",house
2257484385,"Офис, 49.4 м²",98800,98 800 ₽ в месяц с НДС,₽,₽/мес.,49.4,"Ул. Баумана, 82, Площадь Тукая, до 5 мин.",https://www.avito.ru/kazan/kommercheskaya_nedvizhimost/ofis_49.4_m_2257484385,1 неделю назад,"ТДЦ ""Свита Холл"" - ООО Велес","Тдц «Свита Холл» расположен на улице Баумана — это центральная пешеходная улица города Казани, которая пользуется огромной популярностью среди туристов и местных жителей, что обеспечивает хорошую проходимость. Рядом с Тдц расположена станция метро «Площадь Тукая». Торговый комплекс работает без выхо",2026-09-29T21:12:13.706Z,55.787437,49.120482,"Россия, Республика Татарстан (Татарстан), Казань, улица Баумана, 82",house
4124117027,"Свободного назначения, 30 м²",30000,30 000 ₽ в месяц,₽,₽/мес.,30,"Ул. Симонова, 16, Авиастроительная, 11–15 мин.",https://www.avito.ru/kazan/kommercheskaya_nedvizhimost/svobodnogo_naznacheniya_30_m_4124117027,2 недели назад,"АН ""ИП Мальцев В.А.""",Сдаю в аренду помещение в Авиастроительном районе. Вход отдельный с стороны улицы. Есть санузел. Цена 30000 +ку залог 30000.,2026-09-29T21:12:13.706Z,55.866617,49.084387,"Россия, Республика Татарстан (Татарстан), Казань, улица Симонова, 16",house
8294710904,"Офис класса А 226,2 м² в БЦ ""Кремлевская Плаза""",2000,2 000 ₽ в месяц за м²,₽,₽/мес. за м²,226.2,"Московская ул., 19/8, Кремлёвская, 6–10 мин.",https://www.avito.ru/kazan/kommercheskaya_nedvizhimost/ofis_klassa_a_2262_m_v_bts_kremlevskaya_plaza_8294710904,Вчера,Управляющая компания,"Офис премиум-класса 226,2 м² в БЦ «Кремлевская Плаза». Сдается в прямую аренду представительский офис площадью 226,2 кв. М в самом сердце исторического и делового центра Казани! Идеальное готовое решение для крупной IT-компании, федерального представительства, престижного адвокатского бюро, страхово",2026-09-29T21:12:13.706Z,55.791562,49.105183,"Россия, Республика Татарстан (Татарстан), Казань, Московская улица, 19/8",house
7205982625,"Свободного назначения, 100 м²",220000,220 000 ₽ в месяц,₽,₽/мес.,100,"2-я Тихорецкая ул., 10, р-н Приволжский",https://www.avito.ru/kazan/kommercheskaya_nedvizhimost/svobodnogo_naznacheniya_100_m_7205982625,7 дней назад,МИР СПЕЦТЕХНИКИ,"Даётся помещение свободного назначения (до 100 м²) на 1-й линии, Вторая Тихорецкая, 10. Адрес: ул. Вторая Тихорецкая, 10 (первая линия, отличная проходимость). Ремонт: свежий, чистовая отделка, теплые полы. Коммуникации: «мокрая точка» (подведена вода и канализация), электричество по нормам. Площадь",2026-09-29T21:12:13.706Z,55.731232,49.122242,"Россия, Республика Татарстан (Татарстан), Казань, 2-я Тихорецкая улица, 10",house
8389313729,1-этажный пристрой 86 м²,90000,90 000 ₽ в месяц,₽,₽/мес.,86,"Ул. Химиков, 25, р-н Московский",https://www.avito.ru/kazan/kommercheskaya_nedvizhimost/1-etazhnyy_pristroy_86_m_8389313729,15 часов назад,АН Наше Время,"Сдаётся помещение свободного назначения 86 кв. М на 1‑й линии с участком под загрузку и хранение. Это отдельный 1 этажный пристрой к жилому дому. 86 кв. М, Большой светлый зал с окнами на улицу + подсобные помещения. 3 «мокрые точки», санузел. 3 входа, отдельный огороженный участок 2 сотки с воротам",2026-09-29T21:12:13.706Z,55.868743,49.016026,"Россия, Республика Татарстан (Татарстан), Казань, улица Химиков, 25",house
7861362383,"Склад, 500 м²",135000,135 000 ₽ в месяц,₽,₽/мес.,500,"Революционная ул., 82, р-н Кировский",https://www.avito.ru/kazan/kommercheskaya_nedvizhimost/sklad_500_m_7861362383,3 дня назад,Раиль,"От Собственника на длительный срок сдаётся сухой склад 500кв. М. Без отопления, полы бетонные. Имеется пандус, видеонаблюдение, круглосуточная охрана. Электричество 380В, 12квт, увеличить мощность нет возможности. Воды нет.",2026-09-29T21:12:13.706Z,55.81779,48.920328,"Россия, Республика Татарстан (Татарстан), Казань, Революционная улица, 82",house
7902426475,"Свободного назначения, 131.2 м²",800,800 ₽ в месяц за м²,₽,₽/мес. за м²,131.2,"Тэцевская ул., 4Б, Авиастроительная, 16–20 мин.",https://www.avito.ru/kazan/kommercheskaya_nedvizhimost/svobodnogo_naznacheniya_131.2_m_7902426475,7 дней назад,,"Сдаем в аренду торговое помещение в густонаселенном жилом комплексе «Острова». Отличное помещение, практически вся площадь может быть использована как торговая, выделен только санузел. Отдельный вход. Сделана входная группа. Большие, витражные окна. Над входом есть место под вывеску. Высота потолков",2026-09-29T21:12:13.706Z,55.850403,49.065963,"Россия, Республика Татарстан (Татарстан), Казань, Тэцевская улица, 4Б",house
7584557744,Склад класса А м²,25920,25 920 ₽ в месяц за м²,₽,₽/мес. за м²,25920,"СНТ Ромашка, 131",https://www.avito.ru/kazan/kommercheskaya_nedvizhimost/sklad_klassa_a_m_7584557744,Вчера,IBC,Захватите лидерство в логистике! Уникальный современный склад Класса А в Казани — 25920 м². Ваш бизнес заслуживает лучшего! Почему Этот склад — ваш идеальный актив: Элита Класса А — эталонный стандарт! Площадь: 25920 м² — масштабируйте операции без ограничений! Транспортная доступность — рядом ключе,2026-09-29T21:12:13.706Z,55.705483,49.232897,"Россия, Республика Татарстан (Татарстан), Казань, СНТ Ромашка, 131",house
8331298504,"Свободного назначения, 66.75 м²",80000,80 000 ₽ в месяц,₽,₽/мес.,66.75,"Ул. Хасана Туфана, 33, Северный вокзал, 11–15 мин.",https://www.avito.ru/kazan/kommercheskaya_nedvizhimost/svobodnogo_naznacheniya_66.75_m_8331298504,Вчера,«Дом на Туфана»,"Аренда коммерческого помещения в клубном доме бизнес-класса «Дом на Туфана». Сдается в аренду помещение свободного назначения в новом клубном доме бизнес-класса «Дом на Туфана» (Московский район). Идеальная локация для запуска прибыльного бизнеса: вы получаете не просто стены, а готовый поток платеж",2026-09-29T21:12:13.706Z,55.840209,49.068873,"Россия, Республика Татарстан (Татарстан), Казань, улица Хасана Туфана, 33",house
8415375509,"Аренда 188 кв.м. на Беломорской,69Ак1",700,700 ₽ в месяц за м²,₽,₽/мес. за м²,188,"Беломорская ул., 69Ак1, Авиастроительная, от 31 мин.",https://www.avito.ru/kazan/kommercheskaya_nedvizhimost/arenda_188_kv.m._na_belomorskoy69ak1_8415375509,1 сентября 14:12,МеГаРус-М,"Сдается кoммepческое помещение cвобoдногo нaзнaчeния по адресу: ул. Беломорская,69Ак1 co слeдующими xapактepиcтикaми: - пeрвый этaж помещения; - отдельно стоящее здание; - отдельный вход; - площадь пoмещeния: 188 кв. М. ; - выcотa потoлкoв 5 метpов; - наличие всех коммуникаций. Территория: - благоус",2026-09-29T21:12:13.706Z,55.865657,49.029285,"Россия, Республика Татарстан (Татарстан), Казань, Беломорская улица, 69Ак1",house
8405975035,Помещение свободного назначения 198 кв.м,198000,198 000 ₽ в месяц,₽,₽/мес.,,"Кировский район, Шоссейная ул., 57, Козья Слобода, 16–20 мин.",https://www.avito.ru/kazan/kommercheskaya_nedvizhimost/pomeschenie_svobodnogo_naznacheniya_198_kv.m_8405975035,7 дней назад,Коммерческие Решения,"Агентство коммерческой недвижимости «Коммерческие Решения» предлагает в аренду помещение свободного назначения. Адрес: г. Казань, ул. Шоссейная 57, ЖК Атлантис. Преимущество объекта: Первая линия. Якорный сосед. Место под вывеску. Удобные подъездные пути. Доступ 24/7. Парковка. Характеристика объект",2026-09-29T21:12:13.706Z,55.807754,49.089607,"Россия, Республика Татарстан (Татарстан), Казань, Кировский район, Шоссейная улица, 57",house
8240107460,"Офис, антресоль и склад 230 м² с разгрузкой",287500,287 500 ₽ в месяц,₽,₽/мес.,230,"Ул. Журналистов, 2А, р-н Советский",https://www.avito.ru/kazan/kommercheskaya_nedvizhimost/ofis_antresol_i_sklad_230_m_s_razgruzkoy_8240107460,7 дней назад,МЕТРИКА ДЕВЕЛОПМЕНТ,"230 м² | Потолки 5 м | До 150 квт | Антресоль и офисы | Отдельный выход во двор | Зона погрузки для грузовых. Сдаю от собственника помещение площадью 230 м² в бизнес-центре на ул. Журналистов, 2А, Казань. Без комиссии. Блок после банка объединяет просторный основной зал, антресоль, офисные помещения",2026-09-29T21:12:13.706Z,55.806429,49.191493,"Россия, Республика Татарстан (Татарстан), Казань, улица Журналистов, 2А",house
7931373685,"Офис с парковкой, 388.5 м²",1800,1 800 ₽ в месяц за м²,₽,₽/мес. за м²,388.5,"Ул. Баумана, 44/8, Кремлёвская, 6–10 мин.",https://www.avito.ru/kazan/kommercheskaya_nedvizhimost/ofis_s_parkovkoy_388.5_m_7931373685,3 недели назад,ЦДБ РОДИНА,"Собственник сдacт в aренду офисное помещение площaдью 388,5 кв. М. В Цeнтре Досуга и Бизнeca «Poдина», рaспoложeнный в центpe Казани («Кaзанский Аpбат»), в 100 метрaх oт улицы Taтapcтaн. Удобнoe paспoложeние позволяeт лeгко добраться до Цдб «Родиhа» на любoм виде тpанспоpтa. В нeпосредственной близо",2026-09-29T21:12:13.706Z,55.79144,49.112172,"Россия, Республика Татарстан (Татарстан), Казань, улица Баумана, 44/8",house
7818131365,Свободного назначения от 100 до 1200 м²,300,300 ₽ в месяц за м² с НДС,₽,₽/мес. за м²,1200,"Химическая ул., 21, р-н Московский",https://www.avito.ru/kazan/kommercheskaya_nedvizhimost/svobodnogo_naznacheniya_ot_100_do_1200_m_7818131365,1 неделю назад,ТЕ][НОПАРК,"Сдаются в аренду холодные и отапливаемые помещения (склады) свободного назначения. Большие транспортные ворота, удобные подъездные пути. Электрическая мощность от 30 квт, с возможностью увеличения до 150 квт. База круглосуточно охраняется (Чоп), пропускная система, шлагбаум, автоматическая фиксация ",2026-09-29T21:12:13.706Z,55.879763,49.000449,"Россия, Республика Татарстан (Татарстан), Казань, Химическая улица, 21",house
8276941250,Офис,358000,358 000 ₽ в месяц,₽,₽/мес.,239,"Ботаническая ул., 10А, Суконная слобода, 11–15 мин.",https://www.avito.ru/kazan/kommercheskaya_nedvizhimost/ofis_8276941250,1 неделю назад,,"Сдам готовое офисное помещение 239 м² в центре Казани. Казань, ул. Ботаническая, 10А. В аренду предлагается полностью готовое к работе помещение площадью 239 м² с качественным ремонтом, мебелью и продуманной планировкой. Можно заехать и начать работать без существенных дополнительных вложений. Что е",2026-09-29T21:12:13.706Z,55.768107,49.136651,"Россия, Республика Татарстан (Татарстан), Казань, Ботаническая улица, 10А",house
7832985732,"Свободного назначения, 11 м²",19500,19 500 ₽ в месяц с НДС,₽,₽/мес.,11,"Ул. Чернышевского, 17, Кремлёвская, до 5 мин.",https://www.avito.ru/kazan/kommercheskaya_nedvizhimost/svobodnogo_naznacheniya_11_m_7832985732,1 неделю назад,,"Помещение 11 кв. М. Находится на 2 э. Таже в Бизнес-центре. Под бьюти услуги, агентство, офис, парикмахерскую, косметолог, маникюр, массажный кабинет, тату-кабинет и т. Д. Имеется 1 окно, мокрая точка, кондиционер, пол плитка, стены светлого цвета, потолок армстронг.",2026-09-29T21:12:13.706Z,55.792321,49.10989,"Россия, Республика Татарстан (Татарстан), Казань, улица Чернышевского, 17",house
8129061179,"Свободного назначения, 21.4 м²",20000,20 000 ₽ в месяц,₽,₽/мес.,21.4,"Пр-т Победы, 33, Проспект Победы, до 5 мин.",https://www.avito.ru/kazan/kommercheskaya_nedvizhimost/svobodnogo_naznacheniya_21.4_m_8129061179,1 неделю назад,Екатерина,Собственник. Заехать можно с 1.10. Рабочее время с 9 до 21.00 без задержек. Далее сдается под охрану. Цоколь. Оплата ку по счетчикам. Отопление по кв м. Общий коридор с другими офисами/складами. Туалет на этаже. Есть обеспечительный платеж равный сумме аренды. Остается за оплату последнего месяца. У,2026-09-29T21:12:13.706Z,55.751994,49.209801,"Россия, Республика Татарстан (Татарстан), Казань, проспект Победы, 33",house
8362825420,Офис 18.6 кв.м на Чуйкова,24180,24 180 ₽ в месяц,₽,₽/мес.,,"Ул. Маршала Чуйкова, 58Б, р-н Ново-Савиновский",https://www.avito.ru/kazan/kommercheskaya_nedvizhimost/ofis_18.6_kv.m_na_chuykova_8362825420,1 неделю назад,V-Invest,Сдаются кабинеты в современном БЦ в Ново-Савиновском районе по адресу: Чуйкова 58. - Удобная локация в центре Ново-Савиновского района; - Рядом остановка общественного транспорта Роддом; - Современный бизнес центр; - 2-й этаж; - Санузел на этаже; - Доступ 24/7. - Без комиссии. - Также есть возможнос,2026-09-29T21:12:13.706Z,55.835245,49.149722,"Россия, Республика Татарстан (Татарстан), Казань, улица Маршала Чуйкова, 58Б",house
8272650554,"Казань, проспект Ямашева, 92А, площадь 32 м²",25000,25 000 ₽ в месяц с НДС,₽,₽/мес.,32,"Пр-т Ямашева, 92А, Козья Слобода, от 31 мин.",https://www.avito.ru/kazan/kommercheskaya_nedvizhimost/kazan_prospekt_yamasheva_92a_ploschad_32_m_8272650554,3 недели назад,"Торговая сеть ""Пятёрочка""","Арeндa помeщeния торгового и cвобoдногo нaзначeния в Фeдeральнoй ceти «Пятёpoчка», Площадь 32 кв. М. По адрeсу: Кaзань, ул. Ямашева, д. 92, а. Пoмeщение раcположeно в при кассовой зоне магазина Пятерочка. Интенсивный автомобильный и пешеходный трафик. Пешая доступность от остановки общественного тра",2026-09-29T21:12:13.706Z,55.827621,49.148491,"Россия, Республика Татарстан (Татарстан), Казань, проспект Ямашева, 92А",house
7880457874,"Офис, 30 м²",22000,22 000 ₽ в месяц,₽,₽/мес.,30,"Социалистическая ул., 3, Авиастроительная, до 5 мин.",https://www.avito.ru/kazan/kommercheskaya_nedvizhimost/ofis_30_m_7880457874,3 дня назад,Дарья,"Сдам помещение 30 кВ м! Первый этаж, Социалистическая дом 3, отдельный вход! 30 кв — скидка = 22 000 плюс свет.",2026-09-29T21:12:13.706Z,55.856204,49.081315,"Россия, Республика Татарстан (Татарстан), Казань, Социалистическая улица, 3",house
8232643412,"Свободного назначения, 40 м²",50000,50 000 ₽ в месяц с НДС,₽,₽/мес.,40,"Ул. Академика Губкина, 75, р-н Советский",https://www.avito.ru/kazan/kommercheskaya_nedvizhimost/svobodnogo_naznacheniya_40_m_8232643412,2 недели назад,"""Д-групп""","Сдается в аренду земельный участок площадью 40м2. Расположение земельного участка выделено желтым цветом, павильон будет вывезен. Так же готовы рассотреть строительство павильона на данном земельному участке под ваш бизнес (коомуникации, отопление).",2026-09-29T21:12:13.706Z,55.811584,49.20425,"Россия, Республика Татарстан (Татарстан), Казань, улица Академика Губкина, 75",house
7975002939,"Офис, 30 м²",28500,28 500 ₽ в месяц,₽,₽/мес.,30,"Ул. Сибирский Тракт, 34Вк2, р-н Советский",https://www.avito.ru/kazan/kommercheskaya_nedvizhimost/ofis_30_m_7975002939,7 дней назад,Единая арендная система,"Сдаются офисы от 30 до 200 м². Сибирский тракт, 34В (Советский район). Аренда от собственника — без комиссии. Высота потолков 4 м. Чистовая отделка «под ключ». Своя парковка на 500 мест. Остановка в 2 минутах. Цены: 1 этаж — 1 500 ₽/м². 2–3 этажи — 1 200 ₽/м². 4 этаж — 950 ₽/м². Подходит под офисы, ",2026-09-29T21:12:13.706Z,55.816981,49.183525,"Россия, Республика Татарстан (Татарстан), Казань, улица Сибирский Тракт, 34Вк2",house
3797779974,"Свободного назначения, 45 м²",1000,1 000 ₽ в месяц за м² с НДС,₽,₽/мес. за м²,45,"Советский район, р-н Советский",https://www.avito.ru/kazan/kommercheskaya_nedvizhimost/svobodnogo_naznacheniya_45_m_3797779974,1 неделю назад,"ООО ""УК Основа""",Сдается помещение свободного назначения в торговом зале Нежметдинова 1А. Есть еще меньшее помещение. Арендовал офис продаж. Первые 2 месяца аренда 1000 р за кв м. Далее 2000 р за кв м. Акция только для новых клиентов!,2026-09-29T21:12:13.706Z,55.809241,49.227624,"Россия, Республика Татарстан (Татарстан), Казань, Советский район",district
7772974588,"Офис, 23.9 м²",1250,1 250 ₽ в месяц за м²,₽,₽/мес. за м²,23.9,"Пр-т Ямашева, 33А, Козья Слобода, 16–20 мин.",https://www.avito.ru/kazan/kommercheskaya_nedvizhimost/ofis_23.9_m_7772974588,7 дней назад,"""САМАРТ НЕДВИЖИМОСТЬ""","Предлагаем под офис, аренду помещение площадью 23,9 м, на 5 этаже, два лифта. В наличии разные площади, включая выбор варианта из нескольких кабинетов. Под Бьютт и сетевые маркетинги не сдается. Элегантный интерьер с дизайнерским ремонтом создаст комфортную атмосферу для эффективной работы вашей ком",2026-09-29T21:12:13.706Z,55.826256,49.108444,"Россия, Республика Татарстан (Татарстан), Казань, проспект Ямашева, 33А",house
4647268153,Свободного назначения,1000,1 000 ₽ в месяц,₽,₽/мес.,,"Ул. Химиков, 25, р-н Московский",https://www.avito.ru/kazan/kommercheskaya_nedvizhimost/svobodnogo_naznacheniya_4647268153,1 неделю назад,,"Сдаю торговое помещение. Вода, электричество 40квт, 380, централизованное отопление, два санузла. Есть большой двор для разгрузки и погрузки. Предоставляем Ремонтные каникулы. Сдается без комиссии. Можно установить большие витражные входные Группы. На против находится казанский Авиац. Технич. Коллед",2026-09-29T21:12:13.706Z,55.868743,49.016026,"Россия, Республика Татарстан (Татарстан), Казань, улица Химиков, 25",house
7829352088,Помещение свободного назначения от 70 до 600 кв м,1000,1 000 ₽ в месяц с НДС,₽,₽/мес.,,"Пр-т Победы, 151, р-н Советский",https://www.avito.ru/kazan/kommercheskaya_nedvizhimost/pomeschenie_svobodnogo_naznacheniya_ot_70_do_600_kv_m_7829352088,1 сентября 08:49,"ООО ""УК Основа""",Сдается помещение свободного назначения на первом этаже паркинга ул. Проспект Победы 151. — Первая линия ул. Проспект Победы. — Площадь От 70 до 326. — кв м. — есть возможность присоединить еще 273 кв м с отдельный въездом через ворота. — ранее занимал мотосалон. — арендная ставка 1500 р за кв м С Н,2026-09-29T21:12:13.706Z,55.787827,49.21829,"Россия, Республика Татарстан (Татарстан), Казань, проспект Победы, 151",house
8268051482,Торговая площадь,75000,75 000 ₽ в месяц,₽,₽/мес.,,"Петербургская ул., 9, Площадь Тукая, до 5 мин.",https://www.avito.ru/kazan/kommercheskaya_nedvizhimost/torgovaya_ploschad_8268051482,1 неделю назад,КНК,"Сдается помещение на первом этаже в ТЦ Республика. Панорамное остекление с трех сторон. Две входных группы. Помещение на против Детского Мира, в соседях Озон, магазин 4:20. В ТЦ находится: Кинотеатр, Пятерочка, ресторан и много других брендовых магазинов. Выход в метро станция Площадь Тукая.",2026-09-29T21:12:13.706Z,55.785321,49.126554,"Россия, Республика Татарстан (Татарстан), Казань, Петербургская улица, 9",house
8278017955,"Свободного назначения, 32 м²",35000,35 000 ₽ в месяц с НДС,₽,₽/мес.,32,"Ул. Клары Цеткин, 10, Кремлёвская, от 31 мин.",https://www.avito.ru/kazan/kommercheskaya_nedvizhimost/svobodnogo_naznacheniya_32_m_8278017955,7 дней назад,Вадим,"Сдаётся в аренду торговый павильон на первой линии 32 кв. М. Помещение имеет отдельный вход, отопление, сан. Узел, парковку. Павильон сдается собственником. До объекта можно легко добраться из любого района города, как на общественном транспорте, так и на автомобиле. До делового и туристического цен",2026-09-29T21:12:13.706Z,55.799851,49.064166,"Россия, Республика Татарстан (Татарстан), Казань, улица Клары Цеткин, 10",house
8407778987,Офис с юридический адресом Гарантия регистрации,4500,4 500 ₽ в месяц,₽,₽/мес.,,"Ул. Парижской Коммуны, 6, Площадь Тукая, 6–10 мин.",https://www.avito.ru/kazan/kommercheskaya_nedvizhimost/ofis_s_yuridicheskiy_adresom_garantiya_registratsii_8407778987,7 дней назад,Михаил,Юридический адрес для ООО в Казани. Занимаемся регистрацией и перерегистрацией ООО с 2018 года. Помогаем компаниям сменить юридический адрес и зарегистрировать изменения в Егрюл. Нашими адресами воспользовались более 1300 компаний. Есть адреса во всех районах Казани. Подберем вариант под вашу Ифнс. ,2026-09-29T21:12:13.706Z,55.78443,49.115505,"Россия, Республика Татарстан (Татарстан), Казань, улица Парижской Коммуны, 6",house
1923637745,"Производство, 300 м²",500,500 ₽ в месяц за м²,₽,₽/мес. за м²,300,"Гвардейская ул., 53Б, Аметьево, 11–15 мин.",https://www.avito.ru/kazan/kommercheskaya_nedvizhimost/proizvodstvo_300_m_1923637745,Вчера,,"Сдаем в аренду складские и офисные помещения в центре Советского района Казани! Территория рынка «Сады» на ул. Гвардейская. Ищете идеальное место для вашего бизнеса? Мы предлагаем как отапливаемые, так и неотапливаемые помещения на улице Гвардейской с отличной транспортной логистикой и удобным выезд",2026-09-29T21:12:13.706Z,55.771272,49.176653,"Россия, Республика Татарстан (Татарстан), Казань, Гвардейская улица, 53Б",house
2210328801,"Офис, 60 м², в т.ч. НДС и коммуналка",36500,36 500 ₽ в месяц с НДС,₽,₽/мес.,60,"Волочаевская ул., 15А, Суконная слобода, от 31 мин.",https://www.avito.ru/kazan/kommercheskaya_nedvizhimost/ofis_60_m_v_t.ch._nds_i_kommunalka_2210328801,1 неделю назад,"""Р А недвижимость""","Сдаём в аренду просторный, тёплый, светлый и тихий офис — 2 этаж офисного здания. Удобное месторасположение, большая парковка. Коммунальные платежи (электричество, вода, тепло) включены в арендную плату.",2026-09-29T21:12:13.706Z,55.787725,49.178216,"Россия, Республика Татарстан (Татарстан), Казань, Волочаевская улица, 15А",house
8289111415,"Свободного назначения, 110.4 м²",3000,3 000 ₽ в месяц за м² с НДС,₽,₽/мес. за м²,110.4,"Ул. Разведчика Ахмерова, 3, Суконная слобода, от 31 мин.",https://www.avito.ru/kazan/kommercheskaya_nedvizhimost/svobodnogo_naznacheniya_110.4_m_8289111415,Вчера,Коммерческая Недвижимость Казани,"Аренда нежилого помещения в Жилом комплексе Арт Сити! Помещение освободится в ноябре 2026 года. Для брони помещения готовы заключить предварительный договор аренды. О локации: - Адрес: Казань, Советский район, ул. Разведчика Ахмерова, д. 3, - Остановка «Октябрьский городок» в шаговой доступности, - ",2026-09-29T21:12:13.706Z,55.797943,49.179483,"Россия, Республика Татарстан (Татарстан), Казань, улица Разведчика Ахмерова, 3",house
7983046067,"Свободного назначения 42 м², 1 этаж",2000,2 000 ₽ в месяц за м²,₽,₽/мес. за м²,42,"Ул. Рустема Яхина, 7, Кремлёвская, 6–10 мин.",https://www.avito.ru/kazan/kommercheskaya_nedvizhimost/svobodnogo_naznacheniya_42_m_1_etazh_7983046067,2 недели назад,,"Доброго времени суток! Сдаю отличное помещение на второй линии, 42 м². Приблизительно с 01.11.2026 года, так как идёт ремонт! ! Я собственник, ИП на Усн! Эдо Saby! Имеется инверторный кондиционер (холод/тепло), приточная вентиляция, водонагреватель, с/у с гигиеническим душем. Центральное отопление, ",2026-09-29T21:12:13.706Z,55.790322,49.102875,"Россия, Республика Татарстан (Татарстан), Казань, улица Рустема Яхина, 7",house
4386264185,"Склад, 185 м²",111000,111 000 ₽ в месяц,₽,₽/мес.,185,"Техническая ул., 9, р-н Приволжский",https://www.avito.ru/kazan/kommercheskaya_nedvizhimost/sklad_185_m_4386264185,1 неделю назад,"ООО ""АРСЕНАЛ""","Производственно-складская база «Арсенал» сдает в аренду отапливаемый склад 185 кв. М. Вы платите только за кв. Метры, а получаете: -отапливаемый склад в удобно расположенном месте с хорошими подъездными путями (рядом улицы Авангардная, Магистральная, Тихорецкая, Тульская). -высокие потолки 4,8 м. -б",2026-09-29T21:12:13.706Z,55.727187,49.133552,"Россия, Республика Татарстан (Татарстан), Казань, Техническая улица, 9",house
8240491467,Помещение в центре с парковкой,1050000,1 050 000 ₽ в месяц,₽,₽/мес.,700,"Ул. Николая Столбова, 2, Площадь Тукая, 6–10 мин.",https://www.avito.ru/kazan/kommercheskaya_nedvizhimost/pomeschenie_v_tsentre_s_parkovkoy_8240491467,Вчера,"""Регион Бизнес Недвижимость Казань""","Сдаётся помещение площадью 700 кв. М на 1‑м и цокольном этажах бизнес‑центра в Вахитовском районе (ул. Столбова). Идеальное решение для офиса, шоурума, учебного центра, коворкинга или другого коммерческого проекта. Преимущества локации: -центр города, 1‑я линия — отличная видимость и проходимость; -",2026-09-29T21:12:17.851Z,55.784845,49.114714,"Россия, Республика Татарстан (Татарстан), Казань, улица Николая Столбова, 2",house
7981333497,"Офис, 61.3 м²",79000,79 000 ₽ в месяц,₽,₽/мес.,61.3,"Ул. Братьев Батталовых, 20/1, Дубравная, от 31 мин.",https://www.avito.ru/kazan/kommercheskaya_nedvizhimost/ofis_61.3_m_7981333497,7 дней назад,Строим Будущее,"Помещение с чистовой отделкой, расположено на первом этаже, с отдельным входом. Доступ 24/7. Сдается на длительный срок. Юридический адрес предоставляется. Ключи на руках, показ по договоренности.",2026-09-29T21:12:17.851Z,55.7216,49.187631,"Россия, Республика Татарстан (Татарстан), Казань, улица Братьев Батталовых, 20к1",house
8294961681,"Свободного назначения, 35 м²",80000,80 000 ₽ в месяц,₽,₽/мес.,35,"Пр-т Победы, 152/33, Горки, от 31 мин.",https://www.avito.ru/kazan/kommercheskaya_nedvizhimost/svobodnogo_naznacheniya_35_m_8294961681,1 неделю назад,Екатерина,Сдается помещение на оживленном автомобильном и пешеходном трафике. Помещение с ремонтом. Своя мокрая точка. Кондиционер. Очень теплое и светлое помещение. Предоставляем арендные каникулы.,2026-09-29T21:12:17.851Z,55.78157,49.221012,"Россия, Республика Татарстан (Татарстан), Казань, проспект Победы, 152/33",house
8243108671,Свободного назначения,1500,1 500 ₽ в месяц за м²,₽,₽/мес. за м²,27,"Д. Татарское Макулово, Центральная ул., 193",https://www.avito.ru/kazan/kommercheskaya_nedvizhimost/svobodnogo_naznacheniya_8243108671,15 часов назад,Лилия,"Коммерческие помещения в новом торговом комплексе с федеральным якорным арендатором! Якорный арендатор — федеральная сеть «Пятёрочка». Договор аренды заключён. Это означает стабильный ежедневный поток покупателей, который будет работать и на ваш бизнес. Свободные помещения. Площади от 27 м². Формат ",2026-09-29T21:12:17.851Z,55.609284,48.734772,"Россия, Республика Татарстан (Татарстан), Верхнеуслонский район, Макуловское сельское поселение, деревня Татарское Макулово, Центральная улица, 193",house
8354943750,"Аренда офиса, 6 человек, все включено, доступ 24/7",15500,15 500 ₽ в месяц,₽,₽/мес.,25,"Театральная ул., 1/29, Площадь Тукая, 11–15 мин.",https://www.avito.ru/kazan/kommercheskaya_nedvizhimost/arenda_ofisa_6_chelovek_vse_vklyucheno_dostup_247_8354943750,1 неделю назад,,"Помещение 25 кв. М с мебелью, с общей зоной отдыха и кухней. Стоимость: - 93 000 рублей за весь офис. - 15 500 рублей за одно рабочее место. Всего 6 рабочих мест в офисе. Что мы предлагаем: - Дизайнерский интерьер. - Услуги по административному обслуживанию. - Клининговые услуги. - Коммунальные услу",2026-09-29T21:12:17.851Z,55.795013,49.123518,"Россия, Республика Татарстан (Татарстан), Казань, Театральная улица, 1/29",house
8327742250,"Офис, 27 м²",67500,67 500 ₽ в месяц,₽,₽/мес.,27,"Спартаковская ул., 23, Суконная слобода, 11–15 мин.",https://www.avito.ru/kazan/kommercheskaya_nedvizhimost/ofis_27_m_8327742250,1 неделю назад,,"Сдаются в аренду помещения площадью от 26 до 62 кв. М., расположенные в офисном центре на Спартаковской д.23. Стоимость аренды., с 1- 5 этажи от 2100 до 2800 за кв. М. В льготный период. Льготный период, по договору, действует 11 месяцев с моменты подписания. -в помещениях выполнен ремонт, на полу п",2026-09-29T21:12:17.851Z,55.780051,49.129815,"Россия, Республика Татарстан (Татарстан), Казань, Спартаковская улица, 23",house
7995235089,"Офис, 55.7 м²",1350,1 350 ₽ в месяц за м² с НДС,₽,₽/мес. за м²,55.7,"Ул. Сибгата Хакима, 40А, Козья Слобода, от 31 мин.",https://www.avito.ru/kazan/kommercheskaya_nedvizhimost/ofis_55.7_m_7995235089,1 неделю назад,Kazan Real Estate,"Сдается торгово-офисное помещение в БЦ «Современник» с ремонтом и кондиционером, 2 этаж. Удобное расположение, панорамный вид на Колесо обозрения «Вокруг Света». Место под вывеску. На планировке площадь выделена красной линией. Стихийная парковка во дворе ЖК «ЖК Современник» для арендатора. Собствен",2026-09-29T21:12:17.851Z,55.814578,49.134648,"Россия, Республика Татарстан (Татарстан), Казань, улица Сибгата Хакима, 40А",house
8406689500,"Свободного назначения, 99м²",75000,75 000 ₽ в месяц с НДС,₽,₽/мес.,99,"Актайская ул., 17, Аметьево, от 31 мин.",https://www.avito.ru/kazan/kommercheskaya_nedvizhimost/svobodnogo_naznacheniya_99m_8406689500,15 часов назад,,"Сдается в аренду помещение свободного назначения 99 Кв. М. Водоснабжение, отопление, канализация централизованные. Мощность электричества 45 квт. Помещение и многое другое. Коммунальные платежи оплачиваются отдельно.",2026-09-29T21:12:17.851Z,55.743654,49.139562,"Россия, Республика Татарстан (Татарстан), Казань, Актайская улица, 17",house
8457170105,ПСН 80 кв.м Бр. Баталовых,128000,128 000 ₽ в месяц,₽,₽/мес.,,"Ул. Братьев Батталовых, 20Б, Дубравная, от 31 мин.",https://www.avito.ru/kazan/kommercheskaya_nedvizhimost/psn_80_kv.m_br._batalovyh_8457170105,10 часов назад,V-Invest,"Предлагаем помещение Свободного назначения с общей площадью 80 квадратов. Все коммуникации подведены. Большие витражные окна. Мокрая точка. Электричество 35 киловатт. Отдельный вход. Возможно установить вывеску. Дом находится в новом жилом массиве, рядом магазины Чижик, Озон, бьюти салон. Рядом стои",2026-09-29T21:12:17.851Z,55.721904,49.182762,"Россия, Республика Татарстан (Татарстан), Казань, улица Братьев Батталовых, 20Б",house
8193331614,Свободного назначения,1700,1 700 ₽ в месяц за м²,₽,₽/мес. за м²,98,"С. Усады, ул. Тёплых Встреч, 7",https://www.avito.ru/kazan/kommercheskaya_nedvizhimost/svobodnogo_naznacheniya_8193331614,3 дня назад,,"Сдается торговое помещение с ремонтом, 1 этаж площадь 98 кВ. М. ЖК. Южный Парк. С. Усады. Ул. Теплых Встреч.7 на первой линии соседи русалка, жар свежар, кофе тин, вдоль оживленной дороги, помещение расположено в угловом здание в самом въезде в жк южный парк, прям напротив помещения остановка общест",2026-09-29T21:12:17.851Z,55.688624,49.209711,"Россия, Республика Татарстан (Татарстан), Лаишевский район, Столбищенское сельское поселение, село Усады, улица Тёплых Встреч, 7",house
2445038356,"Склад, 720.8 м²",350,350 ₽ в месяц за м² с НДС,₽,₽/мес. за м²,720.8,"Тихорецкая ул., 7Е, р-н Приволжский",https://www.avito.ru/kazan/kommercheskaya_nedvizhimost/sklad_720.8_m_2445038356,1 неделю назад,Гироком,"Складское помещение. Сдается склад с пандусом на 2м этаже складского комплекса «Тихорецкая, д.7». Складской комплекс находится на первой линии Большого Казанского Кольца (расположение между ул. Безымянный пер. И ул. Крутовская). В 10 км от центра города Казань. Развитая инфраструктура, шаговая досту",2026-09-29T21:12:17.851Z,55.727744,49.119035,"Россия, Республика Татарстан (Татарстан), Казань, Тихорецкая улица, 7Е",house
8363498080,Офис,100000,100 000 ₽ в месяц,₽,₽/мес.,,"Ул. КСКа, 3, Площадь Тукая, 16–20 мин.",https://www.avito.ru/kazan/kommercheskaya_nedvizhimost/ofis_8363498080,7 дней назад,Юристриелт,"Сдается офис в историческом центре Казани в охраняемом бизнес центре с парковкой. Арендные каникулы предоставляются. Возможное использование: под представительство или офис, торговые объекты, мини-отель.   Трафик: высокий туристический трафик.   Отделка помещений: требуется ремонт.   Коммуникации: О",2026-09-29T21:12:17.851Z,55.774254,49.120814,"Россия, Республика Татарстан (Татарстан), Казань, улица КСКа, 3",house
8095960063,Помещение 114 кв.в Изумрудном городе,90000,90 000 ₽ в месяц,₽,₽/мес.,114,"Ул. Салиха Батыева, 21, Дубравная, 21–30 мин.",https://www.avito.ru/kazan/kommercheskaya_nedvizhimost/pomeschenie_114_kv.v_izumrudnom_gorode_8095960063,Вчера,ИП Бочарова С.Ю.,"Сдаю в аренду коммерческое помещение площадью 114 кв. М по ул Салиха Батыева д.21, ЖК Изумрудный город, Приволжский район г. Казани. Представитель собственника- Без комиссии! 1 этаж! 1 линия! Отличное место для бизнеса! Своя входная группа! Вывеска на фасаде! Коммерческое помещение состоит из 2 комн",2026-09-29T21:12:17.851Z,55.755804,49.244925,"Россия, Республика Татарстан (Татарстан), Казань, улица Салиха Батыева, 21",house
8343863559,Отдельный вход с парковкой,151800,151 800 ₽ в месяц,₽,₽/мес.,253,"Ул. Красной Позиции, 2с1, Суконная слобода, 21–30 мин.",https://www.avito.ru/kazan/kommercheskaya_nedvizhimost/otdelnyy_vhod_s_parkovkoy_8343863559,1 неделю назад,ReАгентство,"Помещение в Бизнес Центре «Красная Позиция» с чистовой отделкой свободного назначения (под офис, склад), находящееся на трафике на первой линии по адресу: ул. Красной Позиции, 2с1. Площадь помещения 253 кв. М. Акция: первые три месяца по 600 руб. /кв. М. + Кэу, далее с 4-го месяца по 700 руб. /кв. М",2026-09-29T21:12:17.851Z,55.791946,49.166583,"Россия, Республика Татарстан (Татарстан), Казань, улица Красной Позиции, 2",house
8479268178,"Торговый павильон Павлюхина,128",60000,60 000 ₽ в месяц,₽,₽/мес.,,"Ул. Павлюхина, 128, Аметьево, 16–20 мин.",https://www.avito.ru/kazan/kommercheskaya_nedvizhimost/torgovyy_pavilon_pavlyuhina128_8479268178,1 неделю назад,,"Сдаются торговые павильоны в аренду. Коммуникации: электроэнергия. Рядом: овощи-фрукты, магазины магнит, деревенские продукты, мастерская по ремонту обуви, пятерочка, красное-белое, парикмахерская, пункт выдачи Вайлдберис, детский сад в двух шагах. Густо заселенный домами район. Большой пешеходный т",2026-09-29T21:12:17.851Z,55.765306,49.144637,"Россия, Республика Татарстан (Татарстан), Казань, улица Павлюхина, 128",house
2298877758,"Офис, 80 м²",75000,75 000 ₽ в месяц,₽,₽/мес.,80,"Ул. Карбышева, 2, Аметьево, 6–10 мин.",https://www.avito.ru/kazan/kommercheskaya_nedvizhimost/ofis_80_m_2298877758,1 неделю назад,АН НОВАЯ ЖИЗНЬ,"Сдается большой офис с хорошим ремонтом. Доступ круглосуточный. Мебель остаётся. Большой кабинет+отдельный кабинет (возможно использовать как кабинет для руководителя). Квадрат улиц Даурская, Гвардейская, Аделя Кутуя, Аметьевская магистраль. По всем дополнительным вопросам звоните.",2026-09-29T21:12:17.851Z,55.767316,49.177596,"Россия, Республика Татарстан (Татарстан), Казань, улица Карбышева, 2",house
545694635,"Торговая площадь, 175 м²",175000,175 000 ₽ в месяц с НДС,₽,₽/мес.,175,"Посёлок Дербышки, ул. Мира, 45А, р-н Советский",https://www.avito.ru/kazan/kommercheskaya_nedvizhimost/torgovaya_ploschad_175_m_545694635,Вчера,Б,"Сдается помещение в ТК Березка в Дербышках на цокольном этаже 175 м2. Первоначальный взнос обеспечительный платеж в размере 175000,00 рублей+арендная плата 175000+коммунальные услуги. Звонить в рабочее время с 9.00-17.00 по будням. Арендная плата за 1м2 -1142,85 рублей.",2026-09-29T21:12:17.851Z,55.86109,49.217356,"Россия, Республика Татарстан (Татарстан), Казань, Советский район, посёлок Дербышки, улица Мира, 45А",house
7561623241,Складское помещение-209кв.м,100000,100 000 ₽ в месяц,₽,₽/мес.,209,"Бухарская ул., 4Ак1, Горки, 21–30 мин.",https://www.avito.ru/kazan/kommercheskaya_nedvizhimost/skladskoe_pomeschenie-209kv.m_7561623241,7 дней назад,Адель Ильфатович,"Аренда холодного склада-ангара 209 м². Высота потолков 6 м. 220В и 380В. 455р/кв. М. Сдаётся в аренду просторный холодный склад-ангар общей площадью 209 кв. М на охраняемой территории действующей базы. Объект идеально подходит для ответственного хранения, интернет-торговли, товарных запасов, архива,",2026-09-29T21:12:17.851Z,55.772193,49.192473,"Россия, Республика Татарстан (Татарстан), Казань, Бухарская улица, 4Ак1",house
8354967561,Помещения в аренду от 27 м²,12690,12 690 ₽ в месяц,₽,₽/мес.,27,"Ул. Павлюхина, 108, Суконная слобода, 11–15 мин.",https://www.avito.ru/kazan/kommercheskaya_nedvizhimost/pomescheniya_v_arendu_ot_27_m_8354967561,7 дней назад,ГК Гилиаф Капитал,"Сдаются в аренду помещения от 27 кв. М. Имеются 7 помещений, разной квадратуры, в общей сложности 214 кв. М. Адрес: г. Казань, ул. Павлюхина 108. Кадастровый номер: 16:50:070116:5308. Идеально подойдет под: склад. Торговую площадь. Спортивный зал. Фитнес-клуб или тренажерный зал. Ключевые характерис",2026-09-29T21:12:17.851Z,55.769221,49.144682,"Россия, Республика Татарстан (Татарстан), Казань, улица Павлюхина, 108",house
8201356065,"Аренда офис 23,5 м², 20.7 м² и 15.76 м²",800,800 ₽ в месяц за м² с НДС,₽,₽/мес. за м²,23.5,"Ул. Восход, 49, Северный вокзал, 11–15 мин.",https://www.avito.ru/kazan/kommercheskaya_nedvizhimost/arenda_ofis_235_m_20.7_m_i_15.76_m_8201356065,Вчера,ООО Трансэнергострой,"Сдается офис в Авиастроительном районе: на 1 этаже рядом с М‑7. Цена 800 рублей за 1 кв. М. С учетом всех коммуникационных и эксплуатационных расходов. Ищете удобное помещение для офиса, мастерской или небольшого производства? Предлагаю светлые офисы на первом этаже административно‑бытового корпуса.",2026-09-29T21:12:17.851Z,55.846401,49.069439,"Россия, Республика Татарстан (Татарстан), Казань, улица Восход, 49",house
8048739742,"Свободного назначения, 16 м²",32000,32 000 ₽ в месяц с НДС,₽,₽/мес.,16,"Ул. Баумана, 82, Площадь Тукая, до 5 мин.",https://www.avito.ru/kazan/kommercheskaya_nedvizhimost/svobodnogo_naznacheniya_16_m_8048739742,1 неделю назад,"ТДЦ ""Свита Холл"" - ООО Велес","Тдц «Свита Холл» расположен на улице Баумана — это центральная пешеходная улица города Казани, которая пользуется огромной популярностью среди туристов и местных жителей, что обеспечивает хорошую проходимость. Рядом с Тдц расположена станция метро «Площадь Тукая». Торговый комплекс работает без выхо",2026-09-29T21:12:17.851Z,55.787437,49.120482,"Россия, Республика Татарстан (Татарстан), Казань, улица Баумана, 82",house
8203672059,"ПСН, офис в аренду 267кв.м.,доступ 24/7",479,479 ₽ в месяц за м² с НДС,₽,₽/мес. за м²,267,"Ул. Мазита Гафури, 46, Площадь Тукая, 21–30 мин.",https://www.avito.ru/kazan/kommercheskaya_nedvizhimost/psn_ofis_v_arendu_267kv.m.dostup_247_8203672059,13 часов назад,ЦТЭ,"Псн в аренду 267кв. М. Трк «Аквапарк», «mazapark», «Аквазаврия», ул. М. Гафури 46, в Казани. - 4 этаж, свободная планировка, чистовая отделка. - отдельная входная группа, доступ 24/7. - выделенная электрическая мощность 35квт (с возможностью увеличения). - высота потолка — 3,06м. - централизованное ",2026-09-29T21:12:17.851Z,55.768309,49.102084,"Россия, Республика Татарстан (Татарстан), Казань, улица Мазита Гафури, 46",house
2533560001,"Свободного назначения, 36 м²",40000,40 000 ₽ в месяц,₽,₽/мес.,36,"Д. Куюки, ул. 25-й Квартал, 1",https://www.avito.ru/kazan/kommercheskaya_nedvizhimost/svobodnogo_naznacheniya_36_m_2533560001,Вчера,,"Сдаю нежилое помещение с отдельным входом в пос. Куюки, развитый район. Помещение на первой линии. Место под вывеску. Есть возможность арендовать площадь до 150 квадратов.",2026-09-29T21:12:17.851Z,55.724363,49.325765,"Россия, Республика Татарстан (Татарстан), Пестречинский район, Богородское сельское поселение, деревня Куюки, улица 25-й Квартал, 1",house
8285458275,140 м с отд входом,168000,168 000 ₽ в месяц,₽,₽/мес.,,"Минская ул., 32, Проспект Победы, от 31 мин.",https://www.avito.ru/kazan/kommercheskaya_nedvizhimost/140_m_s_otd_vhodom_8285458275,12 часов назад,DL,"Сдаётся поэтажно помещения по адресу: Минская 32. В помещении. -1 этаж отдельный 2 входа-140 м. -2 этаж танцевальный зал -офисы. -электричество, вентиляция, круглосуточный доступ, санузел, высокие потолки, панорамные окна, чистовая отделка, вентиляция, пожарная, охранная сигнализация, приточно- вытя",2026-09-29T21:12:17.851Z,55.772097,49.233849,"Россия, Республика Татарстан (Татарстан), Казань, Минская улица, 32",house
8349222703,"Сдам офисное помещение, 64 м²",95250,95 250 ₽ в месяц,₽,₽/мес.,64,"Крутовская ул., 41, р-н Приволжский",https://www.avito.ru/kazan/kommercheskaya_nedvizhimost/sdam_ofisnoe_pomeschenie_64_m_8349222703,1 неделю назад,«Флэт»,"Объявление: сдаётся коммерческое помещение в Казани. Сдаётся коммерческое помещение на 1-м этаже отдельно стоящего здания г. Казань, ул. Крутовская, д. 41. Площадь: 63,5 кв. М — основное помещение — 42,3 кв. М — дополнительное помещение — 19,5 кв. М — собственный санузел — 1,7 кв. М. Условия: Аренда",2026-09-29T21:12:17.851Z,55.733006,49.115568,"Россия, Республика Татарстан (Татарстан), Казань, Крутовская улица, 41",house
8116148292,"Свободного назначения, 800 м²",1000,1 000 ₽ в месяц за м² с НДС,₽,₽/мес. за м²,800,"Ул. Белинского, 18, Авиастроительная, 6–10 мин.",https://www.avito.ru/kazan/kommercheskaya_nedvizhimost/svobodnogo_naznacheniya_800_m_8116148292,1 неделю назад,ТЦ Птичий Рынок,"В аренду от собственника, большое помещение в ТЦ «Птичий рынок» на 2 этаже. Авиастроительный район, недалеко от метро. Отлично подходит под фитнес центр, детскую игровую и общепит. Все условия, трафик и другие вопросы по телефону.",2026-09-29T21:12:17.851Z,55.854977,49.073724,"Россия, Республика Татарстан (Татарстан), Казань, улица Белинского, 18",house
7848578728,"Офис, склад, производство, 47 м²",40000,40 000 ₽ в месяц,₽,₽/мес.,47,"Ул. Лазарева, 3, Яшьлек, 21–30 мин.",https://www.avito.ru/kazan/kommercheskaya_nedvizhimost/ofis_sklad_proizvodstvo_47_m_7848578728,1 неделю назад,Наиль Хамзеевич,"Сдаётся не жилое помещение на 1 этаже жилого дома с отдельным входом во дворе площадью 47 кв м. Современный кирпичный дом, расположен на второй линии относительно улицы Болотникова. Закрытая шлагбаумом дворовая территория. Весь первый этаж заполнен коммерческими объектами. Возможен любой профиль офи",2026-09-29T21:12:17.851Z,55.820273,49.049775,"Россия, Республика Татарстан (Татарстан), Казань, улица Лазарева, 3",house
8381146265,"Сдам производственное помещение, 1369 м²",821400,821 400 ₽ в месяц,₽,₽/мес.,1369,"Каучуковая ул., 7А, р-н Приволжский",https://www.avito.ru/kazan/kommercheskaya_nedvizhimost/sdam_proizvodstvennoe_pomeschenie_1369_m_8381146265,Вчера,"""Регион Бизнес Недвижимость Казань""","Сдаётся производственное помещение 1 325 м² — ул. Каучуковая (Приволжский район). Просторный цех с кран-балкой, охраняемой территорией и собственным ж/д путём. Под производство, склад или базу. Крановое оборудование: Кран-балка 10 т. Инфраструктура и безопасность: Охрана 24/7, видеонаблюдение по пер",2026-09-29T21:12:17.851Z,55.743841,49.123608,"Россия, Республика Татарстан (Татарстан), Казань, Каучуковая улица, 7А",house
8004356056,Офисы от 15м². Бесплатная парковка и юр.адрес,900,900 ₽ в месяц за м²,₽,₽/мес. за м²,15,"Ул. Леваневского, 2А, Северный вокзал, 6–10 мин.",https://www.avito.ru/kazan/kommercheskaya_nedvizhimost/ofisy_ot_15m._besplatnaya_parkovka_i_yur.adres_8004356056,3 недели назад,Рентал Проперти Менеджмент,Сдаются в аренду офисные помещения от 15 кв. М. С возможностью аренды помещений блоками до 250 кв. М. Подойдет для бизнеса любого формата: от небольшого кабинета до open-space. Бесплатная аренда на время переезда! Отделка помещений: пол — коммерческий линолеум. Стены — обои. Потолок — подвесной типа,2026-09-29T21:12:17.851Z,55.845062,49.082079,"Россия, Республика Татарстан (Татарстан), Казань, улица Леваневского, 2А",house
8255994342,"Пекарня, офис, шоурум 105.5 м²",1100,1 100 ₽ в месяц за м²,₽,₽/мес. за м²,105.5,"Ул. Соловецких Юнг, 7, Яшьлек, 6–10 мин.",https://www.avito.ru/kazan/kommercheskaya_nedvizhimost/pekarnya_ofis_shourum_105.5_m_8255994342,15 часов назад,Кристина,"Предлагается к аренде помещение на 1 этаже с отдельным входом по ул. Соловецких Юнг. Характеристики: - презентабельная входная группа; - возможность установить вывеску; - высота потолков 3.12 м. ; - мощная система вентиляции; - электрические роль- ставни. Отлично подойдёт под мед услуги, сервисный ц",2026-09-29T21:12:17.851Z,55.823469,49.078809,"Россия, Республика Татарстан (Татарстан), Казань, улица Соловецких Юнг, 7",house
8318196307,Аренда 70 м² под склад/прокат/ремонт,55000,55 000 ₽ в месяц,₽,₽/мес.,70,"Ул. Гастелло, 20, Суконная слобода, от 31 мин.",https://www.avito.ru/kazan/kommercheskaya_nedvizhimost/arenda_70_m_pod_skladprokatremont_8318196307,Вчера,АРР Управляющая компания,"Помещение 70 кв. М. На первом этаже. Помещение с отдельным входом в Советском районе улица Гастелло, 20. Помещение в густонаселенном жилом массиве Советского района. Благоустроенная территория между улицами Спортивная и Гвардейская, в шаговой доступности перекресток с ул. Аделя Кутуя и остановки общ",2026-09-29T21:12:17.851Z,55.790413,49.174425,"Россия, Республика Татарстан (Татарстан), Казань, улица Гастелло, 20",house
8263492309,"Сдам помещение свободного назначения, 54.4 м²",1500,1 500 ₽ в месяц за м²,₽,₽/мес. за м²,54.4,"Ул. Вишневского, 12, Суконная слобода, 11–15 мин.",https://www.avito.ru/kazan/kommercheskaya_nedvizhimost/sdam_pomeschenie_svobodnogo_naznacheniya_54.4_m_8263492309,7 дней назад,ГОРДЕЕВ И ПАРТНЕРЫ,"Сдается коммерческое помещение 54,4 м² на первой линии по адресу Вишневского, 12. Сдаётся готовое коммерческое помещение площадью 54,4 м² на первом этаже по адресу: Казань, ул. Вишневского, 12, Вахитовский район. Удачная городская локация с уже сформированной коммерческой инфраструктурой. В самом зд",2026-09-29T21:12:17.851Z,55.785189,49.149767,"Россия, Республика Татарстан (Татарстан), Казань, улица Вишневского, 12",house
8293892114,"Офис мокрой точкой в цоколе, все вкл, 19.2 м²",15400,15 400 ₽ в месяц,₽,₽/мес.,19.2,"Гвардейская ул., 54И, Аметьево, 6–10 мин.",https://www.avito.ru/kazan/kommercheskaya_nedvizhimost/ofis_mokroy_tochkoy_v_tsokole_vse_vkl_19.2_m_8293892114,2 недели назад,TARTARIA COMMERCIAL,"Предлагаем в аренду офисные помещения в бизнес-центре. Расположенном по адресу г. Казань, ул. Гвардейская, д. 54И. Площадь данного офиса — 19,2 кв. М., ставка — 800 р все включено, отдельно электричество по счетчику. Данный офис имеет мокрую точку, раковину с нагревом. Площади офисов oт 19 дo 40 кв.",2026-09-29T21:12:17.851Z,55.768319,49.175261,"Россия, Республика Татарстан (Татарстан), Казань, Гвардейская улица, 54И",house
7972354993,"Торговая площадь, 40 м²",70000,70 000 ₽ в месяц,₽,₽/мес.,40,"Ул. Мамадышский Тракт, 35Е, р-н Советский",https://www.avito.ru/kazan/kommercheskaya_nedvizhimost/torgovaya_ploschad_40_m_7972354993,1 неделю назад,Aziza Group агентсво,"Теплое, просторное помещение с окном. Огромная проходимость, первая линия. Рядом автосервис.",2026-09-29T21:12:17.851Z,55.801637,49.259478,"Россия, Республика Татарстан (Татарстан), Казань, улица Мамадышский Тракт, 35Е",house
8237280152,"Свободного назначения, 56.4 м²",85000,85 000 ₽ в месяц,₽,₽/мес.,56.4,"Ул. Братьев Батталовых, 20Б, Дубравная, от 31 мин.",https://www.avito.ru/kazan/kommercheskaya_nedvizhimost/svobodnogo_naznacheniya_56.4_m_8237280152,7 дней назад,,"Нежилое помещение в ЖК Отражение свободного назначения. Отличная планировка, высокий трафик. Жилой дом 25 этажей. Удобная парковка на большое количество автомобилей. Доступ 24/7. Можно объединить помещение 6, 7, площадь будет 115 кв м.",2026-09-29T21:12:17.851Z,55.721904,49.182762,"Россия, Республика Татарстан (Татарстан), Казань, улица Братьев Батталовых, 20Б",house
1295198445,"Офис, Салон, Свободного назначения, 44 м²",1000,1 000 ₽ в месяц за м²,₽,₽/мес. за м²,44,"Краснококшайская ул., 119, Яшьлек, 21–30 мин.",https://www.avito.ru/kazan/kommercheskaya_nedvizhimost/ofis_salon_svobodnogo_naznacheniya_44_m_1295198445,Вчера,,"Первая линия, первый этаж! Предлагаем рассмотреть предложение по аренде помещения свободного назначения. Площадью 44 кв. Метров в г. Казань. Высокое видное место, близость остановок общественного транспорта, расположено в существующем жилом массиве с активно развивающейся новой жилой инфроструктурой",2026-09-29T21:12:17.851Z,55.815929,49.06555,"Россия, Республика Татарстан (Татарстан), Казань, Краснококшайская улица, 119",house
8253291096,Сдаётся помещение в аренду для банка с касс. узлом,2800,2 800 ₽ в месяц за м²,₽,₽/мес. за м²,,"Пр-т Ямашева, 54к1, Козья Слобода, 21–30 мин.",https://www.avito.ru/kazan/kommercheskaya_nedvizhimost/sdaetsya_pomeschenie_v_arendu_dlya_banka_s_kass._uzlom_8253291096,7 дней назад,,"Сдаётся помещение в Аренду для Банка с кассовым узлом. Предлагаемое презентабельное помещение расположено на 1-ой линии, на одном из основных проспектов гор. Казани в центре Ново-Савиновского района. (на проспекте Ямашева, д.54/1): · общая площадь — 182,6 м2; · на 1-ом этаже; · отдельный вход с прос",2026-09-29T21:12:17.851Z,55.827687,49.125773,"Россия, Республика Татарстан (Татарстан), Казань, проспект Ямашева, 54к1",house
7920878785,"Офис, 162 м²",120000,120 000 ₽ в месяц с НДС,₽,₽/мес.,162,"Пр-т Ямашева, 49Б, Козья Слобода, 21–30 мин.",https://www.avito.ru/kazan/kommercheskaya_nedvizhimost/ofis_162_m_7920878785,1 неделю назад,Александр,"Сдаётся в аренду блок-офис общей площадью 162 м2 на 4 этаже в офисном центре по адресу: пр-кт Ямашева 49б (перекресток с ул. Мусина). В составе блок-офиса 6 кабинетов (от 12,7 до 40 м2), 2 санузла, серверная. Евроремонт, кондиционеры, парковка, доступ 24/7. Аренда в первый месяц 120 000 руб, далее 2",2026-09-29T21:12:17.851Z,55.825851,49.122709,"Россия, Республика Татарстан (Татарстан), Казань, проспект Ямашева, 49Б",house
7381878283,"Склад, 216.1 м²",280,280 ₽ в месяц за м²,₽,₽/мес. за м²,216.1,"1-я Тракторная ул., 86А, Суконная слобода, от 31 мин.",https://www.avito.ru/kazan/kommercheskaya_nedvizhimost/sklad_216.1_m_7381878283,Вчера,СтройСвет,Холодный склад. Возможна частичная сдача.,2026-09-29T21:12:17.851Z,55.752627,49.113798,"Россия, Республика Татарстан (Татарстан), Казань, 1-я Тракторная улица, 86А",house
8393114931,"Коммерческое помещение, 46.59 м²",4300,4 300 ₽ в месяц за м²,₽,₽/мес. за м²,46.59,"Бухарская ул., 5, Горки, от 31 мин.",https://www.avito.ru/kazan/kommercheskaya_nedvizhimost/kommercheskoe_pomeschenie_46.59_m_8393114931,7 дней назад,СМУ-88,Помещение в Жилом Комплексе «Вознесенский квартал». - первая линия. - паркинг перед помещением. - аудитория бизнес-класса. - отдельный вход. - презентабельная входная группа. - высокие потолки.,2026-09-29T21:12:17.851Z,55.777343,49.201132,"Россия, Республика Татарстан (Татарстан), Казань, Бухарская улица, 5",house
7983498485,"Склад, 1000 м²",550,550 ₽ в месяц за м²,₽,₽/мес. за м²,1000,"Ул. Сибирский Тракт, 47, р-н Советский",https://www.avito.ru/kazan/kommercheskaya_nedvizhimost/sklad_1000_m_7983498485,7 дней назад,,"Холодный склад 1000м2 со складским оборудованием (стелажи, штабелер, рохли) Професиональные полы. Своя ж/д ветка. Можно арендовать 500м2, так как имеет два отдельных входа.",2026-09-29T21:12:21.190Z,55.83526,49.193443,"Россия, Республика Татарстан (Татарстан), Казань, улица Сибирский Тракт, 47",house
8493547723,"Свободного назначения, 317.5 м²",1000,1 000 ₽ в месяц за м²,₽,₽/мес. за м²,317.5,"Приволжский район, жилой массив Отары, Центральная ул., 56, р-н Приволжский",https://www.avito.ru/kazan/kommercheskaya_nedvizhimost/svobodnogo_naznacheniya_317.5_m_8493547723,Вчера,Агентство недвижимости «Домино»,"Сдаётся Коммерческое Помещение В Новом Здании! Отары, ул. Центральная, 56. 2 этаж | Новое здание, 2026 года постройки. Площадь 317,5 кв. М., свободная планировка. Отличный вариант для бизнеса — помещение под любой вид деятельности! Стоимость аренды — всего 1 000 ₽/м². Преимущества: — новое современн",2026-09-29T21:12:21.190Z,55.712746,49.100602,"Россия, Республика Татарстан (Татарстан), Казань, Приволжский район, жилой массив Отары, Центральная улица, 56",house
8341208485,"Складское помещение, 130 м²",385,385 ₽ в месяц с НДС,₽,₽/мес.,130,"Ул. Липатова, 1, р-н Советский",https://www.avito.ru/kazan/kommercheskaya_nedvizhimost/skladskoe_pomeschenie_130_m_8341208485,7 дней назад,Недвижимость,"Сдаётся в аренду уникальный административно‑хозяйственный комплекс в Казани. Помещение под холодный склад. Основные параметры: — Общая площадь комплекса: 59 310 кв. М. — Земельный участок: 8 501 м², собственность. — Дополнительно возможна аренда офисов от 10 кв. М. Предлагаем производственно‑складск",2026-09-29T21:12:21.190Z,55.874132,49.226743,"Россия, Республика Татарстан (Татарстан), Казань, улица Липатова, 1",house
8331685696,"Свободного назначения, 43.43 м²",65000,65 000 ₽ в месяц,₽,₽/мес.,43.43,"Ул. Хасана Туфана, 33, Северный вокзал, 11–15 мин.",https://www.avito.ru/kazan/kommercheskaya_nedvizhimost/svobodnogo_naznacheniya_43.43_m_8331685696,Вчера,«Дом на Туфана»,"Аренда коммерческого помещения в клубном доме бизнес-класса «Дом на Туфана». Сдается в аренду помещение свободного назначения в новом клубном доме бизнес-класса «Дом на Туфана» (Московский район). Идеальная локация для запуска прибыльного бизнеса: вы получаете не просто стены, а готовый поток платеж",2026-09-29T21:12:21.190Z,55.840209,49.068873,"Россия, Республика Татарстан (Татарстан), Казань, улица Хасана Туфана, 33",house
8153499997,"Свободного назначения, 50.4 м²",150000,150 000 ₽ в месяц,₽,₽/мес.,50.4,"Ул. Островского, 116, Суконная слобода, до 5 мин.",https://www.avito.ru/kazan/kommercheskaya_nedvizhimost/svobodnogo_naznacheniya_50.4_m_8153499997,1 неделю назад,Андрей,"Новый, современный ЖК Castura Tawn. Дом Сдан! Центр города. Первый этаж. Первая Линия, вход с улице Островского! Два входа на улицу Островского без ступеней! Подземный паркинг. Панорамные окна! Высота потолка 4,2 м. Индивидуальное отопление. Приточно-вытяжная вентиляция. Пожарная и охранная сигнализ",2026-09-29T21:12:21.190Z,55.776411,49.139472,"Россия, Республика Татарстан (Татарстан), Казань, улица Островского, 116",house
8262876728,Офис на 2м этаже в БЦ 60 кв.м из двух кабинетов,90000,90 000 ₽ в месяц,₽,₽/мес.,,"Спартаковская ул., 12, Суконная слобода, 11–15 мин.",https://www.avito.ru/kazan/kommercheskaya_nedvizhimost/ofis_na_2m_etazhe_v_bts_60_kv.m_iz_dvuh_kabinetov_8262876728,Вчера,TATESTATE,"Офисное помещение, из двух кабинетов, с окнами — можно под любой вид деятельности рассмотреть, на данный момент строительная фирма. Мощность 15 квт. На этаже сан узел, есть доп 16 кв кабинет можно арендовать. Хороший свежий ремонт: потолки грильято, стены окрашены, на полу плитка. Номер в базе: J107",2026-09-29T21:12:21.190Z,55.778345,49.131486,"Россия, Республика Татарстан (Татарстан), Казань, Спартаковская улица, 12",house
8275529264,Свободного назначения,900,900 ₽ в месяц за м²,₽,₽/мес. за м²,122,"С. Сокуры, ул. Державина, 9Б",https://www.avito.ru/kazan/kommercheskaya_nedvizhimost/svobodnogo_naznacheniya_8275529264,2 недели назад,Лилия,"Коммерческие помещения в центре высокого покупательского трафика! Сдаются помещения свободного назначения в с. Сокуры, идеально подходящие для магазина, пункта выдачи заказов, кофейни, салона услуг, офиса продаж и других видов бизнеса. Адрес: с. Сокуры, ул. Державина, 9Б. Всего 3 минуты пешком до ав",2026-09-29T21:12:21.190Z,55.620372,49.395833,"Россия, Республика Татарстан (Татарстан), Лаишевский район, село Сокуры, улица Державина, 9Б",house
2075119111,"Свободного назначения, 74 м²",1200,1 200 ₽ в месяц за м² с НДС,₽,₽/мес. за м²,74,"Ул. Вишневского, 21, Суконная слобода, 16–20 мин.",https://www.avito.ru/kazan/kommercheskaya_nedvizhimost/svobodnogo_naznacheniya_74_m_2075119111,1 неделю назад,,"Расположение в отеле на первом этаже, на первой линии оживленной дороги и пешего трафика. Центр города. Помещение прямоугольной формы. Доступ 24/7. Имеется парковка.",2026-09-29T21:12:21.190Z,55.789117,49.152659,"Россия, Республика Татарстан (Татарстан), Казань, улица Вишневского, 21",house
8158882560,"Сдам помещение свободного назначения, 41 м²",30000,30 000 ₽ в месяц,₽,₽/мес.,41,"Широкая ул., 2, Кремлёвская, 21–30 мин.",https://www.avito.ru/kazan/kommercheskaya_nedvizhimost/sdam_pomeschenie_svobodnogo_naznacheniya_41_m_8158882560,7 дней назад,Сервис для Аренды и Продажи Недвижимости,"Арт. 135897982 «Свободное Назначение» с отдельным входом / Кировский район. Локация: за Институтом морского и речного флота, недалеко от Кировской дамбы. Плюсы: Свой вход (имидж и удобство). Хорошее состояние (бывшая парикмахерская). Под любой вид деятельности: услуги, торговля, офис. Подойдет для: ",2026-09-29T21:12:21.190Z,55.802523,49.069888,"Россия, Республика Татарстан (Татарстан), Казань, Широкая улица, 2",house
8118219601,"Фулфилмент, склад, производство 22.7 м²",22000,22 000 ₽ в месяц,₽,₽/мес.,22.7,"Техническая ул., 17Б, р-н Приволжский",https://www.avito.ru/kazan/kommercheskaya_nedvizhimost/fulfilment_sklad_proizvodstvo_22.7_m_8118219601,7 дней назад,"ООО ""АЛЕКС""","Предложение От Собственника! 22,7 кв. М. (отапливаемое), двойная металлическая дверь (есть техническая возможность произвести монтаж стандартных гаражных ворот), подъезд еврофуры. Территория круглосуточно охраняется и ведётся видеонаблюдение. На территории Многофункционального Комплекса имеется тран",2026-09-29T21:12:21.190Z,55.733873,49.131046,"Россия, Республика Татарстан (Татарстан), Казань, Техническая улица, 17Б",house
8204090519,"Свободного назначения, 151.5 м²",710000,710 000 ₽ в месяц с НДС,₽,₽/мес.,151.5,"Ул. Баумана, 9, Кремлёвская, 6–10 мин.",https://www.avito.ru/kazan/kommercheskaya_nedvizhimost/svobodnogo_naznacheniya_151.5_m_8204090519,7 дней назад,"Бизнес-центр ""Казанское подворье""","Сдаётся в долгосрочную аренду нежилое помещение свободного назначения 151,5 кв. М. В самом Казани — на пешеходной улице Баумана. Расположено на первом этаже жилого дома, имеет отдельный выход на ул. Муса Джалиля. Преимущества. Долгосрочный договор аренды— стабильность и уверенность в завтрашнем дне,",2026-09-29T21:12:21.190Z,55.792594,49.111489,"Россия, Республика Татарстан (Татарстан), Казань, улица Баумана, 9",house
8198750323,"Сдам помещение свободного назначения, 154.8 м²",200000,200 000 ₽ в месяц,₽,₽/мес.,154.8,"Ул. Четаева, 10, Козья Слобода, от 31 мин.",https://www.avito.ru/kazan/kommercheskaya_nedvizhimost/sdam_pomeschenie_svobodnogo_naznacheniya_154.8_m_8198750323,3 дня назад,"Агентство недвижимости ""Ключ""","Код объекта: 2276534. Сдаётся помещение 154,8 кв. М, 1-й этаж, отдельный вход, первая линия от дороги. С чистовым ремонтом под задачи арендатора. Свежее пространство с характером: витражные окна, потолки 3,12 м, всеми системами инженерных коммуникаций (теплоснабжение, водоснабжение, канализация, эле",2026-09-29T21:12:21.190Z,55.823378,49.14585,"Россия, Республика Татарстан (Татарстан), Казань, улица Четаева, 10",house
8143189474,"Свободного назначения, 27 м²",109900,109 900 ₽ в месяц,₽,₽/мес.,27,"Ул. Дзержинского, 16, Кремлёвская, 6–10 мин.",https://www.avito.ru/kazan/kommercheskaya_nedvizhimost/svobodnogo_naznacheniya_27_m_8143189474,2 недели назад,Ренат,"Сдается помещение в чистовой отделке. Кафе, пекарня, кофейня, барбер, салон, шоу-рум. При необходимости можно оставить мебель и оборудование, стоимость обсуждается.",2026-09-29T21:12:21.190Z,55.794366,49.116951,"Россия, Республика Татарстан (Татарстан), Казань, улица Дзержинского, 16",house
8222112132,"Свободного назначения, 35.5 м²",106000,106 000 ₽ в месяц,₽,₽/мес.,35.5,"Советский район, жилой массив Константиновка, Зелёная ул., 83А, р-н Советский",https://www.avito.ru/kazan/kommercheskaya_nedvizhimost/svobodnogo_naznacheniya_35.5_m_8222112132,1 неделю назад,,"Собственник. Сдам помещение в новом торговом комплексе в самой лучшей локации по адресу: Казань, улица Зелёная 83А. Осталось всего 2 помещения — 35.5 м2; 44 м2. Можно объединить. Первая линия. Вечерний поток. Своя входная группа. Большая парковка. Удобные заезды и выезды. 1 этаж с отдельными входным",2026-09-29T21:12:21.190Z,55.800681,49.247503,"Россия, Республика Татарстан (Татарстан), Казань, Советский район, жилой массив Константиновка, Зелёная улица, 83А",house
8352533117,"Торговая площадь, 19.7 м²",2000,2 000 ₽ в месяц за м²,₽,₽/мес. за м²,19.7,"Ул. Рихарда Зорге, 67, Проспект Победы, до 5 мин.",https://www.avito.ru/kazan/kommercheskaya_nedvizhimost/torgovaya_ploschad_19.7_m_8352533117,3 дня назад,"ООО ""КФ ""Нарагуэль""","Собственник сдает в аренду нежилое помещение свободного назначения в г. Казань ул Рихарда Зорге д.67, в действующем торговом центре Давыдов. Цокольный этаж, в действующей торговой галерее Прикассовая Зона Магазина Пятерочка. Помещение идеально подходит под розничный магазин, услуги, пункт выдачи. По",2026-09-29T21:12:21.190Z,55.749045,49.211912,"Россия, Республика Татарстан (Татарстан), Казань, улица Рихарда Зорге, 67",house
8285746799,"Сдам складское помещение, 3092 м²",4149464,4 149 464 ₽ в месяц,₽,₽/мес.,3092,"Пос. Барсил, Производственная ул., 1",https://www.avito.ru/kazan/kommercheskaya_nedvizhimost/sdam_skladskoe_pomeschenie_3092_m_8285746799,7 дней назад,RAYS ARMA,"Предлагается в аренду складской комплекс категории A — 3092 м. Кв. Объект находится в 147 Москвы. Деление складского комплекса не предполагается. 3092 м. Кв. Блок на 1 этаже, высота потолков 12.0 м., покрытие — антипыль. Нагрузка на пол 10.0 т/м. Кв. Офисные помещения 212 м. Кв. ТУ, коммуникации и б",2026-09-29T21:12:21.190Z,55.829608,49.355184,"Россия, Республика Татарстан (Татарстан), Пестречинский район, Кощаковское сельское поселение, посёлок Барсил, Производственная улица, 1",house
8327089596,"Свободного назначения, 200 м²",1000,1 000 ₽ в месяц с НДС,₽,₽/мес.,200,"Ул. Габдуллы Тукая, 120, Суконная слобода, 21–30 мин.",https://www.avito.ru/kazan/kommercheskaya_nedvizhimost/svobodnogo_naznacheniya_200_m_8327089596,2 недели назад,,"Сдается помещение подходящее под авто бизнес в центре города: - автосалон. - мотосалон. - детейлинг студию. Первая линия улицы Габдуллы Тукая, с современным дорогим ремонтом, 1000 рублей за квадратный метр.",2026-09-29T21:12:21.191Z,55.771737,49.12103,"Россия, Республика Татарстан (Татарстан), Казань, улица Габдуллы Тукая, 120",house
8322556613,"Помещение свободного назначения, 187.1 м²",125000,125 000 ₽ в месяц с НДС,₽,₽/мес.,187.1,"Ул. Маршала Чуйкова, 1А, Яшьлек, 16–20 мин.",https://www.avito.ru/kazan/kommercheskaya_nedvizhimost/pomeschenie_svobodnogo_naznacheniya_187.1_m_8322556613,7 дней назад,Улыбка Радуги,"Предлагается в аренду от собственника помещение свободного назначения на цокольном этаже с отдельным входом. Прямая аренда. Площадь 187,1 кв. М. Электроэнергия по запросу. Коммунальные услуги оплачиваются отдельно. Рассмотрим Ваши предложения по назначению.",2026-09-29T21:12:21.191Z,55.836282,49.102911,"Россия, Республика Татарстан (Татарстан), Казань, улица Маршала Чуйкова, 1А",house
3743398084,"Сезонное хранение шин, шинный отель",300,300 ₽ в месяц с НДС,₽,₽/мес.,,"Ул. Халитова, 8, р-н Советский",https://www.avito.ru/kazan/kommercheskaya_nedvizhimost/sezonnoe_hranenie_shin_shinnyy_otel_3743398084,3 дня назад,Сеть складов индивидуального хранения Мобиус Логистика,Сезoнноe хрaнение шин — безопaснocть и кoмфopт для ваших шин! Хрaнение от 300 pуб. /мес. За комплект(4 шт.). Эконoмия места и увеличениe срoкa службы шин. > Склады для физлиц и организаций. Без Дeпозита и иных cкpытых плaтежeй! Сkидки до 18% при хранении от 3 месяцев. > Контейнер на складе для хране,2026-09-29T21:12:21.191Z,55.817906,49.196695,"Россия, Республика Татарстан (Татарстан), Казань, улица Халитова, 8",house
8417614273,"Сдам офисное помещение, 7.9 м²",17000,17 000 ₽ в месяц,₽,₽/мес.,7.9,"Ул. Братьев Касимовых, 22/7, Горки, 6–10 мин.",https://www.avito.ru/kazan/kommercheskaya_nedvizhimost/sdam_ofisnoe_pomeschenie_7.9_m_8417614273,2 недели назад,PLATINA,"Id:2098. Идеальная локация для вашего бизнеса: эксклюзивное помещение 7,9 м² в новом офисном центре №35. Статус начинается с деталей. Представляем уникальный формат компактного представительского офиса — ваше личное пространство площадью 7,9 квадратных метров, которое никогда не использовалось аренд",2026-09-29T21:12:21.191Z,55.756143,49.190487,"Россия, Республика Татарстан (Татарстан), Казань, улица Братьев Касимовых, 22/7",house
8268346697,Помещение свободного назначения на 1-м этаже с окном 21 м2,32760,32 760 ₽ в месяц,₽,₽/мес.,,"Московский район, ул. Исаева, 10, Яшьлек, 11–15 мин.",https://www.avito.ru/kazan/kommercheskaya_nedvizhimost/pomeschenie_svobodnogo_naznacheniya_na_1-m_etazhe_s_oknom_21_m2_8268346697,Вчера,Джойнио,"Общая площадь:21м2- 1500 за кв. М -32760 руб. С ндс. Этаж:1. Высота потолков:3м. Отделка: офисная. Мощность электросети:1 квт. Планировка: кабинетная с окном. Тип аренды: аренда. Минимальный срок аренды:3 мес. Платежи включены: коммунальные, эксплуатационные. Залог 1 месяц аренды-32760 руб. С ндс. С",2026-09-29T21:12:21.191Z,55.833991,49.067301,"Россия, Республика Татарстан (Татарстан), Казань, Московский район, улица Исаева, 10",house
8374988832,Свободного назначения,1100,1 100 ₽ в месяц,₽,₽/мес.,190,"Советский район, жилой массив Малые Клыки, Дорожная ул., 9/3, р-н Советский",https://www.avito.ru/kazan/kommercheskaya_nedvizhimost/svobodnogo_naznacheniya_8374988832,1 неделю назад,,"190 м² на 1-й линии Мамадышского тракта | Парковка | Отдельный вход. Сдается помещение 190 м² на втором этаже, первая линия Мамадышский тракт в Казани от собственника без комиссии! Помещение состоит из 5 отдельных комнат. Возможна аренда как целиком (всей площади 190 м²), так и по отдельности — кажд",2026-09-29T21:12:21.191Z,55.796714,49.221659,"Россия, Республика Татарстан (Татарстан), Казань, Советский район, жилой массив Малые Клыки, Дорожная улица, 9/3",house
8357797678,Закреплённое место в коворкинге,20000,20 000 ₽ в месяц за место с НДС,₽,₽/мес.,,"Ул. Островского, 27, Площадь Тукая, 6–10 мин.",https://www.avito.ru/kazan/kommercheskaya_nedvizhimost/zakreplennoe_mesto_v_kovorkinge_8357797678,1 неделю назад,"fun(с) Казань - офисы по системе ""все включено""","Закрепленное место в коворкинге в центре Казани — 20 000 ₽/мес. Всё включено. Свое постоянное рабочее место с безлимитным кофе, снеками, Wi-Fi и душем. Приходите сегодня — работайте сразу! Ул. Островского, 27 — центр Казани. Сдается закрепленное рабочее место в формате «всё включено». Это ваш личный",2026-09-29T21:12:21.191Z,55.788145,49.116799,"Россия, Республика Татарстан (Татарстан), Казань, улица Островского, 27",house
2568652434,"Склад, 182 м²",72800,72 800 ₽ в месяц,₽,₽/мес.,182,"Оренбургский тракт, 158, Дубравная, от 31 мин.",https://www.avito.ru/kazan/kommercheskaya_nedvizhimost/sklad_182_m_2568652434,2 недели назад,Аренда Казань,"Сдается в аренду отапливаемое, сухое помещение с высокими потолками под склад на цокольном этаже Торгового центра «Порт» по адресу ул. Оренбургский тракт,158. Площадь — 182 кв. М. Вход отдельный с улицы.",2026-09-29T21:12:21.191Z,55.724784,49.191835,"Россия, Республика Татарстан (Татарстан), Казань, улица Оренбургский Тракт, 158",house
7618475707,"Помещение 52.79 м², 1 этаж, парковка",50000,50 000 ₽ в месяц,₽,₽/мес.,52.79,"Ул. Восход, 16, Яшьлек, 6–10 мин.",https://www.avito.ru/kazan/kommercheskaya_nedvizhimost/pomeschenie_52.79_m_1_etazh_parkovka_7618475707,2 недели назад,Основа,"Аренда от Собственника — помещение 52,79 кв. М на высоком 1 этаже. Большая бесплатная парковка напротив здания. Отличное расположение: - первая линия ул. Восход, - вход с улицы Восход, - в непосредственной близости находятся школы, гимназии, детсады, - пересечение Московского, Кировского и Авиастрои",2026-09-29T21:12:21.191Z,55.832303,49.073904,"Россия, Республика Татарстан (Татарстан), Казань, улица Восход, 16",house
8377672493,Павильон для общепита,20000,20 000 ₽ в месяц,₽,₽/мес.,,"Ул. Богатырёва, 15, Яшьлек, от 31 мин.",https://www.avito.ru/kazan/kommercheskaya_nedvizhimost/pavilon_dlya_obschepita_8377672493,7 дней назад,Дмитрий,Торговый павильон для общепита. Торговля готовой едой. Высокая проходимость. Находится в 50 метрах от проходной завода.,2026-09-29T21:12:21.191Z,55.815575,49.047619,"Россия, Республика Татарстан (Татарстан), Казань, улица Богатырёва, 15",house
7940338903,Торгово- офисное помещение свободной планировки,250000,250 000 ₽ в месяц,₽,₽/мес.,240,"Пр-т Победы, 18Б, Проспект Победы, 16–20 мин.",https://www.avito.ru/kazan/kommercheskaya_nedvizhimost/torgovo-_ofisnoe_pomeschenie_svobodnoy_planirovki_7940338903,1 неделю назад,,"Сдаю в аренду помещение свободного назначения по адресу Проспект Победы, 18б площадью 240кв. М. В Приволжском районе г. Казани. Расположено в Бизнесе- центре на 1 этаже. Свой отдельный вход с улицы. Бизнес-центр находится на перекрестке ул. Проспект Победы и Дубравная, рядом остановка общественного ",2026-09-29T21:12:21.191Z,55.741019,49.195006,"Россия, Республика Татарстан (Татарстан), Казань, проспект Победы, 18Б",house
8346744316,"Сдам помещение под офис, услуги и медицину",1300,1 300 ₽ в месяц за м²,₽,₽/мес. за м²,53,"Чистопольская ул., 74, Козья Слобода, 21–30 мин.",https://www.avito.ru/kazan/kommercheskaya_nedvizhimost/sdam_pomeschenie_pod_ofis_uslugi_i_meditsinu_8346744316,7 дней назад,Bro.X: коммерческая недвижимость,"Планировка: — Основной зал 53 м² — просторный, подходит под групповые занятия, зону приёма или торговый зал. — Отдельный кабинет 23 м² — для индивидуальной работы, консультаций или процедур. — Свой санузел. Почему это выгодно: — Локация для бизнеса «рядом с домом». Помещение ориентировано на услуги,",2026-09-29T21:12:21.191Z,55.818948,49.138169,"Россия, Республика Татарстан (Татарстан), Казань, Чистопольская улица, 74",house
8359721695,"Свободного назначения, 34 м²",2500,2 500 ₽ в месяц,₽,₽/мес.,34,"Пр-т Ямашева, 82, Козья Слобода, от 31 мин.",https://www.avito.ru/kazan/kommercheskaya_nedvizhimost/svobodnogo_naznacheniya_34_m_8359721695,7 дней назад,Деловой Мир,"Помещение свободного назначения 34 м² на первой линии. Сдаётся помещение свободного назначения площадью 34 кв. М, расположенное на первой линии с отличной видимостью и удобным доступом. Помещение подойдёт для различных видов бизнеса: магазина, офиса, салона красоты, пункта выдачи, студии, шоурума, у",2026-09-29T21:12:21.191Z,55.827767,49.146748,"Россия, Республика Татарстан (Татарстан), Казань, проспект Ямашева, 82",house
8282313299,"Свободного назначения, 86 м²",66000,66 000 ₽ в месяц,₽,₽/мес.,86,"Ул. Родины, 4, Горки, 21–30 мин.",https://www.avito.ru/kazan/kommercheskaya_nedvizhimost/svobodnogo_naznacheniya_86_m_8282313299,13 часов назад,НиР,"Сдаю отличное помещение с хорошим ремонтом и кабинетной нарезкой на первом этаже по ул. Родины 4, площадь общая 86 квм, шесть кабинетов, отлично подойдёт как под офис, так и под склад или упаковку товаров. Мокрая точка и санузел имеются, также есть комната приема пищи, оборудованная смесителем и кан",2026-09-29T21:12:21.191Z,55.775125,49.196497,"Россия, Республика Татарстан (Татарстан), Казань, улица Родины, 4",house
8273440422,"Торговая площадь, 43 м²",49000,49 000 ₽ в месяц,₽,₽/мес.,43,"Ул. Белинского, 4, Авиастроительная, до 5 мин.",https://www.avito.ru/kazan/kommercheskaya_nedvizhimost/torgovaya_ploschad_43_m_8273440422,13 часов назад,Алия,"Сдается помещение, на первой линии расположенное на 1 этаже, по адресу: г. Казань, ул. Белинского, д.4, общей площадью 43 м2. Условия: стоимость 49.000 р, ежемесячно. Коммунальные платежи отдельно. При заключении договора оплачивается первый начисляемый месяц и обеспечительный платеж. Потолки 2,75м.",2026-09-29T21:12:21.191Z,55.854461,49.082698,"Россия, Республика Татарстан (Татарстан), Казань, улица Белинского, 4",house
8101461715,"Офис, 35.4 м²",1122,1 122 ₽ в месяц,₽,₽/мес.,35.4,"Ул. Восстания, 102, Яшьлек, 21–30 мин.",https://www.avito.ru/kazan/kommercheskaya_nedvizhimost/ofis_35.4_m_8101461715,3 недели назад,"ООО ""Эстейт""","Coбственник сдает в аренду офиснoе пoмещeниe плoщaдью 35,4 м² с удобными подъездными путями, бecплaтной паpковкой и уютными кoмнатaми для приемa пищи, дoпoлнитeльные помещeния и квaдpатуру cмотрeть нa фотo! В 15 Mинутах oт Цeнтра Кaзaни. На теppитории еcть оптoволокoнный интернет и телефонные линии.",2026-09-29T21:12:21.191Z,55.832697,49.049829,"Россия, Республика Татарстан (Татарстан), Казань, улица Восстания, 102",house
8377742518,Отдельный вход первая линия 116м,100000,100 000 ₽ в месяц,₽,₽/мес.,116.4,"Пр-т Победы, 78, Проспект Победы, 21–30 мин.",https://www.avito.ru/kazan/kommercheskaya_nedvizhimost/otdelnyy_vhod_pervaya_liniya_116m_8377742518,5 часов назад,Центр коммерческой недвижимости,"Номер объекта: 537261. Коммерческое помещение 116,4 м² на первой линии Проспекта Победы с отдельным входом за 100 000 руб. Коммунальные платежи отдельно. Кабинетная планировка. Отличная локация для бизнеса: Первая линия. Хорошая видимость с дороги. Рядом остановка общественного транспорта. Возле над",2026-09-29T21:12:21.191Z,55.763807,49.220608,"Россия, Республика Татарстан (Татарстан), Казань, проспект Победы, 78",house
7780788206,Склад,25000,25 000 ₽ в месяц с НДС,₽,₽/мес.,,"Ул. Вишневского, 22, Суконная слобода, 6–10 мин.",https://www.avito.ru/kazan/kommercheskaya_nedvizhimost/sklad_7780788206,7 дней назад,,"Складское помещение на — 1 первом этаже в подземном паркинге. Склад обогревается, очень удобный подъезд с улице в охраняемый паркинг. Звоните, пишите — посмотреть можно день в день.",2026-09-29T21:12:21.191Z,55.780826,49.14594,"Россия, Республика Татарстан (Татарстан), Казань, улица Вишневского, 22",house
8177463131,Офисно-торговые помещения м²,1000,1 000 ₽ в месяц за м²,₽,₽/мес. за м²,36,"Приволжский район, Магистральная ул., 77к6, р-н Приволжский",https://www.avito.ru/kazan/kommercheskaya_nedvizhimost/ofisno-torgovye_pomescheniya_m_8177463131,1 неделю назад,Интех,"Предлагаем в аренду, от Собственника, офисно-торговые помещения на 2 этаже двухэтажного здания, расположенного по улице Магистральной, д. 77 корп.6 (остановка «Нефтебаза»), на пересечении улиц Тихорецкая и Магистральная. Данное местоположение является очень выгодным для размещения бизнеса, т. К. Зде",2026-09-29T21:12:24.306Z,55.734613,49.09859,"Россия, Республика Татарстан (Татарстан), Казань, Приволжский район, Магистральная улица, 77к6",house
7783708004,"Складское помещение, 132.4 м²",400,400 ₽ в месяц за м² с НДС,₽,₽/мес. за м²,132.4,"Ул. Васильченко, 31, Северный вокзал, от 31 мин.",https://www.avito.ru/kazan/kommercheskaya_nedvizhimost/skladskoe_pomeschenie_132.4_m_7783708004,1 неделю назад,Недвижимость,"Cдается в аpенду офисное помещение площадью 132,4 м2 кв. М., в уникaльном админиcтративно-хoзяйствeнном комплeксе в Казaни. Помещение с отдельным входом. -Ремонт. -Кондиционирование. - Помещение правильной формы. -Есть возможность повесить вывеску. -Охраняемая территория. -Удобные подъездные пути. Р",2026-09-29T21:12:24.306Z,55.836347,49.033722,"Россия, Республика Татарстан (Татарстан), Казань, улица Васильченко, 31",house
8255913454,"Ул.Миславского с парковкой,72 м²",1800,1 800 ₽ в месяц за м²,₽,₽/мес. за м²,72,"Ул. Миславского, 17, Кремлёвская, 6–10 мин.",https://www.avito.ru/kazan/kommercheskaya_nedvizhimost/ul.mislavskogo_s_parkovkoy72_m_8255913454,7 дней назад,Кристина,"Сдается в аренду светлое и презентабельное помещение в историческом и деловом сердце города по ул. Миславского/Большая Красная. Отличный вариант для компании, которой важен статус, комфорт сотрудников и постоянный поток клиентов. Преимущества локации и помещения: * Самый центр: Высокий пешеходный и ",2026-09-29T21:12:24.306Z,55.798141,49.113223,"Россия, Республика Татарстан (Татарстан), Казань, улица Миславского, 17",house
7509584721,"Торговая площадь, 18 м²",45000,45 000 ₽ в месяц,₽,₽/мес.,18,"Роторная ул., 1, Аметьево, 11–15 мин.",https://www.avito.ru/kazan/kommercheskaya_nedvizhimost/torgovaya_ploschad_18_m_7509584721,7 дней назад,,"Сдам торговые площади в аренду! Что предлагается: Мы предлагаем в аренду торговые площади с свободной планировкой. Минимальная площадь от 18 м² и более. Условия: — Гибкая аренда: Цена меняется в зависимости от арендуемой площади. — Арендные каникулы: Мы предоставляем арендные каникулы, чтобы ваши на",2026-09-29T21:12:24.306Z,55.765898,49.152075,"Россия, Республика Татарстан (Татарстан), Казань, Роторная улица, 1",house
8172731373,"Офис, 16 м²",17600,17 600 ₽ в месяц,₽,₽/мес.,16,"Ул. Лушникова, 10А, Козья Слобода, 6–10 мин.",https://www.avito.ru/kazan/kommercheskaya_nedvizhimost/ofis_16_m_8172731373,2 недели назад,Мегаполис,"*Без комиccии. *B дaнном бизнес-центре eсть cвобoдныe пoмещения: торгoвoe пoмeщeние 11.9кв. М(прямо в «Магнитe»)-29750pуб., офисы-oт 15.4 кв. М.-19.8 кв. М., офис 47 кв. М. Увaжaемые арендаторы! Baшeму вниманию пpeдcтавляю для, сдачи в apeнду, шикаpные oфиcы(со свежим качественным ремонтом) в бизнeс",2026-09-29T21:12:24.306Z,55.821037,49.08816,"Россия, Республика Татарстан (Татарстан), Казань, улица Лушникова, 10А",house
3173370556,"Офис, 32 м²",29610,29 610 ₽ в месяц,₽,₽/мес.,32,"Сибирский тракт, 78, р-н Советский",https://www.avito.ru/kazan/kommercheskaya_nedvizhimost/ofis_32_m_3173370556,1 неделю назад,Айрат,"Сдается в аренду (офисное помещение) помещение свободного назначения, площадью 32м2. Расположено помещение на 2м этаже ТЦ Фортуна в Советском районе по ул. Сибирский тракт д.78. Прекрасное, светлое помещение, правильной формы, для реализации ваших идей. Большие окна. Стены окрашены, пол — плитка. Ст",2026-09-29T21:12:24.306Z,55.841084,49.201069,"Россия, Республика Татарстан (Татарстан), Казань, улица Сибирский Тракт, 78",house
8101642010,Помещение рядом с цумом,1800,1 800 ₽ в месяц за м² с НДС,₽,₽/мес. за м²,32,"Ул. Рустема Яхина, 7, Кремлёвская, 6–10 мин.",https://www.avito.ru/kazan/kommercheskaya_nedvizhimost/pomeschenie_ryadom_s_tsumom_8101642010,Вчера,АН Наше Время,"Сдается в аренду помещение общей площадью 32 кв. М. В ЖК бизнес класса «Резиденция Мон» на Чернышевского. Площадь: 32 кв. М. Расположение: 1 этаж жилого комплекса бизнес-класса, ул. Чернышевского., вторая линия, внутри двора. Локация: исторический центр, рядом с цумом, ЖД вокзалом, метро «Кремлёвска",2026-09-29T21:12:24.306Z,55.790322,49.102875,"Россия, Республика Татарстан (Татарстан), Казань, улица Рустема Яхина, 7",house
2217162142,"Свободного назначения, 200 м",200000,200 000 ₽ в месяц с НДС,₽,₽/мес.,,"Ул. Карла Маркса, 5, Кремлёвская, 6–10 мин.",https://www.avito.ru/kazan/kommercheskaya_nedvizhimost/svobodnogo_naznacheniya_200_m_2217162142,2 недели назад,,"Риелторы просьба не беспокоить. Мы посредники. Сдаётся площадь в офисном центре У Стен Кремля! Второй этаж. Коммунальные платежи и клининг входят в стоимость! Первая линия. Вход со двора. Идеально подходит под шоурум, дорогой бутик одежды, страховую компанию, студию дизайна и т д. Свободная планиров",2026-09-29T21:12:24.306Z,55.79765,49.111418,"Россия, Республика Татарстан (Татарстан), Казань, улица Карла Маркса, 5",house
8242034741,"Сдам помещение свободного назначения, 50 м²",85000,85 000 ₽ в месяц,₽,₽/мес.,50,"Бухарская ул., 32к3, Горки, 21–30 мин.",https://www.avito.ru/kazan/kommercheskaya_nedvizhimost/sdam_pomeschenie_svobodnogo_naznacheniya_50_m_8242034741,Вчера,TATNED,"Арт. 143098948 Вашему вниманию предлагается Помещение Свободного Назначения. Дом сдан, дом 2025 года. Преимущества: 2-а больших окна в сторону Вознесенского тракта. Светлое помещение правильной формы. Доступ 24/7. Высокие потолки. Мокрая точка. 2 этаж, доступ с 1 линии. Коридорная система. Наземный ",2026-09-29T21:12:24.306Z,55.775641,49.205345,"Россия, Республика Татарстан (Татарстан), Казань, Бухарская улица, 32к3",house
8387661493,"Торговая площадь, 80 м²",1450,1 450 ₽ в месяц за м² с НДС,₽,₽/мес. за м²,80,"Вахитовский район, Профсоюзная ул., 50, Площадь Тукая, до 5 мин.",https://www.avito.ru/kazan/kommercheskaya_nedvizhimost/torgovaya_ploschad_80_m_8387661493,1 неделю назад,"УК ""ЭнергоИнвестКапитал""","Торговое помещение 80 м² в ТК «Гум» — аренда на 1‑м этаже в центре Казани. Ищете локацию, где каждый прохожий — потенциальный клиент? Предлагаем в аренду торговое помещение площадью 80 м² на 1‑м этаже ТК «Гум» (ул. Профсоюзная, 50). Благодаря расположению и чистовой отделке вы сможете быстро запусти",2026-09-29T21:12:24.306Z,55.788237,49.121973,"Россия, Республика Татарстан (Татарстан), Казань, Вахитовский район, Профсоюзная улица, 50",house
8511333300,"Офис с НДС в Ново-Савиновском, 200 м²",250000,250 000 ₽ в месяц с НДС,₽,₽/мес.,200,"Ул. Маршала Чуйкова, 2к3, Яшьлек, 16–20 мин.",https://www.avito.ru/kazan/kommercheskaya_nedvizhimost/ofis_s_nds_v_novo-savinovskom_200_m_8511333300,7 дней назад,2 А-Недвижимость,"Офис 200 м² с Ндс в БЦ на Чуйкова. Сдаём в аренду офис 200 м² с Ндс в бизнес-центре на ул. Маршала Чуйкова, 2к3, Казань. Открытая планировка, чистовая отделка, можно заезжать и работать. Готовность к въезду. — Офисная отделка, ремонт 2026. — Все коммуникации подключены: кондиционеры, мокрые точки. —",2026-09-29T21:12:24.306Z,55.835296,49.103144,"Россия, Республика Татарстан (Татарстан), Казань, улица Маршала Чуйкова, 2к3",house
1003104321,"Торговое помещение, 32.3 м²",48450,48 450 ₽ в месяц с НДС,₽,₽/мес.,32.3,"Ул. Баумана, 82, Площадь Тукая, до 5 мин.",https://www.avito.ru/kazan/kommercheskaya_nedvizhimost/torgovoe_pomeschenie_32.3_m_1003104321,1 неделю назад,"ТДЦ ""Свита Холл"" - ООО Велес","Тдц «Свита Холл» расположен на улице Баумана — это центральная пешеходная улица города Казани, которая пользуется огромной популярностью среди туристов и местных жителей, что обеспечивает хорошую проходимость. Рядом с Тдц расположена станция метро «Площадь Тукая». Торговый комплекс работает без выхо",2026-09-29T21:12:24.306Z,55.787437,49.120482,"Россия, Республика Татарстан (Татарстан), Казань, улица Баумана, 82",house
8048613495,"Свободного назначения, 94 м²",2500,2 500 ₽ в месяц,₽,₽/мес.,94,"Космическая ул., 3",https://www.avito.ru/kazan/kommercheskaya_nedvizhimost/svobodnogo_naznacheniya_94_m_8048613495,7 дней назад,,"Космический потенциал для бизнеса: 92 кв. М с панорамными окнами в сданном ЖК «Новый Свет» (Усады)! Дом сдан, ключи получены — запускайте свой бизнес уже в этом месяце! Предлагаем в аренду видовое коммерческое помещение площадью 94 кв. М на первом этаже по адресу: с. Усады, ул. Космическая, д. 1. Эт",2026-09-29T21:12:24.306Z,55.672412,49.237514,"Россия, Республика Татарстан (Татарстан), Лаишевский район, Столбищенское сельское поселение, Космическая улица, 3",house
8322461831,"Офис в центре с парковкой, 123.2 м²",1700,1 700 ₽ в месяц за м²,₽,₽/мес. за м²,123.2,"Ул. Баумана, 44/8, Кремлёвская, 6–10 мин.",https://www.avito.ru/kazan/kommercheskaya_nedvizhimost/ofis_v_tsentre_s_parkovkoy_123.2_m_8322461831,3 недели назад,ЦДБ РОДИНА,"Собственник сдacт в aренду офисное помещение площaдью 123,2 кв. М. В Бизнec Центре «Poдина», рaспoложeнный в центpe Казани («Кaзанский Аpбат»), в 100 метрaх oт улицы Taтapcтaн. Удобнoe paспoложeние позволяeт лeгко добраться до БЦ «Родиhа» на любoм виде тpанспоpтa. В нeпосредственной близости распола",2026-09-29T21:12:24.306Z,55.79144,49.112172,"Россия, Республика Татарстан (Татарстан), Казань, улица Баумана, 44/8",house
7348123212,"Свободного назначения, 288 м²",1260,1 260 ₽ в месяц за м² с НДС,₽,₽/мес. за м²,288,"Городская ул., 3, Северный вокзал, 11–15 мин.",https://www.avito.ru/kazan/kommercheskaya_nedvizhimost/svobodnogo_naznacheniya_288_m_7348123212,Вчера,СЗ РЭД,"Пpедлагаем в аpенду пpоcторноe коммeрчecкoe пoмещение плoщадью 288 кв. М на 1 этаже 3х этажного здания в Московском районе Kазани. Идеальнo пoдoйдет под oфиc, студию танцев (растяжки), фитнес зал, магазинов продуктовый, хозяйственного и строительного назначения, автотоваров, спортивных товаров, детс",2026-09-29T21:12:24.306Z,55.834841,49.072143,"Россия, Республика Татарстан (Татарстан), Казань, Городская улица, 3",house
4652341198,"Свободного назначения, 138.1 м²",207150,207 150 ₽ в месяц с НДС,₽,₽/мес.,138.1,"Танковая ул., 2, Горки, 16–20 мин.",https://www.avito.ru/kazan/kommercheskaya_nedvizhimost/svobodnogo_naznacheniya_138.1_m_4652341198,7 дней назад,"Группа Компаний ""Спектр-М""","Сдается нежилое помещение на 1 этаже в ЖК «Авaлон cити» c видoм нa Taнковое кольцо, о. Кабaн и р. Boлгa. Помещение находится во 2 башне на 1 этаже на стилобате. Площадь помещения 138,1 кв. М. Есть другие помещения в этой и других башнях. Аренда от юр. Лица с Ндс. Дом сдан. Предусмотрен паркинг на 53",2026-09-29T21:12:24.306Z,55.752242,49.167059,"Россия, Республика Татарстан (Татарстан), Казань, Танковая улица, 2",house
7984748974,"Склад, 15050 м²",17485255,17 485 255 ₽ в месяц с НДС,₽,₽/мес.,15050,"Д. Макаровка, Берёзовая ул., 10А",https://www.avito.ru/kazan/kommercheskaya_nedvizhimost/sklad_15050_m_7984748974,1 сентября 09:53,"ООО ""Центр Активов""","Крупнейший складской объект в Республике Татарстан, относящийся к классу А. Логистический парк расположение в 2 км от Казани на федеральной трассе М7 по которой осуществляется логистика грузов в Поволжье, Урал Сибирь. Преимущества и характеристики проекта: - Глубина здания 117 м. - Рабочая высота по",2026-09-29T21:12:24.306Z,55.918726,49.118937,"Россия, Республика Татарстан (Татарстан), Высокогорский район, Семиозерское сельское поселение, деревня Макаровка, Берёзовая улица, 10А",house
1175327887,"Торговая площадь, 20 м²",27500,27 500 ₽ в месяц,₽,₽/мес.,20,"Ул. Столярова, 3, Кремлёвская, от 31 мин.",https://www.avito.ru/kazan/kommercheskaya_nedvizhimost/torgovaya_ploschad_20_m_1175327887,2 недели назад,Ренат,"Сдаются помещения разной площади на первой линии, свободного назначения на первом и цокольном этаже с отдельным входом, в отдельностоящем здании. Общий вход с Красное-Белое, большой пешеходный трафик на остановку. Есть 20, 25, 50м. В отдельностоящем здании есть 25 и 50м, можно под шаурму, лепешки. Е",2026-09-29T21:12:24.306Z,55.799244,49.066574,"Россия, Республика Татарстан (Татарстан), Казань, улица Столярова, 3",house
3796468070,"Склад, 432 м²",200000,200 000 ₽ в месяц,₽,₽/мес.,432,"Советский район, жилой массив Чебакса, Заводская ул., 1, р-н Советский",https://www.avito.ru/kazan/kommercheskaya_nedvizhimost/sklad_432_m_3796468070,1 неделю назад,Ирина,"Предлагаем в аренду просторное холодное складское помещение в удобном месте — жилой массив Чебакса, Советский район г. Казани. Дополнительно, есть возможность аренды офисных площадей (по запросу). Идеальное решение для логистики и хранения: — площадь: 432 кв. М; — габариты: 12*36 м; — материал стен:",2026-09-29T21:12:24.306Z,55.846553,49.320977,"Россия, Республика Татарстан (Татарстан), Казань, Советский район, жилой массив Чебакса, Заводская улица, 1",house
8151558537,"Офис, помещение свободного назначения, 16 м²",20800,20 800 ₽ в месяц,₽,₽/мес.,16,"Ул. Богатырёва, 15, Яшьлек, от 31 мин.",https://www.avito.ru/kazan/kommercheskaya_nedvizhimost/ofis_pomeschenie_svobodnogo_naznacheniya_16_m_8151558537,3 недели назад,Дмитрий,"Офисное помещение (помещение свободного назначения, склад, мастерская и прочее)16 кВ. М. В административно-офисном здании. Круглосуточный доступ. Бесплатная парковка на огороженной территории. Мокрая точка на этаже.",2026-09-29T21:12:24.306Z,55.815575,49.047619,"Россия, Республика Татарстан (Татарстан), Казань, улица Богатырёва, 15",house
4073306815,"Офис, 37.3 м²",70870,70 870 ₽ в месяц с НДС,₽,₽/мес.,37.3,"Ул. Салиха Сайдашева, 12, Площадь Тукая, 21–30 мин.",https://www.avito.ru/kazan/kommercheskaya_nedvizhimost/ofis_37.3_m_4073306815,5 часов назад,"""Д-групп""","Сдаётся офис/кабинет 37,3 м² в центре Казани! Горячее предложение — скидка 20%! Адрес: ул. Салиха Сайдашева, 12 — БЦ «Рябина„в самом сердце города. Собственная парковка — удобно и для вас, и для клиентов. Цена указана с Ндс (без учёта скидки — фактическая стоимость на 20% ниже!). Переезд за наш счет",2026-09-29T21:12:24.306Z,55.773079,49.114104,"Россия, Республика Татарстан (Татарстан), Казань, улица Салиха Сайдашева, 12",house
8479334290,"Офис, 88.6 м²",88600,88 600 ₽ в месяц,₽,₽/мес.,88.6,"Ул. Аметьевская Магистраль, 8, Аметьево, 11–15 мин.",https://www.avito.ru/kazan/kommercheskaya_nedvizhimost/ofis_88.6_m_8479334290,7 дней назад,RentComSpace,"Сдаётся коммерческое помещение под продуктовые и строительные магазины, кафе, пекарни, детский центр. (Без мебели). Ставка — 1000 руб/м2 плюс коммунальные услуги. Основные характеристики: 1 этаж; 1 линия; Современный красивый фасад здания;; Отдельная входная группа; Чистовая отделка; Высокие потолки",2026-09-29T21:12:24.306Z,55.771196,49.172503,"Россия, Республика Татарстан (Татарстан), Казань, улица Аметьевская Магистраль, 8",house
8389513327,"Офис, 18.9 м²",1122,1 122 ₽ в месяц за м²,₽,₽/мес. за м²,18.9,"Ул. Восстания, 104, Яшьлек, 21–30 мин.",https://www.avito.ru/kazan/kommercheskaya_nedvizhimost/ofis_18.9_m_8389513327,2 недели назад,"ООО ""Эстейт""","Описание. Coбственник сдает в аренду офиснoе пoмещeниe плoщaдью 18,9 м² с удобными подъездными путями, бecплaтной паpковкой и уютными кoмнатaми для приемa пищи, дoпoлнитeльные помещeния и квaдpатуру cмотрeть нa фотo! В 15 Mинутах oт Цeнтра Кaзaни. На теppитории еcть оптoволокoнный интернет и телефон",2026-09-29T21:12:24.306Z,55.832394,49.051177,"Россия, Республика Татарстан (Татарстан), Казань, улица Восстания, 104",house
2728778166,"Торговая площадь, 15.8 м²",23700,23 700 ₽ в месяц,₽,₽/мес.,15.8,"Оренбургский тракт, 158, Дубравная, от 31 мин.",https://www.avito.ru/kazan/kommercheskaya_nedvizhimost/torgovaya_ploschad_15.8_m_2728778166,2 недели назад,Аренда Казань,"Предлагаем в аренду торговое помещение в Ортц «Порт» площадью от 15,8 кв. М. Для оптово-розничной торговли. Помещение находится на первом этаже Ортц «Порт». Помещение после ремонта. Арендная ставка 1500 руб. /кв. М. Круглосуточная охрана и видеонаблюдение включены в арендную ставку. Большая пропускн",2026-09-29T21:12:24.306Z,55.724784,49.191835,"Россия, Республика Татарстан (Татарстан), Казань, улица Оренбургский Тракт, 158",house
8196750020,"Офис, 114 м²",85000,85 000 ₽ в месяц,₽,₽/мес.,114,"Ул. Достоевского, 73, Суконная слобода, 16–20 мин.",https://www.avito.ru/kazan/kommercheskaya_nedvizhimost/ofis_114_m_8196750020,7 дней назад,,"Уникальное предложение! Офис в центре города по стоимости, как в спальном районе. Очень важно парковка за шлагбаумом, всегда есть свободные места. Оживленный трафик, транспортная доступность во всех направлениях. До Кремля 7 мин на машине, до Аэропорта 22 минуты, в любой район города не более 15 мин",2026-09-29T21:12:24.306Z,55.787862,49.156046,"Россия, Республика Татарстан (Татарстан), Казань, улица Достоевского, 73",house
2601219499,"Офис, 23 м²",23000,23 000 ₽ в месяц,₽,₽/мес.,23,"Пр-т Победы, 90А, Проспект Победы, 21–30 мин.",https://www.avito.ru/kazan/kommercheskaya_nedvizhimost/ofis_23_m_2601219499,1 неделю назад,Аренда помещений в Казани,"Предлагаем Вам в аренду офисное помещение 24 м2 на 2-ом этаже. Коммунальные услуги, уборка, охрана входят в стоимость арендной платы. Помещения с кондиционером, в чистовой отделке: полы керамогранит, потолок- Армстронг со встроенными светильниками, стены-окрашены в бежевый цвет. В торгово-офисном зд",2026-09-29T21:12:24.306Z,55.765635,49.220868,"Россия, Республика Татарстан (Татарстан), Казань, проспект Победы, 90А",house
8395368424,"Помещение на остановке, 35 кв.м",77000,77 000 ₽ в месяц,₽,₽/мес.,,"Даурская ул., 25, Аметьево, 6–10 мин.",https://www.avito.ru/kazan/kommercheskaya_nedvizhimost/pomeschenie_na_ostanovke_35_kv.m_8395368424,1 неделю назад,V-Invest,"Сдаю помещение на остановке Даурская. Общая площадь 35 м2, можем рассмотреть сдачу всего павильона; Первая линия; Первый этаж; Отдельный вход; Место под вывеску; Высокий автомобильный и пешеходный трафик; Постоянная остановка автобусов, такси. Не упустите возможность открываться в новой локации с вы",2026-09-29T21:12:24.306Z,55.766364,49.179869,"Россия, Республика Татарстан (Татарстан), Казань, Даурская улица, 25",house
8279711158,"Торговая площадь, 74 м²",1300,1 300 ₽ в месяц за м²,₽,₽/мес. за м²,74,"Ул. Родины, 43, Горки, 21–30 мин.",https://www.avito.ru/kazan/kommercheskaya_nedvizhimost/torgovaya_ploschad_74_m_8279711158,7 дней назад,,"Сдается в аренду торгово-офисное помещение в отдельно стоящем здании 74 м² на ул. Родины, 43. Ставка 1300 руб/м2 льготная на 3 первые месяца аренды. Далее стандартная ставка: 1500 руб. /м² + 5% Ндс. Итого 1575 рублей за м2 = 116 тыс в месяц + коммунальные платежи сверху. Первый этаж, первая линия, о",2026-09-29T21:12:24.306Z,55.768815,49.211113,"Россия, Республика Татарстан (Татарстан), Казань, улица Родины, 43",house
8071024801,"Склад 502м2 без отоп.,рампа и ж/д",200800,200 800 ₽ в месяц,₽,₽/мес.,,"Крутовская ул., 26, р-н Приволжский",https://www.avito.ru/kazan/kommercheskaya_nedvizhimost/sklad_502m2_bez_otop.rampa_i_zhd_8071024801,8 часов назад,TATESTATE,"Сдается отдельно стоящий склад 501,5м2 по ул. Крутовская, 26. Из них 350 м2 закрытый периметр, остальное рампа. Двое ворот с рампы. Есть нулевой съезд, есть погрузочная рампа с обоих сторон по длине, пандус. С одной стороны рампы есть возможность разгрузки вагонов. Свой Ж/д тупик. Полы бетонные с ан",2026-09-29T21:12:24.306Z,55.727328,49.112954,"Россия, Республика Татарстан (Татарстан), Казань, Крутовская улица, 26",house
8091143069,"Офис, 33 м²",1000,1 000 ₽ в месяц за м² с НДС,₽,₽/мес. за м²,33,"Ул. Мазита Гафури, 50к5, Площадь Тукая, от 31 мин.",https://www.avito.ru/kazan/kommercheskaya_nedvizhimost/ofis_33_m_8091143069,Вчера,"""Мелита-Аренда"" - прямая аренда без посредников","От Собственника! Никаких комиссий! 2 месяца аренды в подарок! «Мелита-Технопарк» сдаёт в аренду офис-помещение свободного назначения с Кондиционером! Большая бесплатная парковка. От центра города 5 минут на машине. Обсуждаем арендные каникулы и условия. Звоните, пишите! Оперативно покажем! Кондицион",2026-09-29T21:12:24.306Z,55.766562,49.101392,"Россия, Республика Татарстан (Татарстан), Казань, улица Мазита Гафури, 50к5",house
8318357035,"Свободного назначения, 179.6 м²",850,850 ₽ в месяц за м²,₽,₽/мес. за м²,179.6,"Ул. Зои Космодемьянской, 5, Кремлёвская, 11–15 мин.",https://www.avito.ru/kazan/kommercheskaya_nedvizhimost/svobodnogo_naznacheniya_179.6_m_8318357035,7 дней назад,"""Поиск"" Агентство недвижимости","Сдаётся просторное коммерческое помещение, расположенное в удачной локации, центр города! Развитый Вахитовский район! По адресу ул. Зои Космодемьянской, дом 5. — В помещении выполнен качественный ремонт в светлых тонах; — Есть вся необходимая коммуникация: мокрая точка, электричество, отопление; — П",2026-09-29T21:12:24.306Z,55.799831,49.118344,"Россия, Республика Татарстан (Татарстан), Казань, улица Зои Космодемьянской, 5",house
8169146505,"Свободного назначения, 109.5 м²",1600,1 600 ₽ в месяц за м²,₽,₽/мес. за м²,109.5,"Пр. Яраткан, 1, Горки, 11–15 мин.",https://www.avito.ru/kazan/kommercheskaya_nedvizhimost/svobodnogo_naznacheniya_109.5_m_8169146505,1 неделю назад,,"Сдам в аренду торговое помещение на втором этаже в ТЦ нa Первой Линии ул. Poдины! Общая площадь помещения — 109,5 кв. М. Рacпoложениe и инфpаструктурa: Объект наxoдится в гуcтo-нaсeлeнном жилом мaсcиве «Hoвые Горки» в лoкации c выcоким aвтoмобильным тpaфиком. Paзвивающaяся инфрaстpуктура рaйона, гуc",2026-09-29T21:12:24.306Z,55.763341,49.200998,"Россия, Республика Татарстан (Татарстан), Казань, проезд Яраткан, 1",house
8268007390,"Склад, 100 м²",90000,90 000 ₽ в месяц,₽,₽/мес.,100,"Приволжский район, жилой массив Салмачи, ул. Камышлы, 154, р-н Приволжский",https://www.avito.ru/kazan/kommercheskaya_nedvizhimost/sklad_100_m_8268007390,7 часов назад,Недвижимость Татарстан,"Сдается в аренду производственно-складское помещение в п. Салмачи, ул. Камышлы, 154. Характеристики: — Общая. Площадь помещения составляет 100 м2. — 1 этаж. — Ворота: высота 4 м, ширина 5 м. — Высота. Потолков 5 м. — Эл. Мощность. 15 квт. — Собственная. Котельная. — Двор. Закрытый, есть свободная пл",2026-09-29T21:12:24.306Z,55.744956,49.295554,"Россия, Республика Татарстан (Татарстан), Казань, Приволжский район, жилой массив Салмачи, улица Камышлы, 154",house
8241575223,"Свободного назначения, 152.4м2",381000,381 000 ₽ в месяц,₽,₽/мес.,,"Ул. Бутлерова, 18, Площадь Тукая, 6–10 мин.",https://www.avito.ru/kazan/kommercheskaya_nedvizhimost/svobodnogo_naznacheniya_152.4m2_8241575223,7 дней назад,Benjamin Group,"Бутлерова 18 — новый жилой комплекс «Клубного формата» в самом сердце Казани, который стал неотъемлемой частью культурного облика города в своей эстетичной архитектуре. Дом сдан. Первый этаж. Площадь — 152,4м2. Высота потолка -4м. Мощность 15квт( с возможностью увеличения). Арендные каникулы. Универ",2026-09-29T21:12:24.306Z,55.787548,49.130929,"Россия, Республика Татарстан (Татарстан), Казань, улица Бутлерова, 18",house
8270743403,Производство кран балка 5т,550,550 ₽ в месяц за м² с НДС,₽,₽/мес. за м²,916,"Тэцевская ул., 277А, р-н Московский",https://www.avito.ru/kazan/kommercheskaya_nedvizhimost/proizvodstvo_kran_balka_5t_8270743403,3 недели назад,РиэлтРеспект,"От собственника! Без комиссии! Ндс 22% включен в стоимость! Сдается в аренду производственный цех площадью 916 м² + офисно-бытовые помещения 68 м². ( Можно арендовать от 400 м2). Помещение отлично подойдет под металлообработку, производство, сборку, складскую деятельность и размещение тяжелого обору",2026-09-29T21:12:42.405Z,55.859832,48.972358,"Россия, Республика Татарстан (Татарстан), Казань, Тэцевская улица, 277А",house
7764283305,"Контейнер 20 футов в аренду под склад, 15м2",6000,6 000 ₽ в месяц,₽,₽/мес.,,"Лиственная ул., 12Б, Дубравная, от 31 мин.",https://www.avito.ru/kazan/kommercheskaya_nedvizhimost/konteyner_20_futov_v_arendu_pod_sklad_15m2_7764283305,7 дней назад,Компания по аренде и продаже морских контейнеров,"Контейнер 20 футов в аренду под склад, 15м2. Контейнер доставим к вам на объект или можете арендовать на одной из наших 12 охраняемых площадках. Одна из адресов: ул. Лиственная, 12Б (Салмачи). Размер контейнера 20 футов: 6000«2500„h2600, S=15м2, указан наружный размер. Стоимость аренды контейнера от",2026-09-29T21:12:42.405Z,55.748083,49.263637,"Россия, Республика Татарстан (Татарстан), Казань, Лиственная улица, 12Б",house
8129419459,"Сдам здание, 800 м²",1500,1 500 ₽ в месяц за м²,₽,₽/мес. за м²,800,"Ул. Ульянова-Ленина, 52, Площадь Тукая, 11–15 мин.",https://www.avito.ru/kazan/kommercheskaya_nedvizhimost/sdam_zdanie_800_m_8129419459,1 неделю назад,PLATINA,"Id:1837. Премиальное помещение 800 м² в самом сердце Казани — Первый арендатор! Ищете статусную локацию для вашего бизнеса? Предлагаем в аренду эксклюзивное пространство, где современный ремонт сочетается с идеальной транспортной доступностью. Локация и статус. Объект расположен в центре города, в п",2026-09-29T21:12:42.405Z,55.78691,49.137532,"Россия, Республика Татарстан (Татарстан), Казань, улица Ульянова-Ленина, 52",house
8448445441,"Свободного назначения, 22.6 м²",23700,23 700 ₽ в месяц,₽,₽/мес.,22.6,"Ново-Давликеевская ул., 2Е, р-н Приволжский",https://www.avito.ru/kazan/kommercheskaya_nedvizhimost/svobodnogo_naznacheniya_22.6_m_8448445441,1 неделю назад,Светлана,"Сдается помещение свободного назначения (ранее в помещении был расположен салон красоты, место раскрученное). Очень хороший трафик и поток клиентов обеспечивают соседние Вайлдберриз, а также семейный ресторан «барто». Помещение светлое, с хорошим ремонтом, с кондиционером и мокрой точкой. В здании и",2026-09-29T21:12:42.405Z,55.711138,49.148078,"Россия, Республика Татарстан (Татарстан), Казань, Ново-Давликеевская улица, 2Е",house
8393780925,Коворкинг для мастеров красоты в центре Казани,8000,8 000 ₽ в месяц,₽,₽/мес.,,"Московская ул., 31, Кремлёвская, 6–10 мин.",https://www.avito.ru/kazan/kommercheskaya_nedvizhimost/kovorking_dlya_masterov_krasoty_v_tsentre_kazani_8393780925,2 недели назад,,"Are Beauty — новое пространство для beauty-мастеров в самом центре Казани. Ул. Московская, 31, офис 318. Открываем современный beauty-коворкинг, где можно не просто арендовать рабочее место, а работать, развиваться, находить клиентов и становиться частью профессионального сообщества. Пространство по",2026-09-29T21:12:42.405Z,55.789391,49.107761,"Россия, Республика Татарстан (Татарстан), Казань, Московская улица, 31",house
8397363573,1 этаж со своим входом,405000,405 000 ₽ в месяц с НДС,₽,₽/мес.,,"Ул. Маршала Чуйкова, 2В, Яшьлек, 16–20 мин.",https://www.avito.ru/kazan/kommercheskaya_nedvizhimost/1_etazh_so_svoim_vhodom_8397363573,7 дней назад,Самолет Плюс,Арт. 142546699 Аренда помещения на 1 этаже бизнес-центра в Ново-Савиновском районе Казани. Площадь помещения 300 м2. Есть несколько мокрых точек. 2 входа (с улицы и со двора). Зона погрузки-разгрузки. Много окон. Свободная планировка. Высота потолков 3 м. Противопожарная система безопасности. Приточ,2026-09-29T21:12:42.405Z,55.835296,49.103144,"Россия, Республика Татарстан (Татарстан), Казань, улица Маршала Чуйкова, 2к3",house
1524414369,Торговая площадь в ТЦ Авеню (рядом Тандем) 71.2 м²,1700,1 700 ₽ в месяц за м²,₽,₽/мес. за м²,71.2,"Пр-т Ибрагимова, 56А, Козья Слобода, до 5 мин.",https://www.avito.ru/kazan/kommercheskaya_nedvizhimost/torgovaya_ploschad_v_tts_avenyu_ryadom_tandem_71.2_m_1524414369,31 августа 09:38,"ООО ""Смарт Сервис плюс""","Предлагается в аренду помещение площадью 71,2 кв. М. На 2 этаже торгового центра по адресу: г. Казань, проспект Ибрагимова, д.56А. Хорошее месторасположение, рядом станция метро Козья слобода, остановка общественного транспорта, крупная транспортная магистраль — проспект Ибрагимова, Трк Тандем. Ожив",2026-09-29T21:12:42.405Z,55.820617,49.095517,"Россия, Республика Татарстан (Татарстан), Казань, проспект Ибрагимова, 56А",house
8492860711,"Офис класса А с К/У и НДС, УСН 1%, 1100 м²",1430000,1 430 000 ₽ в месяц с НДС,₽,₽/мес.,1100,"Иннополис, Университетская ул., 5",https://www.avito.ru/kazan/kommercheskaya_nedvizhimost/ofis_klassa_a_s_ku_i_nds_usn_1_1100_m_8492860711,3 дня назад,"Агентство Недвижимости ""Берег Риелт""",Без Комиссии Для Арендатора! Действительно Уникальное Предложение На Рынке! Сдаются полностью оборудованные офисы площадью от 80 до 1400 кв в Иннополисе — в Технопарке им. Лобачевского! Помещение полностью готово к работе — можно заехать и начать работать без дополнительных вложений в ремонт и оснащ,2026-09-29T21:12:42.405Z,55.752222,48.749513,"Россия, Республика Татарстан (Татарстан), Верхнеуслонский район, Иннополис, Университетская улица, 5",house
4206241062,"Торговая площадь, 54.3 м²",1600,1 600 ₽ в месяц за м²,₽,₽/мес. за м²,54.3,"Ул. Ярдем, 25, Аметьево, от 31 мин.",https://www.avito.ru/kazan/kommercheskaya_nedvizhimost/torgovaya_ploschad_54.3_m_4206241062,1 неделю назад,,Коммерческое помещение в аренду ЖК «Аквамарин» — Идеальное место для вашего бизнеса! Помещение с полным ремонтом и готово к эксплуатации (ранее была кофейня). Сдается помещение свободного назначения в ЖК «Аквамарин» — уникальный шанс открыть бизнес в перспективном месте. Основные характеристики: - П,2026-09-29T21:12:42.405Z,55.738708,49.150261,"Россия, Республика Татарстан (Татарстан), Казань, улица Ярдем, 25",house
7685835302,"Свободного назначения, 50 м²",100000,100 000 ₽ в месяц,₽,₽/мес.,50,"2-я Тихорецкая ул., 10, р-н Приволжский",https://www.avito.ru/kazan/kommercheskaya_nedvizhimost/svobodnogo_naznacheniya_50_m_7685835302,7 дней назад,МИР СПЕЦТЕХНИКИ,"Сдам помещение 50 м² на первой линии у дороги! Высокий трафик, готовый ремонт. Описание: Сдаётся современное торгово-сервисное помещение площадью 50 кв. М. На оживлённой магистрали с огромным пешеходным и автомобильным трафиком. — Отличная локация: Первая линия, прямо у дороги. Видимость и проходимо",2026-09-29T21:12:42.405Z,55.731232,49.122242,"Россия, Республика Татарстан (Татарстан), Казань, 2-я Тихорецкая улица, 10",house
8236560750,"Свободного назначения, 237 м²",750000,750 000 ₽ в месяц с НДС,₽,₽/мес.,237,"Московская ул., 19/8, Кремлёвская, 6–10 мин.",https://www.avito.ru/kazan/kommercheskaya_nedvizhimost/svobodnogo_naznacheniya_237_m_8236560750,Вчера,Управляющая компания,"Помещение свободного назначения 237 м² в БЦ Кремлевская Плаза. Основной текст объявления: Сдается в прямую аренду премиальное помещение 237 кв. М на 1 этаже Бизнес-центра класса «А» «Кремлевская Плаза». Без комиссии для арендатора. Идеальное решение для размещения флагманского офиса компании, предст",2026-09-29T21:12:42.405Z,55.791562,49.105183,"Россия, Республика Татарстан (Татарстан), Казань, Московская улица, 19/8",house
8435487400,"Офис, 111.2 м², первые 2 месяца выгода 50%",166800,166 800 ₽ в месяц с НДС,₽,₽/мес.,111.2,"Техническая ул., 60Ак2, Аметьево, от 31 мин.",https://www.avito.ru/kazan/kommercheskaya_nedvizhimost/ofis_111.2_m_pervye_2_mesyatsa_vygoda_50_8435487400,11 часов назад,Армада,"Уютный офис 111.2м² с ремонтом в аренду по адресу: г. Казань, ул. Техническая, 60А, корпус 2. Первые 2 Месяца Скидка 50%: Офис 111.2² — 83 400 руб. В месяц вместо 166 800 руб. Стоимость по акции — 750 руб. /м² в месяц вместо 1 500 руб. /м². Помещения расположены на 1 этаже отдельно стоящего здания н",2026-09-29T21:12:42.405Z,55.744586,49.133175,"Россия, Республика Татарстан (Татарстан), Казань, Техническая улица, 60Ак2",house
8189154395,"Теплый бокс, 70 кв.м, с водой",45000,45 000 ₽ в месяц с НДС,₽,₽/мес.,,"Территория ГСК Сокол-92, 25/8, Авиастроительная, от 31 мин.",https://www.avito.ru/kazan/kommercheskaya_nedvizhimost/teplyy_boks_70_kv.m_s_vodoy_8189154395,7 дней назад,Аренда в Казани.,"Теплое помещение, полностью автономное, собственная скважина воды, полноценный санузел с душевой кабиной и водонагревателем. Новое помещение с высотой ворот 3 метра, потолок 4 с. Размер помещения: 6.3м. На 10м. Метров в ширину. В помещение сухо, ровное напольное покрытие, плитка, теплые полы в сануз",2026-09-29T21:12:42.405Z,55.877395,49.112792,"Россия, Республика Татарстан (Татарстан), Казань, территория ГСК Сокол-92, 25/8",house
8246246506,"Свободного назначения, 73 м²",110000,110 000 ₽ в месяц с НДС,₽,₽/мес.,73,"Ул. Академика Королёва, 22А, Северный вокзал, 6–10 мин.",https://www.avito.ru/kazan/kommercheskaya_nedvizhimost/svobodnogo_naznacheniya_73_m_8246246506,2 недели назад,,"Сдаётся объект для Вашего бизнеса. Площадь 73 м2, первая линия от дороги по ул. Королева 22 А, на перекрестке с ул. Восход. Шикарное месторасположение для любого бизнеса. Отделка стен выполнена в светлых тонах, на полу хорошая плитка. Помещение имет отдельный вход. Рядом расположена пекарня. Хороший",2026-09-29T21:12:42.405Z,55.838855,49.073823,"Россия, Республика Татарстан (Татарстан), Казань, улица Академика Королёва, 22А",house
8418286710,"Коммерция 19,3 м² с панорамными окнами",26500,26 500 ₽ в месяц с НДС,₽,₽/мес.,19.3,"Тэцевская ул., 4Б, Авиастроительная, 16–20 мин.",https://www.avito.ru/kazan/kommercheskaya_nedvizhimost/kommertsiya_193_m_s_panoramnymi_oknami_8418286710,7 дней назад,"Девелопер коммерческой недвижимости ""DC INVEST""","*Коммерческое помещение 19,3 м² с ремонтом*. Казань, ул. Тэцевская, 4Б. Сдаётся коммерческое помещение на *1 этаже* с панорамными окнами, новым ремонтом и мокрой точкой. Можно использовать под бьюти, офис, отдел продаж или другие услуги. *О помещении*. Площадь — 19,3 м². 1 этаж. Высота потолков — 3 ",2026-09-29T21:12:42.405Z,55.850403,49.065963,"Россия, Республика Татарстан (Татарстан), Казань, Тэцевская улица, 4Б",house
2210239571,"Офис, 85.7 м²",100000,100 000 ₽ в месяц,₽,₽/мес.,85.7,"Пр-т Ямашева, 90, Козья Слобода, от 31 мин.",https://www.avito.ru/kazan/kommercheskaya_nedvizhimost/ofis_85.7_m_2210239571,2 недели назад,"""Р А недвижимость""","Сдаем в аренду помещение современного формата с отдельным входом, расположенное на 1 этаже в густонаселенном жилом массиве, по адресу: г. Казань, пр-т Ямашева, д.90. Большой автомобильный и пешеходный трафик, в тоже время сам офис тихий и спокойный. Сделан хороший ремонт, находится под охранной сигн",2026-09-29T21:12:42.405Z,55.82799,49.148752,"Россия, Республика Татарстан (Татарстан), Казань, проспект Ямашева, 90",house
2590852157,"Помещение на первой линии, 17 м², в аренду",1200,1 200 ₽ в месяц за м²,₽,₽/мес. за м²,17,"Гвардейская ул., 33, Суконная слобода, 21–30 мин.",https://www.avito.ru/kazan/kommercheskaya_nedvizhimost/pomeschenie_na_pervoy_linii_17_m_v_arendu_2590852157,7 дней назад,Максим,"Сдам современный офис в аренду на Гвардейской, 33. Арендная плата 1 200 ₽/м² + коммуналка на первые три месяца, с четвертого по шестой месяц арендная ставка 1 400 рублей + коммуналка, с седьмого месяца по девятый месяц арендная ставка 1 700 рублей + коммуналка, с десятого месяца и далее арендная ста",2026-09-29T21:12:42.405Z,55.785604,49.171596,"Россия, Республика Татарстан (Татарстан), Казань, Гвардейская улица, 33",house
8285182581,"Офис с мебелью 27.0 кв.м, 1 эт",20000,20 000 ₽ в месяц,₽,₽/мес.,,"Пр-т Ямашева, 36к3, Козья Слобода, 16–20 мин.",https://www.avito.ru/kazan/kommercheskaya_nedvizhimost/ofis_s_mebelyu_27.0_kv.m_1_et_8285182581,Вчера,Аренда в Казани.,"Первая линия, наличие большой парковки, 1 эт. Светлый комфортный офис, с мебелью как на фото. Ревльная обстановка. Комфортно 3-4 человека. Офис поделен на две зоны. Имеется сейф, подводка интернета. Уборка и комуналка входит в оплату, кроме электричества. Бесплатная парковки по первой линии. Собстве",2026-09-29T21:12:42.405Z,55.827818,49.103557,"Россия, Республика Татарстан (Татарстан), Казань, проспект Ямашева, 36к3",house
8334075757,Трафик Метро 50м 1 линия 1 этаж Вытяжка,360920,360 920 ₽ в месяц,₽,₽/мес.,,"Ул. Декабристов, 114, Яшьлек, до 5 мин.",https://www.avito.ru/kazan/kommercheskaya_nedvizhimost/trafik_metro_50m_1_liniya_1_etazh_vytyazhka_8334075757,3 часа назад,ПРОСПЕРИТА,"Трафик, 50 метров от метро, 1 этаж, 1 линия, два отдельных входа с фасада, вытяжка (можно под общепит) потолки 3 м, витриные окна, вывеска над помещением, все центральные коммуникации + санузел. Соседние арендаторы добавят посетителей в ваш бизнес — Почта банк, Аптека Планета Здоровья, сетевой ортоп",2026-09-29T21:12:42.405Z,55.828738,49.082689,"Россия, Республика Татарстан (Татарстан), Казань, улица Декабристов, 114",house
4623887991,"Торговая площадь, 107 м²",350,350 ₽ в месяц за м²,₽,₽/мес. за м²,107,"Ул. Сибирский Тракт, 47, р-н Советский",https://www.avito.ru/kazan/kommercheskaya_nedvizhimost/torgovaya_ploschad_107_m_4623887991,7 дней назад,,"Торговая площадь на первой линии цокольный этаж, теплый склад. После ремонта.",2026-09-29T21:12:42.405Z,55.83526,49.193443,"Россия, Республика Татарстан (Татарстан), Казань, улица Сибирский Тракт, 47",house
7951466072,"Здание под производство, отель, 723.1 м²",150,150 ₽ в месяц за м²,₽,₽/мес. за м²,723.1,"С. Бишня, Школьная ул., 6А",https://www.avito.ru/kazan/kommercheskaya_nedvizhimost/zdanie_pod_proizvodstvo_otel_723.1_m_7951466072,7 дней назад,"АНО ""ЦКР ""Иннокам""","Двухэтажное кирпичное здание бывшего ясли-сада, есть доступ к подключению коммуникаций (теплоснабжение, электроснабжение, водоснабжение, канализация). Возможное использование: производственная деятельность, услуги населению, отель, хостел. Обязательные условия аренды: Арендатор — субъект Мсп. Минима",2026-09-29T21:12:42.405Z,55.996072,48.943873,"Россия, Республика Татарстан (Татарстан), Зеленодольский район, Бишнинское сельское поселение, село Бишня, Школьная улица, 6А",house
8275113552,Комната,25000,25 000 ₽ в месяц с НДС,₽,₽/мес.,,"Городская ул., 5В, Яшьлек, 11–15 мин.",https://www.avito.ru/kazan/kommercheskaya_nedvizhimost/komnata_8275113552,3 дня назад,Камилла Равизова,"Сдаю просторные комнаты в хостеле.    Ключевые преимущества локации:   Помещение находится в Московском районе  Удобная транспортная развязка минимизирует время на передвижение, а непосредственная близость остановки общественного транспорта гарантирует легкую доступность для посетителей.  Во дворе д",2026-09-29T21:12:42.405Z,55.83434,49.071317,"Россия, Республика Татарстан (Татарстан), Казань, Городская улица, 5В",house
8044829421,"Помещение на первой линии, 110 м²",173407,173 407 ₽ в месяц с НДС,₽,₽/мес.,110,"Пр-т Ибрагимова, 59, Яшьлек, 11–15 мин.",https://www.avito.ru/kazan/kommercheskaya_nedvizhimost/pomeschenie_na_pervoy_linii_110_m_8044829421,7 дней назад,"ООО ""Ритейл Инвест+""","Сдaетcя в аренду помещение свободного назначения по aдрecу: PТ, г. Kaзань, ул. Ибрагимова, д. 59. Пapаметры помещения: — pаcпoлoжeнo на пeрвoй линии доpoги; — плoщaдь пoмeщения — 110,1 кв. М. (см. Планировку во вложении); — отдельнaя вxоднaя группа (плюс еще один вход через тамбур «Чижика»; — первый",2026-09-29T21:12:42.405Z,55.828233,49.093667,"Россия, Республика Татарстан (Татарстан), Казань, проспект Ибрагимова, 59",house
8373575005,"Аренда ангара 941 кв.м. на Химиков,1А",800,800 ₽ в месяц за м²,₽,₽/мес. за м²,941,"Ул. Химиков, 1А, р-н Московский",https://www.avito.ru/kazan/kommercheskaya_nedvizhimost/arenda_angara_941_kv.m._na_himikov1a_8373575005,12 часов назад,МеГаРус-М,"Сдается помещение cвобoдногo нaзнaчeния по адресу: ул. Химиков, д. 1А co слeдующими xapактepиcтикaми: - пeрвый этaж; - площадь пoмещeния: 941 кв. М. (возможно арендовать часть); - выcотa потoлкoв 7 метpов; - подъемные ворота; - наличие полного пакета технической документации. Территория: - благоустр",2026-09-29T21:12:42.405Z,55.860858,49.015379,"Россия, Республика Татарстан (Татарстан), Казань, улица Химиков, 1А",house
8277426414,Свободного назначения,100000,100 000 ₽ в месяц,₽,₽/мес.,100,"Ул. Петра Полушкина, 1, Горки, от 31 мин.",https://www.avito.ru/kazan/kommercheskaya_nedvizhimost/svobodnogo_naznacheniya_8277426414,2 недели назад,For rent,"Сдается помещения 100 кв. М. 1 ый год -100000 +ком услуги. 2 ой год-180000 +ком услуги. Арендные каникулы до 4х месяцев. Подходит под кофейни, пекарни, аптека и тд. Хорошая транспортная развязка и развитая инфраструктура. Через дорогу Мега.",2026-09-29T21:12:42.405Z,55.784096,49.213421,"Россия, Республика Татарстан (Татарстан), Казань, улица Петра Полушкина, 1",house
8306216321,"Свободного назначения, 89 м²",62300,62 300 ₽ в месяц,₽,₽/мес.,89,"Ул. Блюхера, 6, Яшьлек, 6–10 мин.",https://www.avito.ru/kazan/kommercheskaya_nedvizhimost/svobodnogo_naznacheniya_89_m_8306216321,7 часов назад,Недвижимость Татарстан,"Сдается помещение свободного назначения. В Московском районе г. Казани, на ул. Блюхера, 6. Удачная планировка помещения с максимально полезной площадью. Характеристики: Общая площадь помещений 89 кв. М. 3 кабинета 52,6 м2+13,3 м2+10,5м2. 1 этаж. 2 входных группы (основная в торговый зал и разгрузо-п",2026-09-29T21:12:42.405Z,55.825826,49.072619,"Россия, Республика Татарстан (Татарстан), Казань, улица Блюхера, 6",house
8371287537,Панорамные окна 1 этаж помещение 120 м²,110000,110 000 ₽ в месяц,₽,₽/мес.,120,"Ул. Комиссара Габишева, 16А, Дубравная, 6–10 мин.",https://www.avito.ru/kazan/kommercheskaya_nedvizhimost/panoramnye_okna_1_etazh_pomeschenie_120_m_8371287537,3 дня назад,DL,"Сдаётся светлое просторное помещение 1 линия на 1 этаж 120кв. М в новом комплексе по ул. Габишева 16. А. Советский район. В помещении: -Просматриваемое угловое помещение с витражными окнами -120 кв. М,25 кв. М рядом метро Дубравная и остановка трамвай и автобус. - Ремонт арендатора, возможно перепла",2026-09-29T21:12:42.405Z,55.743036,49.230786,"Россия, Республика Татарстан (Татарстан), Казань, улица Комиссара Габишева, 16А",house
8241751439,"Свободного назначения, 90.5 м²",79000,79 000 ₽ в месяц с НДС,₽,₽/мес.,90.5,"Ул. Фатыха Амирхана, 41, Козья Слобода, от 31 мин.",https://www.avito.ru/kazan/kommercheskaya_nedvizhimost/svobodnogo_naznacheniya_90.5_m_8241751439,1 неделю назад,"АО ""ЛЕРЕНТ""","Предлагаем рассмотреть возможность аренды коммерческого помещения От Собственника, расположенного по адресу: Адрес: г. Казань, ул. Ф. Амирхана, д. 41. Основные характеристики. Площадь: 90,5 кв. М. Этаж: 2, со двора. Назначение: свободное (офис / торговое / сфера услуг / склад и др.). Высота потолков",2026-09-29T21:12:42.405Z,55.830442,49.132681,"Россия, Республика Татарстан (Татарстан), Казань, улица Фатыха Амирхана, 41",house
8344801815,Вкусное предложение на квартале,92000,92 000 ₽ в месяц,₽,₽/мес.,,"Ул. Фатыха Амирхана, 18/41, Козья Слобода, от 31 мин.",https://www.avito.ru/kazan/kommercheskaya_nedvizhimost/vkusnoe_predlozhenie_na_kvartale_8344801815,7 дней назад,АртРиэлт,Самое выгодное предложение на квартале! С выведенными мокрыми точками! Рассмотрим любой вид деятельности! Без комиссии для арендатора! * 1 линия. * порядка 10 парковочных бесплатных мест. * возможность вывески. * мокрые точки. * возможность увеличения мощностей. * 2 входа. * своя входная группа. * з,2026-09-29T21:12:42.405Z,55.836651,49.134693,"Россия, Республика Татарстан (Татарстан), Казань, улица Фатыха Амирхана, 18/41",house
7829606496,"Торговая площадь, 290 м²",870000,870 000 ₽ в месяц,₽,₽/мес.,290,"Университетская ул., 12/23, Площадь Тукая, до 5 мин.",https://www.avito.ru/kazan/kommercheskaya_nedvizhimost/torgovaya_ploschad_290_m_7829606496,Вчера,Собственник,"Сдам торговое помещение в топовой локации с максимальным пешеходным и автомобильным трафиком. Рядом расположены Казанский университет, рестораны, кафе, пешеходная улица Баумана и т. Д. Самый центр Казани. Отлично подойдет под заведения быстрого питания, столовую, кофейню и т. Д.",2026-09-29T21:12:42.405Z,55.788844,49.122108,"Россия, Республика Татарстан (Татарстан), Казань, Университетская улица, 12/23",house
8283546125,"ПСН (склад) 12,6 квм",18900,18 900 ₽ в месяц,₽,₽/мес.,12.6,"Курская ул., 3, Суконная слобода, от 31 мин.",https://www.avito.ru/kazan/kommercheskaya_nedvizhimost/psn_sklad_126_kvm_8283546125,1 неделю назад,ReАгентство,"Помещение под небольшой склад (Псн, офис), общей площадью 12,6 кв. М., расположенный по адресу: г. Казань, ул. Курская 3. 1-й этаж. Доступ 24/7. Мокрая точка. Большое окно. Клининг Моп, кабинета — по договоренности. Видеонаблюдение. Оперативный показ. Есть другие варианты на объекте. Арт. 144776816.",2026-09-29T21:12:42.405Z,55.789907,49.173626,"Россия, Республика Татарстан (Татарстан), Казань, Курская улица, 3",house
8375200759,"Торговый павильон вьезд в п.Вознесенье, 40 м²",80000,80 000 ₽ в месяц,₽,₽/мес.,40,"Ноксинский пер., 2А/1, Проспект Победы, от 31 мин.",https://www.avito.ru/kazan/kommercheskaya_nedvizhimost/torgovyy_pavilon_vezd_v_p.voznesene_40_m_8375200759,3 дня назад,ИНТЕРСЕТЬ,"Сдаю в аренду торговый павильон. Адрес Ноксинский переулок 2а/1. Вода, канализация, электричество 25квт.",2026-09-29T21:12:42.405Z,55.766349,49.247171,"Россия, Республика Татарстан (Татарстан), Казань, Ноксинский переулок, 2А/1",house
8330771870,"Сдам офисное помещение, 61.1 м²",122200,122 200 ₽ в месяц с НДС,₽,₽/мес.,61.1,"Ул. Карла Маркса, 5, Кремлёвская, 6–10 мин.",https://www.avito.ru/kazan/kommercheskaya_nedvizhimost/sdam_ofisnoe_pomeschenie_61.1_m_8330771870,7 дней назад,Альтера: Коммерческая недвижимость,"Арт. 142796685 В долгосрочную аренду предлагается просторное коммерческое помещение площадью 61,1 м², расположенное на первой линии в Вахитовском районе. Преимущества объекта: Центр города с интенсивным пешеходным и автомобильным трафиком. В непосредственной близости находятся Казанский Кремль, набе",2026-09-29T21:12:42.405Z,55.79765,49.111418,"Россия, Республика Татарстан (Татарстан), Казань, улица Карла Маркса, 5",house
7633300234,"Склад, 867 м²",780300,780 300 ₽ в месяц с НДС,₽,₽/мес.,867,"Ул. Фатыха Амирхана, 50к2, Авиастроительная, от 31 мин.",https://www.avito.ru/kazan/kommercheskaya_nedvizhimost/sklad_867_m_7633300234,7 дней назад,,"Сдается в аренду склад класса В на территории складского комплекса «Ринго» на Амирхана, 50. Теплый, высота потолков 7м, пара ворот, полы антипыль, площадка перед складом, офисный блок. Территория охраняется круглосуточно, оборудована видеонаблюдением. Складская площадь составляет 717 кв. М., офисная",2026-09-29T21:12:42.405Z,55.847856,49.138448,"Россия, Республика Татарстан (Татарстан), Казань, улица Фатыха Амирхана, 50к2",house
3754289826,"Офис (блок из 2 офисов) 2эт., 35.6 м²",41118,41 118 ₽ в месяц с НДС,₽,₽/мес.,35.6,"Ул. Халитова, 2, р-н Советский",https://www.avito.ru/kazan/kommercheskaya_nedvizhimost/ofis_blok_iz_2_ofisov_2et._35.6_m_3754289826,7 дней назад,"ООО ""Сибирский тракт""","Apендa oфисa в Kазани недоpогo! Сдaютcя офисные пoмещения в Coвeтcкoм районe г. Кaзaни, пo aдpecу ул. Xaлитова, 2Д. Помeщения нaхoдятся в чертe гoрoда, c развитoй инфpacтpуктурой. Pядoм продуктoвыe. Магазины, торговый центp. B пешей доcтупноcти оcтaнoвкa общественного транспорта, через. Которую прох",2026-09-29T21:12:42.405Z,55.819317,49.186373,"Россия, Республика Татарстан (Татарстан), Казань, улица Халитова, 2",house
8461544162,"Офис в центре города, 185 м²",1300,1 300 ₽ в месяц,₽,₽/мес.,185,"Право-Булачная ул., 13, Кремлёвская, до 5 мин.",https://www.avito.ru/kazan/kommercheskaya_nedvizhimost/ofis_v_tsentre_goroda_185_m_8461544162,2 недели назад,,Офис на 4-м этаже в Центре города. - 1-я линия улицы Право-Булачная. - площадь 185 м². - аренда: 1 300 ₽/мec. | кoмм. Плaтeжи фиксированные. - новый ремонт: сдается впервые! - много окон. Возможно расширение площади до 500 м²+ на других этажах. Планировка open-space: возможно обсудить внутреннее пер,2026-09-29T21:12:42.405Z,55.793353,49.107106,"Россия, Республика Татарстан (Татарстан), Казань, Право-Булачная улица, 13",house
8397368912,"Здание в аренду, 42.5 м²",85000,85 000 ₽ в месяц,₽,₽/мес.,42.5,"Ул. Хайдара Бигичева, 32, р-н Советский",https://www.avito.ru/kazan/kommercheskaya_nedvizhimost/zdanie_v_arendu_42.5_m_8397368912,13 часов назад,Retail Invest,"Сдаётся отдельное стоящее здание, подходящее для различные типы бизнеса площадью 42,5 кв. М: автосервис, шиномонтаж, кафе, кофейня, салон красоты, груминг, Пвз, магазин, пиццерия и т. П. Главные преимущества. — Расположено в густонаселенном районе Казани с огромным пешеходным и автомобильным трафико",2026-09-29T21:12:45.258Z,55.790868,49.226132,"Россия, Республика Татарстан (Татарстан), Казань, улица Хайдара Бигичева, 32",house
8363048800,"Сварочный цех, склад с отоплением 44 м²",600,600 ₽ в месяц за м²,₽,₽/мес. за м²,44,"Ул. Седова, 2А, Аметьево, от 31 мин.",https://www.avito.ru/kazan/kommercheskaya_nedvizhimost/svarochnyy_tseh_sklad_s_otopleniem_44_m_8363048800,3 недели назад,РиэлтРеспект,Сдаётся в аренду помещение свободного назначения. Под любые виды деятельности. Цена указана за наличный расчет! Просмотр в согласованное время.,2026-09-29T21:12:45.258Z,55.784061,49.177947,"Россия, Республика Татарстан (Татарстан), Казань, улица Седова, 2А",house
8248411435,Помещение свободного назначения,72400,72 400 ₽ в месяц,₽,₽/мес.,,"Ул. Рауиса Гареева, 103А, Дубравная, от 31 мин.",https://www.avito.ru/kazan/kommercheskaya_nedvizhimost/pomeschenie_svobodnogo_naznacheniya_8248411435,3 дня назад,DiGROUP - недвижимость и финансы,"Сдаётся помещение свободного назначения в новом ЖК Сказочный Лес. Характеристики: - общая площадь помещения 72,4 кв м; - свободная планировка; - панорамные окна; - высота потолка 4 м; - место под вывеску; - парковка. Арендные каникулы на ремонт обсуждаются. Коммунальные платежи оплачиваются отдельно",2026-09-29T21:12:45.258Z,55.72164,49.174398,"Россия, Республика Татарстан (Татарстан), Казань, улица Рауиса Гареева, 103А",house
4651888834,"Свободного назначения, 183.2 м²",274800,274 800 ₽ в месяц с НДС,₽,₽/мес.,183.2,"Танковая ул., 2, Горки, 16–20 мин.",https://www.avito.ru/kazan/kommercheskaya_nedvizhimost/svobodnogo_naznacheniya_183.2_m_4651888834,1 неделю назад,"Группа Компаний ""Спектр-М""","Сдается нежилое помещение на 1 этаже в ЖК «Авaлон cити» c видoм нa Taнковое кольцо, о. Кабaн и р. Boлгa. Помещение находится во 2 башне на 1 этаже на стилобате. Площадь помещения 183,2 кв. М. Есть другие помещения в этой и других башнях. Аренда от юр. Лица с Ндс. Дом сдан. Предусмотрен паркинг на 53",2026-09-29T21:12:45.258Z,55.752242,49.167059,"Россия, Республика Татарстан (Татарстан), Казань, Танковая улица, 2",house
8168322283,"Офис, 85 м²",999,999 ₽ в месяц с НДС,₽,₽/мес.,85,"Ул. Энгельса, 15, Козья Слобода, 21–30 мин.",https://www.avito.ru/kazan/kommercheskaya_nedvizhimost/ofis_85_m_8168322283,7 дней назад,Бизнес-центр на Энгельса,"Аренда офиса 85 м² от собственника в 7 мин от центра. Адрес: г. Казань, Кировский район, ул. Энгельса, д. 15. Площадь: 85 кв. М. Тип сделки: Прямая аренда (без комиссии). Сдается помещение общей площадью 85 квадратных метров напрямую от собственника по адресу город Казань, Кировский район, улица Энг",2026-09-29T21:12:45.258Z,55.808943,49.072197,"Россия, Республика Татарстан (Татарстан), Казань, улица Энгельса, 15",house
7325006098,Склад 122 м²,1000,1 000 ₽ в месяц за м² с НДС,₽,₽/мес. за м²,122,"Ул. Рашида Вагапова, 17Б, р-н Советский",https://www.avito.ru/kazan/kommercheskaya_nedvizhimost/sklad_122_m_7325006098,11 часов назад,Аренда «Vagapov Business Park»,"Предлагаем в аренду помещение под склад общей площадью 122 кв. М. На подвальном этаже (парковка) в новом 7 -ми этажном Бизнес-центре «Vagapov Business Park», расположенном по адресу: г. Казань, ул. Рашида Вагапова, д.17Б на первой линии. Отапливаемый, чистовая отделка, пол — упрочненный бетонный с т",2026-09-29T21:12:45.258Z,55.783043,49.228459,"Россия, Республика Татарстан (Татарстан), Казань, улица Рашида Вагапова, 17Б",house
8352635040,Цех 500 м² с кран-балкой 5тн,432000,432 000 ₽ в месяц,₽,₽/мес.,500,"Техническая ул., 58, р-н Приволжский",https://www.avito.ru/kazan/kommercheskaya_nedvizhimost/tseh_500_m_s_kran-balkoy_5tn_8352635040,7 дней назад,АЛТАН-Девелопмент,Сдается отапливаемое производственно-складское помещение площадью 480 квм с кран-балкой г/п 5тн. Так же в здании есть офисы и открытая площадка для хранения. Собственник на Усн. Отопление включено в стоимость аренды.,2026-09-29T21:12:45.258Z,55.741298,49.133669,"Россия, Республика Татарстан (Татарстан), Казань, Техническая улица, 58",house
8479345158,"Склад, 200 м²",750,750 ₽ в месяц за м² с НДС,₽,₽/мес. за м²,200,"Советский район, жилой массив Константиновка, Заречная ул., 3А, р-н Советский",https://www.avito.ru/kazan/kommercheskaya_nedvizhimost/sklad_200_m_8479345158,Вчера,,Склад в аренду + ответственное хранение. Сдаётся складское помещение от 100-200кв/м. Предлагаем: аренду склада/складской площади. Ответственное хранение товара. Погрузку и выгрузку. Услуги погрузчика. Приём и отгрузку товара. Погрузчик имеется на территории. Можем полностью взять на себя погрузочно-,2026-09-29T21:12:45.258Z,55.811573,49.268012,"Россия, Республика Татарстан (Татарстан), Казань, Советский район, жилой массив Константиновка, Заречная улица, 3А",house
8181043024,"Склад, 1080 м²",540000,540 000 ₽ в месяц с НДС,₽,₽/мес.,1080,"Д. Старое Кощаково, Промпарковая ул., 5",https://www.avito.ru/kazan/kommercheskaya_nedvizhimost/sklad_1080_m_8181043024,Вчера,Лариса,"Сдаeтcя нoвое производство-cкладcкое пoмещение по адресу д. Старое Кощаково, ул. Промпарковая, 1! В здании двое откатныx вoрoт, двa отдeльных входа. Имeется гaз, водa, кaнaлизaция. Пoлы aнтипыль с нагрузкой 6 тонн на 1 м2, 150 кв мощнocть электpoэнepгии. Пеpед зданием большaя сoбcтвеннaя паpкoвка. У",2026-09-29T21:12:45.258Z,55.82841,49.421938,"Россия, Республика Татарстан (Татарстан), Пестречинский район, Кощаковское сельское поселение, деревня Старое Кощаково, Промпарковая улица, 5",house
8002342154,Помещение с панорамным видом,1000,1 000 ₽ в месяц с НДС,₽,₽/мес.,30,"Пос. Озёрный, Производственная ул., 1",https://www.avito.ru/kazan/kommercheskaya_nedvizhimost/pomeschenie_s_panoramnym_vidom_8002342154,1 неделю назад,"Бюро Правовых Услуг ""Недвижимость и Закон""","Номер объекта: 803771. В самом центре пос. Озерный на 1 линии основной трассы до населенных пунктов Озерный, Шигали, Берновые Ковали и Горячий ключ расположен новый торговый центр Озерный! На первом этаже ТЦ Озерный располагается магазин Пятёрочка! Второй этаж в свободной планировке и с возможностью",2026-09-29T21:12:45.258Z,55.942459,49.034091,"Россия, Республика Татарстан (Татарстан), Высокогорский район, Семиозерское сельское поселение, посёлок Озёрный, Производственная улица, 1",house
8252746629,"Свободного назначения, 241.7 м²",160000,160 000 ₽ в месяц с НДС,₽,₽/мес.,241.7,"Пр-т Ибрагимова, 12/1, Северный вокзал, 6–10 мин.",https://www.avito.ru/kazan/kommercheskaya_nedvizhimost/svobodnogo_naznacheniya_241.7_m_8252746629,7 дней назад,"""Д-групп""","Сдаётся помещение свободного назначения — 241,7 м² на 1 этаже! Ул. Ибрагимова, 12. Идеально подойдёт для реализации вашего бизнеса: Пекарни и пищевого производства Пункта выдачи заказов (Ozon, Wildberries, Яндекс Маркет, Сдэк) Салона красоты, барбершопа или студии маникюра Аптеки, оптики или магазин",2026-09-29T21:12:45.258Z,55.839117,49.086795,"Россия, Республика Татарстан (Татарстан), Казань, проспект Ибрагимова, 12/1",house
8270317160,"Павильон на остановке, 20 м²",25000,25 000 ₽ в месяц,₽,₽/мес.,20,"Техническая ул., 64А, Аметьево, от 31 мин.",https://www.avito.ru/kazan/kommercheskaya_nedvizhimost/pavilon_na_ostanovke_20_m_8270317160,Вчера,"ООО ""Фестрал""","Сдается торговый павильон площадью 20 м² на первой линии по ул. Техническая, непосредственно на остановке общественного транспорта. Локация обеспечивает постоянный поток потенциальных покупателей в течение всего дня. Помещение хорошо просматривается с дороги, а вход расположен прямо на пути движения",2026-09-29T21:12:45.258Z,55.748174,49.132833,"Россия, Республика Татарстан (Татарстан), Казань, Техническая улица, 64А",house
8050840256,"Офис, 60 м², мокрая точка, доступ 24/7",1000,1 000 ₽ в месяц за м²,₽,₽/мес. за м²,60,"Ул. Фрунзе, 3А, Яшьлек, 21–30 мин.",https://www.avito.ru/kazan/kommercheskaya_nedvizhimost/ofis_60_m_mokraya_tochka_dostup_247_8050840256,Вчера,Офисные и складские помещения,"От собственника! Без комиссии! Сдается помещение на первом этаже бизнес центра, идеально подойдет для массажного салона, спа — салона, салона красоты, для кофейни, туристического агентства, пункта выдачи, медицинского центр, магазина. -Современный ремонт. -Установлен кондиционер. - Мокрая точка/Сану",2026-09-29T21:12:45.258Z,55.824304,49.045697,"Россия, Республика Татарстан (Татарстан), Казань, улица Фрунзе, 3А",house
7812193977,"Свободного назначения, 35 м²",25000,25 000 ₽ в месяц за м²,₽,₽/мес. за м²,35,"Пр-т Победы, 78, Проспект Победы, 21–30 мин.",https://www.avito.ru/kazan/kommercheskaya_nedvizhimost/svobodnogo_naznacheniya_35_m_7812193977,2 недели назад,Aziza Group агентсво,"Хорошее месторасположение на первой линии, хорошо подойдёт под: (пвз) озон, офисы, краски, обои, ламинат, двери, окна. Преимущество: густонаселенный район, выход на первую линию рядом с остановкой с собственной парковкой. Хороший пешеходный трафик, удобные подъездные пути, бесплатная парковка. Хорош",2026-09-29T21:12:45.258Z,55.763807,49.220608,"Россия, Республика Татарстан (Татарстан), Казань, проспект Победы, 78",house
8299826718,"Помещение под медклинику, офис или услуги, 94,9м",1500,1 500 ₽ в месяц за м²,₽,₽/мес. за м²,,"Ул. Анаса Тазетдинова, 4, р-н Советский",https://www.avito.ru/kazan/kommercheskaya_nedvizhimost/pomeschenie_pod_medkliniku_ofis_ili_uslugi_949m_8299826718,1 неделю назад,Bro.X: коммерческая недвижимость,"Предыдущий арендатор — стоматологическая клиника. Помещение полностью соответствует требованиям для получения медицинской лицензии. Ставка аренды указана на первые полгода. Планировка позволяет разместить несколько кабинетов, зону ожидания и стерилизационную. В каждом кабинете есть окна, мокрые точк",2026-09-29T21:12:45.259Z,55.807628,49.230175,"Россия, Республика Татарстан (Татарстан), Казань, улица Анаса Тазетдинова, 4",house
8311036096,Помещение с отдельным входом,90000,90 000 ₽ в месяц,₽,₽/мес.,50,"Пр-т Ямашева, 19Б, Козья Слобода, 11–15 мин.",https://www.avito.ru/kazan/kommercheskaya_nedvizhimost/pomeschenie_s_otdelnym_vhodom_8311036096,7 дней назад,Элеонора,"Сдаётся помещение с отдельным входом. Площадь 50 кв. М. Отдельный вход. Центральное холодное водоснабжение и канализация. Электрическая мощность по по запросу. Вытяжка. Место для вывески. Подойдет под производство, продажу алкоголя ( в т. Ч. Бар/ рюмочная) или иные законные виды деятельности. Обеспе",2026-09-29T21:12:45.259Z,55.82623,49.100539,"Россия, Республика Татарстан (Татарстан), Казань, проспект Ямашева, 19Б",house
8211774017,"Сдам помещение свободного назначения, 300 м²",450000,450 000 ₽ в месяц с НДС,₽,₽/мес.,300,"Ул. Николая Ершова, 61, р-н Советский",https://www.avito.ru/kazan/kommercheskaya_nedvizhimost/sdam_pomeschenie_svobodnogo_naznacheniya_300_m_8211774017,7 дней назад,Этажи Казань,"Эксклюзивное Предложение! 100% Реальный Объект! Сдается помещение, в Советском районе города, по улице Николая Ершова, д. 61. Сдaютcя 300м² в отдeльно стoящeм здaнии c xoрoшeй дocтупнoстью. Xаpактеристики: - 1 линия. - 2 этаж. - Oтдельная вxoдная гpуппa. - Свoя паpкoвкa на более чем 30 машино-мест. ",2026-09-29T21:12:45.259Z,55.800519,49.180498,"Россия, Республика Татарстан (Татарстан), Казань, улица Николая Ершова, 61",house
8326083874,"Склад, производство 57 м²,вода,с/у",57000,57 000 ₽ в месяц,₽,₽/мес.,57,"Пр-т Ямашева, 36Бк4, Козья Слобода, 16–20 мин.",https://www.avito.ru/kazan/kommercheskaya_nedvizhimost/sklad_proizvodstvo_57_mvodasu_8326083874,3 дня назад,TARTARIA COMMERCIAL,"Объявление содержит видео ролик. С 1 октября редлагается в аренду производственно-складское помещение. Адрес: пр. Ямашева 36 Б к 4, Общая площадь — 57 кв. М. Цена — 1000 р/кв. М. Электричество и отопление оплачиваются отдельно. Высокие потолки, ворота. Удобные подъездные пути. Имеется вода, канализа",2026-09-29T21:12:45.259Z,55.82893,49.103899,"Россия, Республика Татарстан (Татарстан), Казань, проспект Ямашева, 36Бк4",house
8435115386,"Сдам помещение свободного назначения, 46 м²",78200,78 200 ₽ в месяц,₽,₽/мес.,46,"С. Усады, ул. Тёплых Встреч, 7",https://www.avito.ru/kazan/kommercheskaya_nedvizhimost/sdam_pomeschenie_svobodnogo_naznacheniya_46_m_8435115386,7 часов назад,ООО АН «Империя»,"Арт. 145480185 Помещение С Ремонотом! ЖК Южный Парк при полной реализации проекта составляет 7 918 человек. Cдaется в аpeнду коммepчeскoe пoмeщение нa пеpвoй линии ЖК Южный пaрк, Ул. Теплых встрeч, 7. Пpеимуществo даннoгo помeщeния: Льготная Ставка На 1й Год — 1 700р. - Пepвaя линия, cтрит ритейл. -",2026-09-29T21:12:45.259Z,55.688624,49.209711,"Россия, Республика Татарстан (Татарстан), Лаишевский район, Столбищенское сельское поселение, село Усады, улица Тёплых Встреч, 7",house
8511646511,"Офис 22м2 с окном, Сабан, 2г, класс A",29295,29 295 ₽ в месяц,₽,₽/мес.,,"Ул. Сабан, 2Г, Яшьлек, 21–30 мин.",https://www.avito.ru/kazan/kommercheskaya_nedvizhimost/ofis_22m2_s_oknom_saban_2g_klass_a_8511646511,Вчера,Джойнио,"Кабинет 22м2 с окном на верхнем этаже — пространство для небольшой команды или отдела. Здесь удобно организовать рабочие места, зону приёма и хранение. Отделка под ключ, кондиционер, потолки 2,5 м, мощность электросети 1 квт. Возможен вывод мокрой точки. В 29295 /мес включены: коммунальные услуги, у",2026-09-29T21:12:45.259Z,55.825962,49.051347,"Россия, Республика Татарстан (Татарстан), Казань, улица Сабан, 2Г",house
8346149423,Помещение 204 м² в центре метро рядом своя вывеска,2000,2 000 ₽ в месяц за м²,₽,₽/мес. за м²,204,"Ул. Пушкина, 9/51, Площадь Тукая, до 5 мин.",https://www.avito.ru/kazan/kommercheskaya_nedvizhimost/pomeschenie_204_m_v_tsentre_metro_ryadom_svoya_vyveska_8346149423,7 дней назад,,"Сдаётся коммерческое помещение 204 м² в самом центре Казани — ул. Пушкина, 9. Метро, остановки и высокий пешеходный трафик буквально у входа. Арендная ставка — 2 000 ₽/м². Главное преимущество этого помещения — локация и доступность для ваших клиентов. Выход из метро находится практически у здания. ",2026-09-29T21:12:45.259Z,55.7877,49.121793,"Россия, Республика Татарстан (Татарстан), Казань, улица Пушкина, 9/51",house
8406408502,"1 эт БЦ Роторная 1д, мокрая точка",1800,1 800 ₽ в месяц за м²,₽,₽/мес. за м²,11,"Роторная ул., 1Д, Аметьево, 11–15 мин.",https://www.avito.ru/kazan/kommercheskaya_nedvizhimost/1_et_bts_rotornaya_1d_mokraya_tochka_8406408502,3 дня назад,"""САМАРТ НЕДВИЖИМОСТЬ""","Предлагаю вам рассмотреть возможность аренды помещений от 11 м² с дизайнерским ремонтом, с мокрой точкой, расположенных в деловом центре на первой линии улицы Халева / Роторная. У нас есть разные площади, много парковочных мест для вашего удобства. Звоните или пишите для получения более подробной ин",2026-09-29T21:12:45.259Z,55.766309,49.152417,"Россия, Республика Татарстан (Татарстан), Казань, Роторная улица, 1Д",house
8140498749,"Гостиница, 180 м²",280000,280 000 ₽ в месяц,₽,₽/мес.,180,"Ул. Пушкина, 52, Площадь Тукая, 6–10 мин.",https://www.avito.ru/kazan/kommercheskaya_nedvizhimost/gostinitsa_180_m_8140498749,11 часов назад,Мегаполис,"*Без комиссии. Уважаемые арендаторы! Вашему вниманию представляю для сдачи в аренду эксклюзивное помещение. Которое подходит под мини-отель, массажный салон, мед. Клинику, Spa cалон, релакс студия и т. Д. Помещение включает в себя: ресепшен,5 комнат, бытовая комната, санузел, служебное помещение, са",2026-09-29T21:12:45.259Z,55.794118,49.125647,"Россия, Республика Татарстан (Татарстан), Казань, улица Пушкина, 52",house
3626130520,"Офис, 25.7 м² 3 эт. (без лифта)",28334,28 334 ₽ в месяц с НДС,₽,₽/мес.,25.7,"Ул. Халитова, 2, р-н Советский",https://www.avito.ru/kazan/kommercheskaya_nedvizhimost/ofis_25.7_m_3_et._bez_lifta_3626130520,7 дней назад,"ООО ""Сибирский тракт""","Apeнда oфиcа в Kазани недоpогo! Сдaются офисныe помещeния в Coвeтcкoм районe г. Кaзaни, пo aдpecу ул. Xaлитова, 2. Помeщения нaхoдятся в чертe гoрoда, c развитoй инфpaстpуктурой. Pядом продуктoвыe. Магазины, торговый центр. B пешeй доcтупности oстaнoвка общественного транспорта, через. Которую прохо",2026-09-29T21:12:45.259Z,55.819317,49.186373,"Россия, Республика Татарстан (Татарстан), Казань, улица Халитова, 2",house
7944640427,"Склад, 40 м²",40000,40 000 ₽ в месяц,₽,₽/мес.,40,"Ул. Дементьева, 7А, Авиастроительная, 16–20 мин.",https://www.avito.ru/kazan/kommercheskaya_nedvizhimost/sklad_40_m_7944640427,3 дня назад,Дарья,"Сдам помещение под склад! С ремонтом, первый этаж, парковка, окна. 40 -40000 руб. 75 — 75000 руб. Р плюс коммунальные услуги по счетчику! Посещения теплые, хорошая разгрузочная зона, хорошие подъездные пути! Можно увеличитм! Есть офисы и магазины!",2026-09-29T21:12:45.259Z,55.858948,49.101419,"Россия, Республика Татарстан (Татарстан), Казань, улица Дементьева, 7А",house
8179073311,"Сдам помещение свободного назначения, 183.3 м²",201630,201 630 ₽ в месяц,₽,₽/мес.,183.3,"Ул. Хади Такташа, 2, Суконная слобода, 11–15 мин.",https://www.avito.ru/kazan/kommercheskaya_nedvizhimost/sdam_pomeschenie_svobodnogo_naznacheniya_183.3_m_8179073311,2 недели назад,Этажи Казань,"Эксклюзивное Предложение! 100% Реальный Объект! Сдается помещение, в самом центре города, по улице Хади Такташа. Помещение находиться в жилом доме на первом этаже, площадь 183.3 кв. М. - Все коммуникации проведены, ремонт закончен. - В помещение два сан узла (Прекрасно подойдёт под офисное, торговое",2026-09-29T21:12:45.259Z,55.780451,49.130426,"Россия, Республика Татарстан (Татарстан), Казань, улица Хади Такташа, 2",house
8425385983,"Свободного назначения, 80 м²",120000,120 000 ₽ в месяц с НДС,₽,₽/мес.,80,"Астрономическая ул., 11/29, Площадь Тукая, 6–10 мин.",https://www.avito.ru/kazan/kommercheskaya_nedvizhimost/svobodnogo_naznacheniya_80_m_8425385983,9 часов назад,,"Сдается помещение свободного назначения. На баумана. Можно использовать под офис, салон красоты. Можно арендовать часть. Риелторам не беспокоить. Подробную информацию уточняйте по телефону. Или смс авито.",2026-09-29T21:12:45.259Z,55.79019,49.116879,"Россия, Республика Татарстан (Татарстан), Казань, Астрономическая улица, 11/29",house
8511037381,1 этаж 1 линия 24/7,236610,236 610 ₽ в месяц,₽,₽/мес.,,"Пр-т Альберта Камалеева, 32Б, Горки, от 31 мин.",https://www.avito.ru/kazan/kommercheskaya_nedvizhimost/1_etazh_1_liniya_247_8511037381,12 часов назад,TATNED,"Арт. 145390243 Помещение Свободного Назначения — освободится с 20 мая. Советский район, 2- деловой центр Казани, плотная застройка, высокий автомобильный трафик. Преимущества объекта: 1 этаж 1 линия. 9 окон во все стороны. Высокий метраж потолков 3,79. Доступ 24/7. Место под вывеску в 2-3 стороны (н",2026-09-29T21:12:45.259Z,55.782947,49.191709,"Россия, Республика Татарстан (Татарстан), Казань, проспект Альберта Камалеева, 32Б",house
8242083156,"Сдам помещение свободного назначения, 24.7 м²",33930,33 930 ₽ в месяц,₽,₽/мес.,24.7,"Пр-т Победы, 100, Проспект Победы, 21–30 мин.",https://www.avito.ru/kazan/kommercheskaya_nedvizhimost/sdam_pomeschenie_svobodnogo_naznacheniya_24.7_m_8242083156,3 дня назад,ARE Group,"Арт. 143225750 Сдается офис №203 на Проспекте Победы 100, с подарком — собственная большая кладовая для хранения прямо в офисе. Бизнес-центр «Проспект» — 2 этажа офисов, а также помещения формата стрит-ритейл. С абсолютно новым ремонтом. Потрясающая транспортная доступность, бесплатная парковка, в э",2026-09-29T21:12:47.759Z,55.768891,49.220832,"Россия, Республика Татарстан (Татарстан), Казань, проспект Победы, 100",house
8421255090,"Свободного назначения, 1149 м²",485,485 ₽ в месяц за м² с НДС,₽,₽/мес. за м²,1149,"Ул. Мазита Гафури, 46, Площадь Тукая, 21–30 мин.",https://www.avito.ru/kazan/kommercheskaya_nedvizhimost/svobodnogo_naznacheniya_1149_m_8421255090,1 неделю назад,ЦТЭ,"Помещение свободного назначения в аренду 1 149 кв. М. (10 минут до центра). - территория Трк «Аквапарк», «mazapark», «Аквазаврия», ул. М. Гафури 46. - 2 этаж, свободная планировка, помещение разделено на две части, чистовая отделка, (высота потолка от 2,5 — 5,9м.). - общая входная группа (центральны",2026-09-29T21:12:47.759Z,55.768309,49.102084,"Россия, Республика Татарстан (Татарстан), Казань, улица Мазита Гафури, 46",house
8304002025,"Свободного назначения, 200 м²",3000,3 000 ₽ в месяц за м²,₽,₽/мес. за м²,200,"Ул. Пушкина, 9/51, Площадь Тукая, до 5 мин.",https://www.avito.ru/kazan/kommercheskaya_nedvizhimost/svobodnogo_naznacheniya_200_m_8304002025,1 неделю назад,КНК,"Сдается помещение свободного назначения на первой линии на против выход из метро станций Площадь Тукая. Помещение с ремонтом. Аренда от 100 кв. М. Большой пешеходный и автомобильный трафик. Рядом: ресторан, остановка общественного транспорта, Вузы, пешеходная улица Баумана, Казанский Кремль, ТЦ Коль",2026-09-29T21:12:47.759Z,55.7877,49.121793,"Россия, Республика Татарстан (Татарстан), Казань, улица Пушкина, 9/51",house
8148627126,"Офисы с мокрой точкой, 1этаж",14990,14 990 ₽ в месяц,₽,₽/мес.,,"Ул. Восстания, 80А, Яшьлек, 16–20 мин.",https://www.avito.ru/kazan/kommercheskaya_nedvizhimost/ofisy_s_mokroy_tochkoy_1etazh_8148627126,3 дня назад,"АН ""Диалог""","Номер объекта: 543221. Эkсkлюзивноe Предложениe НA Рынkе Нeдвижиmоctи. Бeз Koмиссии! Прeдлaгaю в apенду светлые и уютные офисы с шикарным ремонтом по адресу: г. Казань, Московский район, ул. Восстания, д.80, а. Помещение oбщeй плoщaдью 13 м2(с мокрой точкой). Аренда 14990руб. Также рядом сдаю помеще",2026-09-29T21:12:47.759Z,55.834477,49.059145,"Россия, Республика Татарстан (Татарстан), Казань, улица Восстания, 80А",house
8334191754,Отдельно стоящее здание 51 м.кв,50000,50 000 ₽ в месяц,₽,₽/мес.,51.2,"Советский район, посёлок Дербышки, Советская ул., 22В, р-н Советский",https://www.avito.ru/kazan/kommercheskaya_nedvizhimost/otdelno_stoyaschee_zdanie_51_m.kv_8334191754,Вчера,УК Гео,"Сдам коммерческое помещение в Дербишках (ул. Советская, 22). Преимущества: — Отдельно стоящее здание площадью 51,2 м². Идеально для магазина, студии или салона. — Два отдельных входа — удобно для клиентов и сотрудников. — Электроэнергия до 15 квт, выделенная линия интернета уже заведена. — Санузел и",2026-09-29T21:12:47.759Z,55.871551,49.22501,"Россия, Республика Татарстан (Татарстан), Казань, Советский район, посёлок Дербышки, Советская улица, 22В",house
8058640334,"Свободного назначения, 98.8 м²",3100,3 100 ₽ в месяц за м² с НДС,₽,₽/мес. за м²,98.8,"Ул. Алексея Козина, 9, Козья Слобода, от 31 мин.",https://www.avito.ru/kazan/kommercheskaya_nedvizhimost/svobodnogo_naznacheniya_98.8_m_8058640334,1 неделю назад,АН НОВАЯ ЖИЗНЬ,"Вашему внимаю представлено коммерческое помещение в Жилом комплексе Свобода! На данный момент в помещение выполнен ремонт под Шоурум ( магазин одежды). Вы можете сделать ремонт под себя. Удачное месторасположение, все помещения у данном доме сданы. Очень высокий пешеходны трафик. Высокие потоки, пан",2026-09-29T21:12:47.759Z,55.814396,49.138816,"Россия, Республика Татарстан (Татарстан), Казань, улица Алексея Козина, 9",house
8248313028,"Склад, 170 м²",600,600 ₽ в месяц за м²,₽,₽/мес. за м²,170,"С. Усады, ул. ДСУ, 2Б",https://www.avito.ru/kazan/kommercheskaya_nedvizhimost/sklad_170_m_8248313028,14 часов назад,ESG Коммерческая недвижимость,"Аренда Теплого Складского Помещения. Лот 1268. Объект. В аренду предлагается теплое складское помещение площадью 170 м² на закрытой охраняемой производственно-складской базе в с. Усады Лаишевского района. Объект подойдет для хранения товаров, оборудования, легкого производства и других видов деятель",2026-09-29T21:12:47.759Z,55.68027,49.212451,"Россия, Республика Татарстан (Татарстан), Лаишевский район, Столбищенское сельское поселение, село Усады, улица ДСУ, 2Б",house
8329165345,"Сдам помещение свободного назначения, 89 м²",71200,71 200 ₽ в месяц,₽,₽/мес.,89,"Спартаковская ул., 2к3, Площадь Тукая, 6–10 мин.",https://www.avito.ru/kazan/kommercheskaya_nedvizhimost/sdam_pomeschenie_svobodnogo_naznacheniya_89_m_8329165345,1 неделю назад,«Флэт»,"Предлагается в Аренду от собственника Офис в ТЦ Караван. Вход/въезд со стороны ул. Марселя Салимжанова. Полная площадь 89 квадратов цена 71.200. Рассмотрим как цельную аренду, так и по частям. Можно также целиком офис. Установлены кондиционеры, проведен интернет. При желании арендатора произвести ре",2026-09-29T21:12:47.759Z,55.781195,49.126069,"Россия, Республика Татарстан (Татарстан), Казань, Спартаковская улица, 2к3",house
8284347174,"Сдам помещение свободного назначения, 51.7 м² с НДС",94611,94 611 ₽ в месяц,₽,₽/мес.,51.7,"Пр-т Ямашева, 37Б, Козья Слобода, 16–20 мин.",https://www.avito.ru/kazan/kommercheskaya_nedvizhimost/sdam_pomeschenie_svobodnogo_naznacheniya_51.7_m_s_nds_8284347174,11 часов назад,"Девелоперская компания ""АСК Недвижимость""",Сдаю помещение без комиссии и скрытых платежей. Ндс 22% включена в стоимость. Состояние помещения — хорошее. В помещении: -Интернет. -Имеется лифт. -Отопление. -Охрана. -Санузел. -Пандус для инвалидов. -Доступ 24 часа. -Есть возможность повесить вывеску. -Кондиционер. Коммунальные платежи не входят ,2026-09-29T21:12:45.259Z,55.826271,49.113448,"Россия, Республика Татарстан (Татарстан), Казань, проспект Ямашева, 37Б",house
8245926706,"Торговая площадь, 52.3 м²",78450,78 450 ₽ в месяц,₽,₽/мес.,52.3,"С. Песчаные Ковали, Октябрьская ул., 8А",https://www.avito.ru/kazan/kommercheskaya_nedvizhimost/torgovaya_ploschad_52.3_m_8245926706,2 недели назад,"ООО "" Строительная компания Добрая""","Сдам помещение 52,3 м2 в проходном и проездном месте поселка, прямо напротив основного перекрестка. Все коммуникации. Парковка. Завершение чистовых работ октябрь-ноябрь. Также сдаются смежный помещения.",2026-09-29T21:12:47.759Z,55.623544,49.14541,"Россия, Республика Татарстан (Татарстан), Лаишевский район, Песчано-Ковалинское сельское поселение, село Песчаные Ковали, Октябрьская улица, 8А",house
8235317304,"Склад, 620 м²",350000,350 000 ₽ в месяц,₽,₽/мес.,620,"Приволжский район, жилой массив Салмачи, ул. Сабантуй, 10А, Дубравная, от 31 мин.",https://www.avito.ru/kazan/kommercheskaya_nedvizhimost/sklad_620_m_8235317304,7 дней назад,ИП Постникова С.И,"Физическая охрана. Пожарная сигнализация. Тревожная кнопка. Аренда 1 этажа 542м2 по 560 руб/м2. Предлагается в долгосрочную аренду ухоженное обособленное складское строение, расположенное на земельном участке с ограждением по периметру, обеспеченное круглосуточной профессиональной охраной и системой",2026-09-29T21:12:47.759Z,55.736468,49.26918,"Россия, Республика Татарстан (Татарстан), Казань, Приволжский район, жилой массив Салмачи, улица Сабантуй, 10А",house
8294143416,"Торговые ряды в аренду на Зорге,77",600,600 ₽ в месяц за м²,₽,₽/мес. за м²,10,"Ул. Рихарда Зорге, 77, Проспект Победы, до 5 мин.",https://www.avito.ru/kazan/kommercheskaya_nedvizhimost/torgovye_ryady_v_arendu_na_zorge77_8294143416,3 недели назад,МеГаРус-М,"Приглaшaeм Bаc стать арендaтоpом тoргoвoгo помeщeния, pacпoлoженного на цокольном этaжe пo aдpeсу: г. Казань, Рихарда Зорге, д. 77. Ocновные характepиcтики пoмещения: - цокольный этаж торгового центра; - площадь помещений в аренду: от 10кв. М, имеются разные площади; - высота потолков в помещении в ",2026-09-29T21:12:47.760Z,55.747632,49.214347,"Россия, Республика Татарстан (Татарстан), Казань, улица Рихарда Зорге, 77",house
4242635645,"Офис 19,6 м²",25480,25 480 ₽ в месяц,₽,₽/мес.,19.6,"Краснококшайская ул., 189А, Яшьлек, 21–30 мин.",https://www.avito.ru/kazan/kommercheskaya_nedvizhimost/ofis_196_m_4242635645,2 недели назад,Офисные и складские помещения,Oт собственника! Без комиссии! - Новый девяти этажный Бизнес Центр «Bilyar Business». - Удобное расположение — непосредственная близость от остановки общественного транспорта. - Большое количество Парковочных мест (для арендаторов и посетителей БЦ). - Объект находится в густонаселенном районе. - В з,2026-09-29T21:12:47.760Z,55.824693,49.04593,"Россия, Республика Татарстан (Татарстан), Казань, Краснококшайская улица, 189А",house
8121975514,"Свободного назначения, 42 м²",29000,29 000 ₽ в месяц,₽,₽/мес.,42,"Ул. Аделя Кутуя, 159, Горки, 16–20 мин.",https://www.avito.ru/kazan/kommercheskaya_nedvizhimost/svobodnogo_naznacheniya_42_m_8121975514,7 дней назад,НиР,"Сдаю отличное отапливаемое помещение под склад и офис или другой вид коммерческой деятельности по ул. Аделя Кутуя площадью 42 квм, расположенный в цокольном этаже с окнами. Рассматриваем арендаторов на долгий срок. Рядом ул. Родины Бухарская и Даурская.",2026-09-29T21:12:47.760Z,55.771747,49.186813,"Россия, Республика Татарстан (Татарстан), Казань, улица Аделя Кутуя, 159",house
8283374192,40 м² 1-я линия 1 763 чел./час 15 кВт,72000,72 000 ₽ в месяц,₽,₽/мес.,40,"Даурская ул., 42А, Горки, 6–10 мин.",https://www.avito.ru/kazan/kommercheskaya_nedvizhimost/40_m_1-ya_liniya_1_763_chel.chas_15_kvt_8283374192,3 дня назад,"ООО ""Фестрал""","Сдается торговое помещение 40 м² на ул. Даурская, 42А. 1-я линия, отдельный вход, витринное остекление. Помещение находится непосредственно на активном пешеходном и автомобильном маршруте. Пешеходный поток — 1 763 чел. /час. Автомобильный поток — 1 484 авто/час. Оба показателя значительно выше средн",2026-09-29T21:12:47.760Z,55.76602,49.181846,"Россия, Республика Татарстан (Татарстан), Казань, Даурская улица, 42А",house
8356433916,"Свободного назначения, 112.1 м²",145000,145 000 ₽ в месяц,₽,₽/мес.,112.1,"Ул. Юлиуса Фучика, 14В, Дубравная, 11–15 мин.",https://www.avito.ru/kazan/kommercheskaya_nedvizhimost/svobodnogo_naznacheniya_112.1_m_8356433916,1 неделю назад,Агентство недвижимости «Домино»,"Помещение cвoбодного назначения 112.1м² | 1 этaж. Кaзань, ул. Юлиуса Фучика, 14в Apeндa — 145 000 pуб. /мec., без Ндс. 1 этаж. Mокрая тoчкa. Отдельный вход. Парковка. Пpямая aрендa oт сoбственника, бeз кoмиcсии. Кондиционеры, кухонная зона. Сдаётcя помещeниe свобoдного назначения площадью 112,1 м² с",2026-09-29T21:12:47.760Z,55.741855,49.205354,"Россия, Республика Татарстан (Татарстан), Казань, улица Юлиуса Фучика, 14В",house
8421537022,Топ трафик первая линия 50м,120000,120 000 ₽ в месяц,₽,₽/мес.,,"Ул. Четаева, 44Д, Козья Слобода, 21–30 мин.",https://www.avito.ru/kazan/kommercheskaya_nedvizhimost/top_trafik_pervaya_liniya_50m_8421537022,6 часов назад,Центр коммерческой недвижимости,"Номер объекта: 537260. Четаева 44д первая линия, витражное остекление, отдельный вход. Площадь 50м вместо турецких товаров. Хорошая проходимость, соседи шаурма, аптека вита, овощи фрукты, мясной магазин. Большой пешеходный трафик. 120 000руб + коммунальные платежи. Внутри помещения пол плитка, потол",2026-09-29T21:12:47.760Z,55.823181,49.121335,"Россия, Республика Татарстан (Татарстан), Казань, улица Четаева, 44Д",house
8345359205,"Казань, ул.Фатыха Амирхана, д.85а, 82 м²",150000,150 000 ₽ в месяц с НДС,₽,₽/мес.,82,"Ул. Фатыха Амирхана, 85А, Северный вокзал, от 31 мин.",https://www.avito.ru/kazan/kommercheskaya_nedvizhimost/kazan_ul.fatyha_amirhana_d.85a_82_m_8345359205,2 недели назад,"Торговая сеть ""Пятёрочка""","Cдаетcя чaсть пoмещения в аренду в пpикаcсoвoй зoне мaгазинa Пятёрoчкa пo aдpесу: Казань, ул. Ф. Амирхана, д.85а. Мaгaзин pазмещаeтся на пeровoй линии. Выcoкий автомoбильный и пешeхoдный трафик. Плoщaдь площaдки пoд apeнду — 82 кв. М. Аpeндная плaта 150000 рублeй, вoзмещeние кoммунальных услуг — в з",2026-09-29T21:12:47.760Z,55.839507,49.132591,"Россия, Республика Татарстан (Татарстан), Казань, улица Фатыха Амирхана, 85А",house
8007467781,Сдам 820м² под хостел. Готовый бизнес,800,800 ₽ в месяц за м²,₽,₽/мес. за м²,820,"Ул. Красного Химика, 3, Кремлёвская, от 31 мин.",https://www.avito.ru/kazan/kommercheskaya_nedvizhimost/sdam_820m_pod_hostel._gotovyy_biznes_8007467781,Вчера,Единая арендная система,"Сдается помещение 820 кв. М на 3 этаже по адресу: Красного Химика, 3. Кабинетная планировка, санузлы, душевые. Это Готовое Решение для открытия хостела. Не тратьте бюджет на перепланировку и ремонт — можно заезжать и запускать бизнес! Парковка: Бесплатная, большая. Локация: 5-7 минут до центра Казан",2026-09-29T21:12:47.760Z,55.801946,49.064094,"Россия, Республика Татарстан (Татарстан), Казань, улица Красного Химика, 3",house
8275815420,Свободного назначения,1500,1 500 ₽ в месяц за м²,₽,₽/мес. за м²,36,"Пос. Новониколаевский, Центральная ул., 8",https://www.avito.ru/kazan/kommercheskaya_nedvizhimost/svobodnogo_naznacheniya_8275815420,2 недели назад,Лилия,"Коммерческое помещение в самом оживлённом месте п. Новониколаевский — высокий трафик каждый день! Ищете помещение, куда клиенты будут приходить сами? Тогда это предложение для вас. Адрес: п. Новониколаевский, ул. Центральная, д.8. Всего 3 минуты пешком до автобусной остановки. Подходит для: магазина",2026-09-29T21:12:47.760Z,55.898503,48.963393,"Россия, Республика Татарстан (Татарстан), Зеленодольский район, Осиновское сельское поселение, посёлок Новониколаевский, Центральная улица, 8",house
8457615455,"Торговая площадь 42,5кв ул.Вересаева 2а",95000,95 000 ₽ в месяц,₽,₽/мес.,,"Ул. Вересаева, 2А, Авиастроительная, 16–20 мин.",https://www.avito.ru/kazan/kommercheskaya_nedvizhimost/torgovaya_ploschad_425kv_ul.veresaeva_2a_8457615455,3 дня назад,ИНТЕРСЕТЬ,"Сдается торговое помещение. Адрес: ул. Вересаева 2а. Площадь 42,5кв. Все коммуникации центральные, газовое отопление. Желательно под аренду Пвз WB.",2026-09-29T21:12:47.760Z,55.871117,49.089238,"Россия, Республика Татарстан (Татарстан), Казань, улица Вересаева, 2А",house
1720790998,"Торговое помещение, 30 м² в прикассовой зоне",3500,3 500 ₽ в месяц за м² с НДС,₽,₽/мес. за м²,30,"Чистопольская ул., 11, Козья Слобода, 6–10 мин.",https://www.avito.ru/kazan/kommercheskaya_nedvizhimost/torgovoe_pomeschenie_30_m_v_prikassovoy_zone_1720790998,31 августа 09:38,"ООО ""Смарт Сервис плюс""","Предлагается в аренду помещение площадью 30 кв. М. В прикассовой зоне гипермаркета Магнит на 1 этаже Тдц «Квартал» на ул. Чистопольская д.11. Помещение правильной формы. Удобное месторасположение, рядом располагаются остановки общественного транспорта, метро. Оживленный жилой массив, хороший пешеход",2026-09-29T21:12:47.760Z,55.819975,49.107492,"Россия, Республика Татарстан (Татарстан), Казань, Чистопольская улица, 11",house
7820175256,"Свободного назначения 31 м² первый этаж ТЦ ""Идель""",49000,49 000 ₽ в месяц с НДС,₽,₽/мес.,31,"Ул. Фрунзе, 5, Яшьлек, 21–30 мин.",https://www.avito.ru/kazan/kommercheskaya_nedvizhimost/svobodnogo_naznacheniya_31_m_pervyy_etazh_tts_idel_7820175256,7 дней назад,"ООО ""Ритейл Инвест+""","Аренда фасадного помещения 31 м² в ТЦ «Идель» — Первая линия, отдельный вход! Предлагаем в аренду статусное помещение с высокими потолками и качественным ремонтом в Кировском районе Казани. Идеальное решение для бизнеса, которому важен автономный режим работы и максимальная видимость. Ключевые преим",2026-09-29T21:12:47.760Z,55.824071,49.046442,"Россия, Республика Татарстан (Татарстан), Казань, улица Фрунзе, 5",house
8270042244,"Склад, 303 м²",350,350 ₽ в месяц за м² с НДС,₽,₽/мес. за м²,303,"Ул. Журналистов, 54, р-н Советский",https://www.avito.ru/kazan/kommercheskaya_nedvizhimost/sklad_303_m_8270042244,Вчера,ildar,"Подвальное помещение как складское имеется два выхода. Помещение сухое, полы равные бетон. Имеется противопожарная сигнализация. Помещение не отапливается. Помещение можно использовать под склад, кладовку, долгосрочное хранение. Рядом со складом есть парковочные места.",2026-09-29T21:12:47.760Z,55.82221,49.195392,"Россия, Республика Татарстан (Татарстан), Казань, улица Журналистов, 54",house
8213738489,"Свободного назначения, 24 м²",60000,60 000 ₽ в месяц с НДС,₽,₽/мес.,24,"С. Усады, Дорожная ул., 16Б",https://www.avito.ru/kazan/kommercheskaya_nedvizhimost/svobodnogo_naznacheniya_24_m_8213738489,1 неделю назад,,"Сдам торговые площади в аренду! Что предлагается: Мы предлагаем в аренду торговые площади с свободной планировкой. Минимальная площадь от 24 м² и более. Условия: — Гибкая аренда: Цена меняется в зависимости от арендуемой площади. — Арендные каникулы: Мы предоставляем арендные каникулы, чтобы ваши на",2026-09-29T21:12:47.760Z,55.679118,49.21432,"Россия, Республика Татарстан (Татарстан), Лаишевский район, Столбищенское сельское поселение, село Усады, Дорожная улица, 16Б",house
8200671549,Помещения на пр. Ямашева от 19 кв.м. до 57 кв.м,15360,15 360 ₽ в месяц,₽,₽/мес.,,"Пр-т Ямашева, 36, Козья Слобода, 16–20 мин.",https://www.avito.ru/kazan/kommercheskaya_nedvizhimost/pomescheniya_na_pr._yamasheva_ot_19_kv.m._do_57_kv.m_8200671549,3 недели назад,"АН ""Диалог""","Номер объекта: 543266. Предлагаем вам в аренду cветлое, просторное помещение площадью 19,2 м2 по адресу г. Казань, пр-кт. Ямашева, д. 36. Основные характеристики: — помещение расположено втором этаже; — цена аренды 800 руб. За кв. М. ; — на этаже есть общий санузел; — балкон; — для удобства арендато",2026-09-29T21:12:47.760Z,55.828809,49.101788,"Россия, Республика Татарстан (Татарстан), Казань, проспект Ямашева, 36",house
1985273831,"Офисное пространство, 140.1 м²",1750,1 750 ₽ в месяц за м² с НДС,₽,₽/мес. за м²,140.1,"Ул. Адоратского, 2Б, Козья Слобода, от 31 мин.",https://www.avito.ru/kazan/kommercheskaya_nedvizhimost/ofisnoe_prostranstvo_140.1_m_1985273831,2 недели назад,Светлана,"Сдается офисное помещение класса А в бизнес центре « 71 Квартал» на третьем этаже площадью 140,1 кв. М, (рядом есть возможность арендовать соседний кабинет площадью 160 кв. М) с панорамным остеклением, свободной планировкой. В помещении сделан дорогой ремонт (все стены панорамно остеклены, современн",2026-09-29T21:12:47.760Z,55.82088,49.149542,"Россия, Республика Татарстан (Татарстан), Казань, улица Адоратского, 2Б",house
2473686913,"Офис, 23 м²",23000,23 000 ₽ в месяц,₽,₽/мес.,23,"Ул. Юлиуса Фучика, 90А, Проспект Победы, от 31 мин.",https://www.avito.ru/kazan/kommercheskaya_nedvizhimost/ofis_23_m_2473686913,2 недели назад,Аренда помещений в Казани,"Офисы в аренду, современном Бизнес-центре: -Удобное местоположение и хорошая транспортная доступность; -помещения сдаются с чистовой отделкой (полы керамогранит, стены окрашены, потолок Армстронг со встроенными светильника. Ми); -мощная система вентиляции и кондиционирования создают приятный климат ",2026-09-29T21:12:47.760Z,55.763493,49.234918,"Россия, Республика Татарстан (Татарстан), Казань, улица Юлиуса Фучика, 90А",house
7411830430,"Производство, 150 м²",95000,95 000 ₽ в месяц,₽,₽/мес.,150,"Ул. Восстания, 100к3143, Северный вокзал, 21–30 мин.",https://www.avito.ru/kazan/kommercheskaya_nedvizhimost/proizvodstvo_150_m_7411830430,1 неделю назад,Булат,Сдаётся в аренду тёплое производственное помещение. Подходит практически под все виды производств. До здания проложена асфальтовая дорога. Отопление и вода включены в стоимость. Есть большие ворота для погрузки/выгрузки.,2026-09-29T21:12:47.760Z,55.839067,49.055354,"Россия, Республика Татарстан (Татарстан), Казань, улица Восстания, 100к3143",house
8244689267,"Офис на Островского, 17 м²",25500,25 500 ₽ в месяц,₽,₽/мес.,17,"Ул. Островского, 67, Площадь Тукая, до 5 мин.",https://www.avito.ru/kazan/kommercheskaya_nedvizhimost/ofis_na_ostrovskogo_17_m_8244689267,3 недели назад,Loft Offices,"Стильный офис на Островского. - площадь 17 м². - аренда 25 500 ₽/мес. | комм. Платежи фиксированные. - новый ремонт в стиле Loft. - установлен кондиционер. - доступ 24/7. Локация. Центр города: ул. Островского, Петербургская, Спартаковская. Станция метро «Площадь Тукая», рядом СК «Баскотхолл» и Парк",2026-09-29T21:12:47.760Z,55.783645,49.125916,"Россия, Республика Татарстан (Татарстан), Казань, улица Островского, 67",house
7756069677,"Свободного назначения, 110 м²",515000,515 000 ₽ в месяц с НДС,₽,₽/мес.,110,"Ул. Баумана, 9А, Кремлёвская, до 5 мин.",https://www.avito.ru/kazan/kommercheskaya_nedvizhimost/svobodnogo_naznacheniya_110_m_7756069677,1 неделю назад,"Бизнес-центр ""Казанское подворье""","Премиум Помещение В Самом Сердце Барной Зоны! Адрес: ул. Баумана, 9а (вход с ул. Профсоюзная). Идеально Для: бара, кафе, кофейни или бутика. Ключевые Преимущества: Улица Профсоюзная — Главная Барная Территория! Улица Профсоюзная известна как главная «барная» улица Казани, привлекающая тысячи гостей ",2026-09-29T21:12:47.760Z,55.792893,49.112037,"Россия, Республика Татарстан (Татарстан), Казань, улица Баумана, 9А",house
7315403268,"Производство, 1510 м²",990000,990 000 ₽ в месяц,₽,₽/мес.,1510,"Ул. Восстания, 100к3140, Северный вокзал, 21–30 мин.",https://www.avito.ru/kazan/kommercheskaya_nedvizhimost/proizvodstvo_1510_m_7315403268,Вчера,Булат,Сдается тёплое производственно-складское помещение на территории Технополиса Химград. В данный момент использзуется как склад. Подходит под любые виды производства. До этого использовался как цех производства железобетонных изделий. Есть своя ж/д ветка до Станции Восстание с возможностью получения и,2026-09-29T21:12:47.760Z,55.83932,49.054402,"Россия, Республика Татарстан (Татарстан), Казань, улица Восстания, 100к3140",house
7774685060,"Свободного назначения, 246.5 м²",500,500 ₽ в месяц за м² с НДС,₽,₽/мес. за м²,246.5,"Ул. Рахимова, 20, Северный вокзал, от 31 мин.",https://www.avito.ru/kazan/kommercheskaya_nedvizhimost/svobodnogo_naznacheniya_246.5_m_7774685060,7 дней назад,,"Сдаем помещение под склад, производство. Помещение отапливаемое. Все помещение используется как производственное или складское — 246,5 кв. М. Свой санузел. 2 этаж, грузовой лифт. Круглосуточный доступ. Удобные подьездные пути. Бетонная разгрузочная площадка. Бесплатная парковка рядом со зданием. Без",2026-09-29T21:12:47.760Z,55.840907,49.033318,"Россия, Республика Татарстан (Татарстан), Казань, улица Рахимова, 20",house
7979090859,"Офис, 620.4 м²",1116720,1 116 720 ₽ в месяц с НДС,₽,₽/мес.,620.4,"Право-Булачная ул., 35/2, Кремлёвская, 6–10 мин.",https://www.avito.ru/kazan/kommercheskaya_nedvizhimost/ofis_620.4_m_7979090859,2 недели назад,Бизнес-центр Булак,"Площадь 620,4 м², закрытый Блок-офис со свежим современным ремонтом. Планировка смешанная: Open-space сочетается с обособленными кабинетами, комнатой отдыха-кухни, полноценной большой переговорной, спортивной комнатой, душевой, шумоизолированной телефонной комнатой. Офисный центр Класса А в 5 минута",2026-09-29T21:12:47.760Z,55.790084,49.110879,"Россия, Республика Татарстан (Татарстан), Казань, Право-Булачная улица, 35/2",house
8284106572,Помещение свободного назначения,137700,137 700 ₽ в месяц,₽,₽/мес.,91.8,"Парковая ул., 2, р-н Советский",https://www.avito.ru/kazan/kommercheskaya_nedvizhimost/pomeschenie_svobodnogo_naznacheniya_8284106572,7 дней назад,Самолет Плюс,"Арт. 144265695 Аренда коммерческого помещения 91,8 м² на Парковой — готовое решение для розницы и сервиса по выгодной цене. Предлагается в долгосрочную аренду нежилое торговое помещение общей площадью 91,8 м² на 1 этаже кирпичного жилого дома по ул. Парковая в Казани. Отдельный вход с улицы, наземна",2026-09-29T21:12:47.760Z,55.865101,49.219934,"Россия, Республика Татарстан (Татарстан), Казань, Парковая улица, 2",house
8052661731,"Свободного назначения, 110 м²",2000,2 000 ₽ в месяц за м² с НДС,₽,₽/мес. за м²,110,"Пр-т Победы, 220Б, р-н Советский",https://www.avito.ru/kazan/kommercheskaya_nedvizhimost/svobodnogo_naznacheniya_110_m_8052661731,1 неделю назад,ТЦ Птичий Рынок,"Сдаешься в долгосрочную аренду помещение на первой линии по пр. Победы ( от собственника, без комиссий). В здании функционирует Магнит и цветочный салон. Отличное помещение с высокими потолками под торговлю, склад, общепит ( под любой вид бизнеса).",2026-09-29T21:12:47.760Z,55.806332,49.206019,"Россия, Республика Татарстан (Татарстан), Казань, проспект Победы, 220Б",house
4716347575,Офис,36205,36 205 ₽ в месяц,₽,₽/мес.,,"Ул. Габдуллы Тукая, 91, Площадь Тукая, 16–20 мин.",https://www.avito.ru/kazan/kommercheskaya_nedvizhimost/ofis_4716347575,1 неделю назад,,"Офисное помещение на 4 этаже, с окнами, свежий ремонт. Коммуналка включена в стоимость. Электроэнергия оплачивается по счётчику. О других свободных помещениях уточняйте по телефону.",2026-09-29T21:12:47.760Z,55.774431,49.120086,"Россия, Республика Татарстан (Татарстан), Казань, улица Габдуллы Тукая, 91",house
8425333296,Офис с выгодой первые 2 месяца аренды,18276,18 276 ₽ в месяц с НДС,₽,₽/мес.,25.02,"Ул. Журналистов, 34И, р-н Советский",https://www.avito.ru/kazan/kommercheskaya_nedvizhimost/ofis_s_vygodoy_pervye_2_mesyatsa_arendy_8425333296,1 неделю назад,Армада,"Аренда офиса в Казани: готовые кабинеты в БЦ «Армада» без комиссии! Мечтаете начать работу без задержек и переплат? В БЦ «Армада» (ул. Журналистов, 34И). Ставка: 1 200 руб. /м². Коммунальные услуги оплачиваются отдельно. Супервыгода: скидка 50 % на первые 2 месяца! Офис 25,02 м² всего за 15 012 р. П",2026-09-29T21:12:47.760Z,55.815489,49.188017,"Россия, Республика Татарстан (Татарстан), Казань, улица Журналистов, 34И",house
8153834349,"Свободного назначения, 100.5 м²",300000,300 000 ₽ в месяц,₽,₽/мес.,100.5,"Ул. Островского, 116, Суконная слобода, до 5 мин.",https://www.avito.ru/kazan/kommercheskaya_nedvizhimost/svobodnogo_naznacheniya_100.5_m_8153834349,1 неделю назад,Андрей,"Новый, современный ЖК Castura Tawn. Дом Сдан! Центр города. Первый этаж. Первая Линия, вход с улице Островского! Два входа на улицу Островского без ступеней! Подземный паркинг. Панорамные окна! Высота потолка 4,2 м. Индивидуальное отопление. Приточно-вытяжная вентиляция. Пожарная и охранная сигнализ",2026-09-29T21:12:47.760Z,55.776411,49.139472,"Россия, Республика Татарстан (Татарстан), Казань, улица Островского, 116",house
8352083599,"Свободного назначения, 26 м²",1800,1 800 ₽ в месяц за м²,₽,₽/мес. за м²,26,"Ул. Рихарда Зорге, 67, Проспект Победы, до 5 мин.",https://www.avito.ru/kazan/kommercheskaya_nedvizhimost/svobodnogo_naznacheniya_26_m_8352083599,3 дня назад,"ООО ""КФ ""Нарагуэль""","Собственник сдает в аренду нежилое помещение свободного назначения в г. Казань ул Рихарда Зорге д.67, в действующем торговом центре Давыдов. Цокольный этаж, в действующей торговой галерее среди промтоваров. Помещение идеально подходит под розничный магазин, алкогольный магазин. Центральное отопление",2026-09-29T21:12:47.760Z,55.749045,49.211912,"Россия, Республика Татарстан (Татарстан), Казань, улица Рихарда Зорге, 67",house
8282678937,Торговый павильон выезд из города,25000,25 000 ₽ в месяц,₽,₽/мес.,25,"Ул. Вересаева, 2А, Авиастроительная, 16–20 мин.",https://www.avito.ru/kazan/kommercheskaya_nedvizhimost/torgovyy_pavilon_vyezd_iz_goroda_8282678937,2 недели назад,ИНТЕРСЕТЬ,"Сдаю в аренду торговый павильон 25кв. М. Адрес: ул. Вересаева 2а. Коммуникации: вода/канализация, электричество. Сдаю в аренду торговый павильон. Площадь 25кв, 50кв. Адрес: ул. Вересаева 2а. Все коммуникации. Рядом Ozon Качество. Аптека Вобла Beer.",2026-09-29T21:12:47.760Z,55.871117,49.089238,"Россия, Республика Татарстан (Татарстан), Казань, улица Вересаева, 2А",house
1994945180,"Свободного назначения, 55 м²",2200,2 200 ₽ в месяц за м²,₽,₽/мес. за м²,55,"Чистопольская ул., 61Д, Козья Слобода, 21–30 мин.",https://www.avito.ru/kazan/kommercheskaya_nedvizhimost/svobodnogo_naznacheniya_55_m_1994945180,7 дней назад,Партнер,"Сдается помещение свободного назначения. С отличной отделкой. Просторное и светлое помещение. Большое витражное остекление, которая выходит на пр. Амирхана. Дизайнерская отделка сделана из дорогих и качественных материалов: стены покраска, пол полностью кафель отличного качества, потолок полностью Г",2026-09-29T21:12:47.760Z,55.819975,49.134927,"Россия, Республика Татарстан (Татарстан), Казань, Чистопольская улица, 61Д",house
8247685746,Офис,14400,14 400 ₽ в месяц,₽,₽/мес.,,"Ул. Родины, 7Е, Горки, 21–30 мин.",https://www.avito.ru/kazan/kommercheskaya_nedvizhimost/ofis_8247685746,1 неделю назад,Барси,,2026-09-29T21:12:47.760Z,55.771155,49.198437,"Россия, Республика Татарстан (Татарстан), Казань, улица Родины, 7Е",house
8493768877,Сдам помещение,35000,35 000 ₽ в месяц,₽,₽/мес.,30,"Ул. Восстания, 80А, Яшьлек, 16–20 мин.",https://www.avito.ru/kazan/kommercheskaya_nedvizhimost/sdam_pomeschenie_8493768877,Вчера,АРР Управляющая компания,"Готовый Бизнес-Лофт. Готовый Бизнес-Лофт 30 м² | Отдельный вход + Санузел | Закрытая парковка. Статус: «Заезжай и работай». Никаких ремонтов, только прибыль с первого дня. Предлагается к аренде премиальное помещение свободного назначения 30 кв. М на первом этаже в Московском районе. Объект расположе",2026-09-29T21:12:47.760Z,55.834477,49.059145,"Россия, Республика Татарстан (Татарстан), Казань, улица Восстания, 80А",house
8354323340,Торговый павильон,90000,90 000 ₽ в месяц,₽,₽/мес.,,"Ул. Космонавтов, 47А, р-н Советский",https://www.avito.ru/kazan/kommercheskaya_nedvizhimost/torgovyy_pavilon_8354323340,2 недели назад,,"Сдается в аренду торговый павильон. Коммуникации: электричество. Торговый павильон расположен на остановке общественного транспорта. Рядом: Универмаг Эрком, алкомаркет, кондитерка, овощи-фрукты. Отличный вариант под: общепит, колбасы-сыры, пункт выдачи товаров, вейпы, копи центр. Рассмотрим все вари",2026-09-29T21:12:47.760Z,55.798409,49.192437,"Россия, Республика Татарстан (Татарстан), Казань, улица Космонавтов, 47А",house
8377460113,"Салон красоты (ПСН) 15,3 квм",22950,22 950 ₽ в месяц,₽,₽/мес.,15.3,"Курская ул., 3, Суконная слобода, от 31 мин.",https://www.avito.ru/kazan/kommercheskaya_nedvizhimost/salon_krasoty_psn_153_kvm_8377460113,1 неделю назад,ReАгентство,"Помещение под салон красоты (Псн, офис), общей площадью 15,3 кв. М., расположенный по адресу: г. Казань, ул. Курская 3. 1-й этаж. Доступ 24/7. Мокрая точка. Большое окно. Клининг Моп, кабинета — по договоренности. Видеонаблюдение. Оперативный показ. Есть другие варианты на объекте. Арт. 144776209.",2026-09-29T21:12:47.760Z,55.789907,49.173626,"Россия, Республика Татарстан (Татарстан), Казань, Курская улица, 3",house
8320198866,"Офис с новым ремонтом, 52 м²",70470,70 470 ₽ в месяц,₽,₽/мес.,52,"Ул. Маршала Чуйкова, 2В, Яшьлек, 16–20 мин.",https://www.avito.ru/kazan/kommercheskaya_nedvizhimost/ofis_s_novym_remontom_52_m_8320198866,7 дней назад,2 А-Недвижимость,"Офис с Ндс в Бизнес-центре на Чуйкова 2, к.3. Идеальный офис — 52,2 кв м. - офисная отделка, ремонт 2026; все коммуникации подключены; - кондиционер в офисе/ мокрая точка; - зона ресепшн и отдыха /комфортные уборные на этаже ; большая парковка на прилегающей территории; - большой автомобильный и пеш",2026-09-29T21:12:47.760Z,55.835296,49.103144,"Россия, Республика Татарстан (Татарстан), Казань, улица Маршала Чуйкова, 2к3",house
8356061595,"Офис класса А с К/У и НДС, УСН 1%, 136 м²",203990,203 990 ₽ в месяц с НДС,₽,₽/мес.,136,"Иннополис, Университетская ул., 7",https://www.avito.ru/kazan/kommercheskaya_nedvizhimost/ofis_klassa_a_s_ku_i_nds_usn_1_136_m_8356061595,3 дня назад,"Агентство Недвижимости ""Берег Риелт""",Без Комиссии Для Арендатора! Действительно Уникальное Предложение На Рынке! Сдаются полностью оборудованные офисы площадью от 80 до 1400 кв в Иннополисе — в Технопарке им. А. С. Попова! Помещение полностью готово к работе — можно заехать и начать работать без дополнительных вложений в ремонт и оснащ,2026-09-29T21:12:47.760Z,55.751837,48.751597,"Россия, Республика Татарстан (Татарстан), Верхнеуслонский район, Иннополис, Университетская улица, 7",house
8314026316,ЖК нокса парк соседи вейпы и озон WB 15м,35000,35 000 ₽ в месяц,₽,₽/мес.,,"Ул. Анаса Тазетдинова, 7к1, р-н Советский",https://www.avito.ru/kazan/kommercheskaya_nedvizhimost/zhk_noksa_park_sosedi_veypy_i_ozon_wb_15m_8314026316,2 недели назад,Центр коммерческой недвижимости,"Номер объекта: 537247. Жк нокса парк, сдается 15м за 35 000 руб + ку. Анаса тазетдинова 7к7. Новый свежий ремонт. Пол плитка, сан узел в кафеле. Соседние арендаторы в помещении вейпы, озон и wb. Вдоль улицы соседи алкогольный магазин хочу еще. Скоро будет открыта школа рядом с домом. Наша компания b",2026-09-29T21:12:47.760Z,55.805761,49.223545,"Россия, Республика Татарстан (Татарстан), Казань, улица Анаса Тазетдинова, 7к1",house
